CUSEC,CUMUN,CSEC,CDIS,CMUN,CPRO,CCA,CUDIS,CLAU2,NPRO,NCA,CNUT0,CNUT1,CNUT2,CNUT3,NMUN,CUSEC_KEY,POP_2025
2201901001,22019,001,01,019,22,02,2201901,22019,Huesca,Aragón,ES,2,4,1,Alerre,2201901001,224
2202001001,22020,001,01,020,22,02,2202001,22020,Huesca,Aragón,ES,2,4,1,Alfántega,2202001001,128
2202101001,22021,001,01,021,22,02,2202101,22021,Huesca,Aragón,ES,2,4,1,Almudévar,2202101001,978
2202101002,22021,002,01,021,22,02,2202101,22021,Huesca,Aragón,ES,2,4,1,Almudévar,2202101002,1473
2202201001,22022,001,01,022,22,02,2202201,22022,Huesca,Aragón,ES,2,4,1,Almunia de San Juan,2202201001,737
2202301001,22023,001,01,023,22,02,2202301,22023,Huesca,Aragón,ES,2,4,1,Almuniente,2202301001,450
2202401001,22024,001,01,024,22,02,2202401,22024,Huesca,Aragón,ES,2,4,1,Alquézar,2202401001,325
2202501001,22025,001,01,025,22,02,2202501,22025,Huesca,Aragón,ES,2,4,1,Altorricón,2202501001,1496
2202701001,22027,001,01,027,22,02,2202701,22027,Huesca,Aragón,ES,2,4,1,Angüés,2202701001,349
2202801001,22028,001,01,028,22,02,2202801,22028,Huesca,Aragón,ES,2,4,1,Ansó,2202801001,409
2202901001,22029,001,01,029,22,02,2202901,22029,Huesca,Aragón,ES,2,4,1,Antillón,2202901001,127
2203201001,22032,001,01,032,22,02,2203201,22032,Huesca,Aragón,ES,2,4,1,Aragüés del Puerto,2203201001,123
2203501001,22035,001,01,035,22,02,2203501,22035,Huesca,Aragón,ES,2,4,1,Arén,2203501001,307
2203601001,22036,001,01,036,22,02,2203601,22036,Huesca,Aragón,ES,2,4,1,Argavieso,2203601001,109
2203701001,22037,001,01,037,22,02,2203701,22037,Huesca,Aragón,ES,2,4,1,Arguis,2203701001,168
2203901001,22039,001,01,039,22,02,2203901,22039,Huesca,Aragón,ES,2,4,1,Ayerbe,2203901001,1051
2204001001,22040,001,01,040,22,02,2204001,22040,Huesca,Aragón,ES,2,4,1,Azanuy-Alins,2204001001,184
2204101001,22041,001,01,041,22,02,2204101,22041,Huesca,Aragón,ES,2,4,1,Azara,2204101001,167
2204201001,22042,001,01,042,22,02,2204201,22042,Huesca,Aragón,ES,2,4,1,Azlor,2204201001,155
2200101001,22001,001,01,001,22,02,2200101,22001,Huesca,Aragón,ES,2,4,1,Abiego,2200101001,259
2200201001,22002,001,01,002,22,02,2200201,22002,Huesca,Aragón,ES,2,4,1,Abizanda,2200201001,161
2200301001,22003,001,01,003,22,02,2200301,22003,Huesca,Aragón,ES,2,4,1,Adahuesca,2200301001,196
2200401001,22004,001,01,004,22,02,2200401,22004,Huesca,Aragón,ES,2,4,1,Agüero,2200401001,144
2200601001,22006,001,01,006,22,02,2200601,22006,Huesca,Aragón,ES,2,4,1,Aisa,2200601001,327
2200701001,22007,001,01,007,22,02,2200701,22007,Huesca,Aragón,ES,2,4,1,Albalate de Cinca,2200701001,1111
2200801001,22008,001,01,008,22,02,2200801,22008,Huesca,Aragón,ES,2,4,1,Albalatillo,2200801001,223
2200901001,22009,001,01,009,22,02,2200901,22009,Huesca,Aragón,ES,2,4,1,Albelda,2200901001,727
2201101001,22011,001,01,011,22,02,2201101,22011,Huesca,Aragón,ES,2,4,1,Albero Alto,2201101001,123
2201201001,22012,001,01,012,22,02,2201201,22012,Huesca,Aragón,ES,2,4,1,Albero Bajo,2201201001,109
2201301001,22013,001,01,013,22,02,2201301,22013,Huesca,Aragón,ES,2,4,1,Alberuela de Tubo,2201301001,270
2201401001,22014,001,01,014,22,02,2201401,22014,Huesca,Aragón,ES,2,4,1,Alcalá de Gurrea,2201401001,264
2201501001,22015,001,01,015,22,02,2201501,22015,Huesca,Aragón,ES,2,4,1,Alcalá del Obispo,2201501001,394
2201601001,22016,001,01,016,22,02,2201601,22016,Huesca,Aragón,ES,2,4,1,Alcampell,2201601001,648
2201701001,22017,001,01,017,22,02,2201701,22017,Huesca,Aragón,ES,2,4,1,Alcolea de Cinca,2201701001,1138
2201801001,22018,001,01,018,22,02,2201801,22018,Huesca,Aragón,ES,2,4,1,Alcubierre,2201801001,399
2204301001,22043,001,01,043,22,02,2204301,22043,Huesca,Aragón,ES,2,4,1,Baélls,2204301001,91
2204401001,22044,001,01,044,22,02,2204401,22044,Huesca,Aragón,ES,2,4,1,Bailo,2204401001,263
2204501001,22045,001,01,045,22,02,2204501,22045,Huesca,Aragón,ES,2,4,1,Baldellou,2204501001,81
2204601001,22046,001,01,046,22,02,2204601,22046,Huesca,Aragón,ES,2,4,1,Ballobar,2204601001,870
2204701001,22047,001,01,047,22,02,2204701,22047,Huesca,Aragón,ES,2,4,1,Banastás,2204701001,337
2204801002,22048,002,01,048,22,02,2204801,22048,Huesca,Aragón,ES,2,4,1,Barbastro,2204801002,1815
2204801003,22048,003,01,048,22,02,2204801,22048,Huesca,Aragón,ES,2,4,1,Barbastro,2204801003,1058
2204801004,22048,004,01,048,22,02,2204801,22048,Huesca,Aragón,ES,2,4,1,Barbastro,2204801004,1226
2204801005,22048,005,01,048,22,02,2204801,22048,Huesca,Aragón,ES,2,4,1,Barbastro,2204801005,2405
2204801006,22048,006,01,048,22,02,2204801,22048,Huesca,Aragón,ES,2,4,1,Barbastro,2204801006,1346
2204801007,22048,007,01,048,22,02,2204801,22048,Huesca,Aragón,ES,2,4,1,Barbastro,2204801007,1725
2204801008,22048,008,01,048,22,02,2204801,22048,Huesca,Aragón,ES,2,4,1,Barbastro,2204801008,1275
2204801009,22048,009,01,048,22,02,2204801,22048,Huesca,Aragón,ES,2,4,1,Barbastro,2204801009,970
2204801010,22048,010,01,048,22,02,2204801,22048,Huesca,Aragón,ES,2,4,1,Barbastro,2204801010,2626
2204801011,22048,011,01,048,22,02,2204801,22048,Huesca,Aragón,ES,2,4,1,Barbastro,2204801011,2041
2204801012,22048,012,01,048,22,02,2204801,22048,Huesca,Aragón,ES,2,4,1,Barbastro,2204801012,1312
2204901001,22049,001,01,049,22,02,2204901,22049,Huesca,Aragón,ES,2,4,1,Barbués,2204901001,97
2205001001,22050,001,01,050,22,02,2205001,22050,Huesca,Aragón,ES,2,4,1,Barbuñales,2205001001,93
2205101001,22051,001,01,051,22,02,2205101,22051,Huesca,Aragón,ES,2,4,1,Bárcabo,2205101001,116
2205201001,22052,001,01,052,22,02,2205201,22052,Huesca,Aragón,ES,2,4,1,Belver de Cinca,2205201001,1284
2205301001,22053,001,01,053,22,02,2205301,22053,Huesca,Aragón,ES,2,4,1,Benabarre,2205301001,1146
2205401001,22054,001,01,054,22,02,2205401,22054,Huesca,Aragón,ES,2,4,1,Benasque,2205401001,2366
2205501001,22055,001,01,055,22,02,2205501,22055,Huesca,Aragón,ES,2,4,1,Berbegal,2205501001,321
2205701001,22057,001,01,057,22,02,2205701,22057,Huesca,Aragón,ES,2,4,1,Bielsa,2205701001,478
2205801001,22058,001,01,058,22,02,2205801,22058,Huesca,Aragón,ES,2,4,1,Bierge,2205801001,241
2205901001,22059,001,01,059,22,02,2205901,22059,Huesca,Aragón,ES,2,4,1,Biescas,2205901001,1646
2206001001,22060,001,01,060,22,02,2206001,22060,Huesca,Aragón,ES,2,4,1,Binaced,2206001001,1680
2206101001,22061,001,01,061,22,02,2206101,22061,Huesca,Aragón,ES,2,4,1,Binéfar,2206101001,2361
2206101002,22061,002,01,061,22,02,2206101,22061,Huesca,Aragón,ES,2,4,1,Binéfar,2206101002,2507
2206101003,22061,003,01,061,22,02,2206101,22061,Huesca,Aragón,ES,2,4,1,Binéfar,2206101003,2331
2206101004,22061,004,01,061,22,02,2206101,22061,Huesca,Aragón,ES,2,4,1,Binéfar,2206101004,2970
2206201001,22062,001,01,062,22,02,2206201,22062,Huesca,Aragón,ES,2,4,1,Bisaurri,2206201001,176
2206301001,22063,001,01,063,22,02,2206301,22063,Huesca,Aragón,ES,2,4,1,Biscarrués,2206301001,190
2206401001,22064,001,01,064,22,02,2206401,22064,Huesca,Aragón,ES,2,4,1,Blecua y Torres,2206401001,175
2206601001,22066,001,01,066,22,02,2206601,22066,Huesca,Aragón,ES,2,4,1,Boltaña,2206601001,1091
2206701001,22067,001,01,067,22,02,2206701,22067,Huesca,Aragón,ES,2,4,1,Bonansa,2206701001,85
2206801001,22068,001,01,068,22,02,2206801,22068,Huesca,Aragón,ES,2,4,1,Borau,2206801001,77
2206901001,22069,001,01,069,22,02,2206901,22069,Huesca,Aragón,ES,2,4,1,Broto,2206901001,617
2207201001,22072,001,01,072,22,02,2207201,22072,Huesca,Aragón,ES,2,4,1,Caldearenas,2207201001,222
2207401001,22074,001,01,074,22,02,2207401,22074,Huesca,Aragón,ES,2,4,1,Campo,2207401001,496
2207501001,22075,001,01,075,22,02,2207501,22075,Huesca,Aragón,ES,2,4,1,Camporrélls,2207501001,152
2207601001,22076,001,01,076,22,02,2207601,22076,Huesca,Aragón,ES,2,4,1,Canal de Berdún,2207601001,321
2207701001,22077,001,01,077,22,02,2207701,22077,Huesca,Aragón,ES,2,4,1,Candasnos,2207701001,475
2207801001,22078,001,01,078,22,02,2207801,22078,Huesca,Aragón,ES,2,4,1,Canfranc,2207801001,632
2207901001,22079,001,01,079,22,02,2207901,22079,Huesca,Aragón,ES,2,4,1,Capdesaso,2207901001,192
2208001001,22080,001,01,080,22,02,2208001,22080,Huesca,Aragón,ES,2,4,1,Capella,2208001001,358
2208101001,22081,001,01,081,22,02,2208101,22081,Huesca,Aragón,ES,2,4,1,Casbas de Huesca,2208101001,287
2208201001,22082,001,01,082,22,02,2208201,22082,Huesca,Aragón,ES,2,4,1,Castejón del Puente,2208201001,359
2208301001,22083,001,01,083,22,02,2208301,22083,Huesca,Aragón,ES,2,4,1,Castejón de Monegros,2208301001,458
2208401001,22084,001,01,084,22,02,2208401,22084,Huesca,Aragón,ES,2,4,1,Castejón de Sos,2208401001,834
2208501001,22085,001,01,085,22,02,2208501,22085,Huesca,Aragón,ES,2,4,1,Castelflorite,2208501001,102
2208601001,22086,001,01,086,22,02,2208601,22086,Huesca,Aragón,ES,2,4,1,Castiello de Jaca,2208601001,280
2208701001,22087,001,01,087,22,02,2208701,22087,Huesca,Aragón,ES,2,4,1,Castigaleu,2208701001,80
2208801001,22088,001,01,088,22,02,2208801,22088,Huesca,Aragón,ES,2,4,1,Castillazuelo,2208801001,168
2208901001,22089,001,01,089,22,02,2208901,22089,Huesca,Aragón,ES,2,4,1,Castillonroy,2208901001,339
2209001001,22090,001,01,090,22,02,2209001,22090,Huesca,Aragón,ES,2,4,1,Colungo,2209001001,127
2209401001,22094,001,01,094,22,02,2209401,22094,Huesca,Aragón,ES,2,4,1,Chalamera,2209401001,119
2209501001,22095,001,01,095,22,02,2209501,22095,Huesca,Aragón,ES,2,4,1,Chía,2209501001,90
2209601001,22096,001,01,096,22,02,2209601,22096,Huesca,Aragón,ES,2,4,1,Chimillas,2209601001,407
2209901001,22099,001,01,099,22,02,2209901,22099,Huesca,Aragón,ES,2,4,1,Esplús,2209901001,675
2210201001,22102,001,01,102,22,02,2210201,22102,Huesca,Aragón,ES,2,4,1,Estada,2210201001,215
2210301001,22103,001,01,103,22,02,2210301,22103,Huesca,Aragón,ES,2,4,1,Estadilla,2210301001,810
2210501001,22105,001,01,105,22,02,2210501,22105,Huesca,Aragón,ES,2,4,1,Estopiñán del Castillo,2210501001,146
2210601001,22106,001,01,106,22,02,2210601,22106,Huesca,Aragón,ES,2,4,1,Fago,2210601001,23
2210701001,22107,001,01,107,22,02,2210701,22107,Huesca,Aragón,ES,2,4,1,Fanlo,2210701001,113
2210901001,22109,001,01,109,22,02,2210901,22109,Huesca,Aragón,ES,2,4,1,Fiscal,2210901001,365
2211001001,22110,001,01,110,22,02,2211001,22110,Huesca,Aragón,ES,2,4,1,Fonz,2211001001,886
2211101001,22111,001,01,111,22,02,2211101,22111,Huesca,Aragón,ES,2,4,1,Foradada del Toscar,2211101001,163
2211201001,22112,001,01,112,22,02,2211201,22112,Huesca,Aragón,ES,2,4,1,Fraga,2211201001,1099
2211201002,22112,002,01,112,22,02,2211201,22112,Huesca,Aragón,ES,2,4,1,Fraga,2211201002,1355
2211201003,22112,003,01,112,22,02,2211201,22112,Huesca,Aragón,ES,2,4,1,Fraga,2211201003,976
2211201004,22112,004,01,112,22,02,2211201,22112,Huesca,Aragón,ES,2,4,1,Fraga,2211201004,988
2211201005,22112,005,01,112,22,02,2211201,22112,Huesca,Aragón,ES,2,4,1,Fraga,2211201005,2342
2211201006,22112,006,01,112,22,02,2211201,22112,Huesca,Aragón,ES,2,4,1,Fraga,2211201006,1501
2211201007,22112,007,01,112,22,02,2211201,22112,Huesca,Aragón,ES,2,4,1,Fraga,2211201007,859
2211201008,22112,008,01,112,22,02,2211201,22112,Huesca,Aragón,ES,2,4,1,Fraga,2211201008,2908
2211201009,22112,009,01,112,22,02,2211201,22112,Huesca,Aragón,ES,2,4,1,Fraga,2211201009,1590
2211201010,22112,010,01,112,22,02,2211201,22112,Huesca,Aragón,ES,2,4,1,Fraga,2211201010,1782
2211301001,22113,001,01,113,22,02,2211301,22113,Huesca,Aragón,ES,2,4,1,"Fueva, La",2211301001,614
2211401001,22114,001,01,114,22,02,2211401,22114,Huesca,Aragón,ES,2,4,1,Gistaín,2211401001,114
2211501001,22115,001,01,115,22,02,2211501,22115,Huesca,Aragón,ES,2,4,1,"Grado, El",2211501001,382
2211601001,22116,001,01,116,22,02,2211601,22116,Huesca,Aragón,ES,2,4,1,Grañén,2211601001,1733
2211701001,22117,001,01,117,22,02,2211701,22117,Huesca,Aragón,ES,2,4,1,Graus,2211701001,1681
2211701002,22117,002,01,117,22,02,2211701,22117,Huesca,Aragón,ES,2,4,1,Graus,2211701002,1720
2211901001,22119,001,01,119,22,02,2211901,22119,Huesca,Aragón,ES,2,4,1,Gurrea de Gállego,2211901001,1429
2212201001,22122,001,01,122,22,02,2212201,22122,Huesca,Aragón,ES,2,4,1,Hoz de Jaca,2212201001,82
2212401001,22124,001,01,124,22,02,2212401,22124,Huesca,Aragón,ES,2,4,1,Huerto,2212401001,215
2212501001,22125,001,01,125,22,02,2212501,22125,Huesca,Aragón,ES,2,4,1,Huesca,2212501001,1783
2212501002,22125,002,01,125,22,02,2212501,22125,Huesca,Aragón,ES,2,4,1,Huesca,2212501002,1418
2212501003,22125,003,01,125,22,02,2212501,22125,Huesca,Aragón,ES,2,4,1,Huesca,2212501003,1249
2212502001,22125,001,02,125,22,02,2212502,22125,Huesca,Aragón,ES,2,4,1,Huesca,2212502001,1543
2212502002,22125,002,02,125,22,02,2212502,22125,Huesca,Aragón,ES,2,4,1,Huesca,2212502002,1923
2212502003,22125,003,02,125,22,02,2212502,22125,Huesca,Aragón,ES,2,4,1,Huesca,2212502003,956
2212502004,22125,004,02,125,22,02,2212502,22125,Huesca,Aragón,ES,2,4,1,Huesca,2212502004,2059
2212502005,22125,005,02,125,22,02,2212502,22125,Huesca,Aragón,ES,2,4,1,Huesca,2212502005,1458
2212502006,22125,006,02,125,22,02,2212502,22125,Huesca,Aragón,ES,2,4,1,Huesca,2212502006,1176
2212503001,22125,001,03,125,22,02,2212503,22125,Huesca,Aragón,ES,2,4,1,Huesca,2212503001,1453
2212503002,22125,002,03,125,22,02,2212503,22125,Huesca,Aragón,ES,2,4,1,Huesca,2212503002,1141
2212503003,22125,003,03,125,22,02,2212503,22125,Huesca,Aragón,ES,2,4,1,Huesca,2212503003,1807
2212503004,22125,004,03,125,22,02,2212503,22125,Huesca,Aragón,ES,2,4,1,Huesca,2212503004,1726
2212503005,22125,005,03,125,22,02,2212503,22125,Huesca,Aragón,ES,2,4,1,Huesca,2212503005,1544
2212503006,22125,006,03,125,22,02,2212503,22125,Huesca,Aragón,ES,2,4,1,Huesca,2212503006,2305
2212503007,22125,007,03,125,22,02,2212503,22125,Huesca,Aragón,ES,2,4,1,Huesca,2212503007,1211
2212504001,22125,001,04,125,22,02,2212504,22125,Huesca,Aragón,ES,2,4,1,Huesca,2212504001,2305
2212504002,22125,002,04,125,22,02,2212504,22125,Huesca,Aragón,ES,2,4,1,Huesca,2212504002,1309
2212504003,22125,003,04,125,22,02,2212504,22125,Huesca,Aragón,ES,2,4,1,Huesca,2212504003,1750
2212504004,22125,004,04,125,22,02,2212504,22125,Huesca,Aragón,ES,2,4,1,Huesca,2212504004,1568
2212505001,22125,001,05,125,22,02,2212505,22125,Huesca,Aragón,ES,2,4,1,Huesca,2212505001,2139
2212505002,22125,002,05,125,22,02,2212505,22125,Huesca,Aragón,ES,2,4,1,Huesca,2212505002,1656
2212506001,22125,001,06,125,22,02,2212506,22125,Huesca,Aragón,ES,2,4,1,Huesca,2212506001,1788
2212506002,22125,002,06,125,22,02,2212506,22125,Huesca,Aragón,ES,2,4,1,Huesca,2212506002,778
2212506003,22125,003,06,125,22,02,2212506,22125,Huesca,Aragón,ES,2,4,1,Huesca,2212506003,1019
2212506004,22125,004,06,125,22,02,2212506,22125,Huesca,Aragón,ES,2,4,1,Huesca,2212506004,808
2212507001,22125,001,07,125,22,02,2212507,22125,Huesca,Aragón,ES,2,4,1,Huesca,2212507001,2034
2212507002,22125,002,07,125,22,02,2212507,22125,Huesca,Aragón,ES,2,4,1,Huesca,2212507002,2583
2212507003,22125,003,07,125,22,02,2212507,22125,Huesca,Aragón,ES,2,4,1,Huesca,2212507003,1420
2212507004,22125,004,07,125,22,02,2212507,22125,Huesca,Aragón,ES,2,4,1,Huesca,2212507004,987
2212508002,22125,002,08,125,22,02,2212508,22125,Huesca,Aragón,ES,2,4,1,Huesca,2212508002,1693
2212508003,22125,003,08,125,22,02,2212508,22125,Huesca,Aragón,ES,2,4,1,Huesca,2212508003,1068
2212508004,22125,004,08,125,22,02,2212508,22125,Huesca,Aragón,ES,2,4,1,Huesca,2212508004,2128
2212601001,22126,001,01,126,22,02,2212601,22126,Huesca,Aragón,ES,2,4,1,Ibieca,2212601001,111
2212701001,22127,001,01,127,22,02,2212701,22127,Huesca,Aragón,ES,2,4,1,Igriés,2212701001,729
2212801001,22128,001,01,128,22,02,2212801,22128,Huesca,Aragón,ES,2,4,1,Ilche,2212801001,187
2212901001,22129,001,01,129,22,02,2212901,22129,Huesca,Aragón,ES,2,4,1,Isábena,2212901001,235
2213001001,22130,001,01,130,22,02,2213001,22130,Huesca,Aragón,ES,2,4,1,Jaca,2213001001,1461
2213001002,22130,002,01,130,22,02,2213001,22130,Huesca,Aragón,ES,2,4,1,Jaca,2213001002,1426
2213001003,22130,003,01,130,22,02,2213001,22130,Huesca,Aragón,ES,2,4,1,Jaca,2213001003,1208
2213001004,22130,004,01,130,22,02,2213001,22130,Huesca,Aragón,ES,2,4,1,Jaca,2213001004,1641
2213001005,22130,005,01,130,22,02,2213001,22130,Huesca,Aragón,ES,2,4,1,Jaca,2213001005,1562
2213001006,22130,006,01,130,22,02,2213001,22130,Huesca,Aragón,ES,2,4,1,Jaca,2213001006,1955
2213001007,22130,007,01,130,22,02,2213001,22130,Huesca,Aragón,ES,2,4,1,Jaca,2213001007,1954
2213001008,22130,008,01,130,22,02,2213001,22130,Huesca,Aragón,ES,2,4,1,Jaca,2213001008,2805
2213101001,22131,001,01,131,22,02,2213101,22131,Huesca,Aragón,ES,2,4,1,Jasa,2213101001,90
2213301001,22133,001,01,133,22,02,2213301,22133,Huesca,Aragón,ES,2,4,1,Labuerda,2213301001,176
2213501001,22135,001,01,135,22,02,2213501,22135,Huesca,Aragón,ES,2,4,1,Laluenga,2213501001,201
2213601001,22136,001,01,136,22,02,2213601,22136,Huesca,Aragón,ES,2,4,1,Lalueza,2213601001,848
2213701001,22137,001,01,137,22,02,2213701,22137,Huesca,Aragón,ES,2,4,1,Lanaja,2213701001,1141
2213901001,22139,001,01,139,22,02,2213901,22139,Huesca,Aragón,ES,2,4,1,Laperdiguera,2213901001,87
2214101001,22141,001,01,141,22,02,2214101,22141,Huesca,Aragón,ES,2,4,1,Lascellas-Ponzano,2214101001,138
2214201001,22142,001,01,142,22,02,2214201,22142,Huesca,Aragón,ES,2,4,1,Lascuarre,2214201001,139
2214301001,22143,001,01,143,22,02,2214301,22143,Huesca,Aragón,ES,2,4,1,Laspaúles,2214301001,255
2214401001,22144,001,01,144,22,02,2214401,22144,Huesca,Aragón,ES,2,4,1,Laspuña,2214401001,279
2214901001,22149,001,01,149,22,02,2214901,22149,Huesca,Aragón,ES,2,4,1,Loarre,2214901001,357
2215001001,22150,001,01,150,22,02,2215001,22150,Huesca,Aragón,ES,2,4,1,Loporzano,2215001001,576
2215101001,22151,001,01,151,22,02,2215101,22151,Huesca,Aragón,ES,2,4,1,Loscorrales,2215101001,98
2215501001,22155,001,01,155,22,02,2215501,22155,Huesca,Aragón,ES,2,4,1,Monesma y Cajigar,2215501001,68
2215601001,22156,001,01,156,22,02,2215601,22156,Huesca,Aragón,ES,2,4,1,Monflorite-Lascasas,2215601001,474
2215701001,22157,001,01,157,22,02,2215701,22157,Huesca,Aragón,ES,2,4,1,Montanuy,2215701001,230
2215801001,22158,001,01,158,22,02,2215801,22158,Huesca,Aragón,ES,2,4,1,Monzón,2215801001,1741
2215801002,22158,002,01,158,22,02,2215801,22158,Huesca,Aragón,ES,2,4,1,Monzón,2215801002,1440
2215801003,22158,003,01,158,22,02,2215801,22158,Huesca,Aragón,ES,2,4,1,Monzón,2215801003,1062
2215801004,22158,004,01,158,22,02,2215801,22158,Huesca,Aragón,ES,2,4,1,Monzón,2215801004,1912
2215801005,22158,005,01,158,22,02,2215801,22158,Huesca,Aragón,ES,2,4,1,Monzón,2215801005,1115
2215801006,22158,006,01,158,22,02,2215801,22158,Huesca,Aragón,ES,2,4,1,Monzón,2215801006,1547
2215801007,22158,007,01,158,22,02,2215801,22158,Huesca,Aragón,ES,2,4,1,Monzón,2215801007,1134
2215801008,22158,008,01,158,22,02,2215801,22158,Huesca,Aragón,ES,2,4,1,Monzón,2215801008,1855
2215801009,22158,009,01,158,22,02,2215801,22158,Huesca,Aragón,ES,2,4,1,Monzón,2215801009,1763
2215801010,22158,010,01,158,22,02,2215801,22158,Huesca,Aragón,ES,2,4,1,Monzón,2215801010,2213
2215801011,22158,011,01,158,22,02,2215801,22158,Huesca,Aragón,ES,2,4,1,Monzón,2215801011,2683
2216001001,22160,001,01,160,22,02,2216001,22160,Huesca,Aragón,ES,2,4,1,Naval,2216001001,279
2216201001,22162,001,01,162,22,02,2216201,22162,Huesca,Aragón,ES,2,4,1,Novales,2216201001,155
2216301001,22163,001,01,163,22,02,2216301,22163,Huesca,Aragón,ES,2,4,1,Nueno,2216301001,573
2216401001,22164,001,01,164,22,02,2216401,22164,Huesca,Aragón,ES,2,4,1,Olvena,2216401001,63
2216501001,22165,001,01,165,22,02,2216501,22165,Huesca,Aragón,ES,2,4,1,Ontiñena,2216501001,498
2216701001,22167,001,01,167,22,02,2216701,22167,Huesca,Aragón,ES,2,4,1,Osso de Cinca,2216701001,664
2216801001,22168,001,01,168,22,02,2216801,22168,Huesca,Aragón,ES,2,4,1,Palo,2216801001,31
2217001001,22170,001,01,170,22,02,2217001,22170,Huesca,Aragón,ES,2,4,1,Panticosa,2217001001,919
2217201001,22172,001,01,172,22,02,2217201,22172,Huesca,Aragón,ES,2,4,1,Peñalba,2217201001,685
2217301001,22173,001,01,173,22,02,2217301,22173,Huesca,Aragón,ES,2,4,1,"Peñas de Riglos, Las",2217301001,263
2217401001,22174,001,01,174,22,02,2217401,22174,Huesca,Aragón,ES,2,4,1,Peralta de Alcofea,2217401001,573
2217501001,22175,001,01,175,22,02,2217501,22175,Huesca,Aragón,ES,2,4,1,Peralta de Calasanz,2217501001,205
2217601001,22176,001,01,176,22,02,2217601,22176,Huesca,Aragón,ES,2,4,1,Peraltilla,2217601001,212
2217701001,22177,001,01,177,22,02,2217701,22177,Huesca,Aragón,ES,2,4,1,Perarrúa,2217701001,116
2217801001,22178,001,01,178,22,02,2217801,22178,Huesca,Aragón,ES,2,4,1,Pertusa,2217801001,129
2218101001,22181,001,01,181,22,02,2218101,22181,Huesca,Aragón,ES,2,4,1,Piracés,2218101001,91
2218201001,22182,001,01,182,22,02,2218201,22182,Huesca,Aragón,ES,2,4,1,Plan,2218201001,274
2218401001,22184,001,01,184,22,02,2218401,22184,Huesca,Aragón,ES,2,4,1,Poleñino,2218401001,183
2218601001,22186,001,01,186,22,02,2218601,22186,Huesca,Aragón,ES,2,4,1,Pozán de Vero,2218601001,227
2218701001,22187,001,01,187,22,02,2218701,22187,Huesca,Aragón,ES,2,4,1,"Puebla de Castro, La",2218701001,427
2218801001,22188,001,01,188,22,02,2218801,22188,Huesca,Aragón,ES,2,4,1,Puente de Montañana,2218801001,87
2218901001,22189,001,01,189,22,02,2218901,22189,Huesca,Aragón,ES,2,4,1,Puértolas,2218901001,219
2219001001,22190,001,01,190,22,02,2219001,22190,Huesca,Aragón,ES,2,4,1,"Pueyo de Araguás, El",2219001001,178
2219301001,22193,001,01,193,22,02,2219301,22193,Huesca,Aragón,ES,2,4,1,Pueyo de Santa Cruz,2219301001,333
2219501001,22195,001,01,195,22,02,2219501,22195,Huesca,Aragón,ES,2,4,1,Quicena,2219501001,391
2219701001,22197,001,01,197,22,02,2219701,22197,Huesca,Aragón,ES,2,4,1,Robres,2219701001,524
2219901001,22199,001,01,199,22,02,2219901,22199,Huesca,Aragón,ES,2,4,1,Sabiñánigo,2219901001,1427
2219901002,22199,002,01,199,22,02,2219901,22199,Huesca,Aragón,ES,2,4,1,Sabiñánigo,2219901002,1593
2219901003,22199,003,01,199,22,02,2219901,22199,Huesca,Aragón,ES,2,4,1,Sabiñánigo,2219901003,1243
2219901004,22199,004,01,199,22,02,2219901,22199,Huesca,Aragón,ES,2,4,1,Sabiñánigo,2219901004,1945
2219901005,22199,005,01,199,22,02,2219901,22199,Huesca,Aragón,ES,2,4,1,Sabiñánigo,2219901005,1200
2219901006,22199,006,01,199,22,02,2219901,22199,Huesca,Aragón,ES,2,4,1,Sabiñánigo,2219901006,1005
2219901007,22199,007,01,199,22,02,2219901,22199,Huesca,Aragón,ES,2,4,1,Sabiñánigo,2219901007,1252
2220001001,22200,001,01,200,22,02,2220001,22200,Huesca,Aragón,ES,2,4,1,Sahún,2220001001,322
2220101001,22201,001,01,201,22,02,2220101,22201,Huesca,Aragón,ES,2,4,1,Salas Altas,2220101001,297
2220201001,22202,001,01,202,22,02,2220201,22202,Huesca,Aragón,ES,2,4,1,Salas Bajas,2220201001,184
2220301001,22203,001,01,203,22,02,2220301,22203,Huesca,Aragón,ES,2,4,1,Salillas,2220301001,93
2220401001,22204,001,01,204,22,02,2220401,22204,Huesca,Aragón,ES,2,4,1,Sallent de Gállego,2220401001,1540
2220501001,22205,001,01,205,22,02,2220501,22205,Huesca,Aragón,ES,2,4,1,San Esteban de Litera,2220501001,669
2220601001,22206,001,01,206,22,02,2220601,22206,Huesca,Aragón,ES,2,4,1,Sangarrén,2220601001,231
2220701001,22207,001,01,207,22,02,2220701,22207,Huesca,Aragón,ES,2,4,1,San Juan de Plan,2220701001,145
2220801001,22208,001,01,208,22,02,2220801,22208,Huesca,Aragón,ES,2,4,1,Santa Cilia,2220801001,242
2220901001,22209,001,01,209,22,02,2220901,22209,Huesca,Aragón,ES,2,4,1,Santa Cruz de la Serós,2220901001,194
2221201001,22212,001,01,212,22,02,2221201,22212,Huesca,Aragón,ES,2,4,1,Santaliestra y San Quílez,2221201001,78
2221301001,22213,001,01,213,22,02,2221301,22213,Huesca,Aragón,ES,2,4,1,Sariñena,2221301001,1908
2221301002,22213,002,01,213,22,02,2221301,22213,Huesca,Aragón,ES,2,4,1,Sariñena,2221301002,1601
2221301003,22213,003,01,213,22,02,2221301,22213,Huesca,Aragón,ES,2,4,1,Sariñena,2221301003,610
2221401001,22214,001,01,214,22,02,2221401,22214,Huesca,Aragón,ES,2,4,1,Secastilla,2221401001,142
2221501001,22215,001,01,215,22,02,2221501,22215,Huesca,Aragón,ES,2,4,1,Seira,2221501001,149
2221701001,22217,001,01,217,22,02,2221701,22217,Huesca,Aragón,ES,2,4,1,Sena,2221701001,488
2221801001,22218,001,01,218,22,02,2221801,22218,Huesca,Aragón,ES,2,4,1,Senés de Alcubierre,2221801001,49
2222001001,22220,001,01,220,22,02,2222001,22220,Huesca,Aragón,ES,2,4,1,Sesa,2222001001,168
2222101001,22221,001,01,221,22,02,2222101,22221,Huesca,Aragón,ES,2,4,1,Sesué,2222101001,120
2222201001,22222,001,01,222,22,02,2222201,22222,Huesca,Aragón,ES,2,4,1,Siétamo,2222201001,703
2222301001,22223,001,01,223,22,02,2222301,22223,Huesca,Aragón,ES,2,4,1,Sopeira,2222301001,86
2222501001,22225,001,01,225,22,02,2222501,22225,Huesca,Aragón,ES,2,4,1,Tamarite de Litera,2222501001,2004
2222501002,22225,002,01,225,22,02,2222501,22225,Huesca,Aragón,ES,2,4,1,Tamarite de Litera,2222501002,590
2222501003,22225,003,01,225,22,02,2222501,22225,Huesca,Aragón,ES,2,4,1,Tamarite de Litera,2222501003,863
2222601001,22226,001,01,226,22,02,2222601,22226,Huesca,Aragón,ES,2,4,1,Tardienta,2222601001,951
2222701001,22227,001,01,227,22,02,2222701,22227,Huesca,Aragón,ES,2,4,1,Tella-Sin,2222701001,207
2222801001,22228,001,01,228,22,02,2222801,22228,Huesca,Aragón,ES,2,4,1,Tierz,2222801001,823
2222901001,22229,001,01,229,22,02,2222901,22229,Huesca,Aragón,ES,2,4,1,Tolva,2222901001,130
2223001001,22230,001,01,230,22,02,2223001,22230,Huesca,Aragón,ES,2,4,1,Torla-Ordesa,2223001001,344
2223201001,22232,001,01,232,22,02,2223201,22232,Huesca,Aragón,ES,2,4,1,Torralba de Aragón,2223201001,102
2223301001,22233,001,01,233,22,02,2223301,22233,Huesca,Aragón,ES,2,4,1,Torre la Ribera,2223301001,102
2223401001,22234,001,01,234,22,02,2223401,22234,Huesca,Aragón,ES,2,4,1,Torrente de Cinca,2223401001,1077
2223501001,22235,001,01,235,22,02,2223501,22235,Huesca,Aragón,ES,2,4,1,Torres de Alcanadre,2223501001,91
2223601001,22236,001,01,236,22,02,2223601,22236,Huesca,Aragón,ES,2,4,1,Torres de Barbués,2223601001,275
2223901001,22239,001,01,239,22,02,2223901,22239,Huesca,Aragón,ES,2,4,1,Tramaced,2223901001,108
2224201001,22242,001,01,242,22,02,2224201,22242,Huesca,Aragón,ES,2,4,1,Valfarta,2224201001,54
2224301001,22243,001,01,243,22,02,2224301,22243,Huesca,Aragón,ES,2,4,1,Valle de Bardají,2224301001,52
2224401001,22244,001,01,244,22,02,2224401,22244,Huesca,Aragón,ES,2,4,1,Valle de Lierp,2224401001,52
2224501001,22245,001,01,245,22,02,2224501,22245,Huesca,Aragón,ES,2,4,1,Velilla de Cinca,2224501001,512
2224601001,22246,001,01,246,22,02,2224601,22246,Huesca,Aragón,ES,2,4,1,Beranuy,2224601001,67
2224701001,22247,001,01,247,22,02,2224701,22247,Huesca,Aragón,ES,2,4,1,Viacamp y Litera,2224701001,41
2224801001,22248,001,01,248,22,02,2224801,22248,Huesca,Aragón,ES,2,4,1,Vicién,2224801001,150
2224901001,22249,001,01,249,22,02,2224901,22249,Huesca,Aragón,ES,2,4,1,Villanova,2224901001,171
2225001001,22250,001,01,250,22,02,2225001,22250,Huesca,Aragón,ES,2,4,1,Villanúa,2225001001,569
2225101001,22251,001,01,251,22,02,2225101,22251,Huesca,Aragón,ES,2,4,1,Villanueva de Sigena,2225101001,342
2225201001,22252,001,01,252,22,02,2225201,22252,Huesca,Aragón,ES,2,4,1,Yebra de Basa,2225201001,157
2225301001,22253,001,01,253,22,02,2225301,22253,Huesca,Aragón,ES,2,4,1,Yésero,2225301001,60
2225401001,22254,001,01,254,22,02,2225401,22254,Huesca,Aragón,ES,2,4,1,Zaidín,2225401001,1833
2290101001,22901,001,01,901,22,02,2290101,22901,Huesca,Aragón,ES,2,4,1,Valle de Hecho,2290101001,812
2290201001,22902,001,01,902,22,02,2290201,22902,Huesca,Aragón,ES,2,4,1,Puente la Reina de Jaca,2290201001,270
2290301001,22903,001,01,903,22,02,2290301,22903,Huesca,Aragón,ES,2,4,1,San Miguel del Cinca,2290301001,777
2290401001,22904,001,01,904,22,02,2290401,22904,Huesca,Aragón,ES,2,4,1,"Sotonera, La",2290401001,880
2290501001,22905,001,01,905,22,02,2290501,22905,Huesca,Aragón,ES,2,4,1,Lupiñén-Ortilla,2290501001,356
2290601001,22906,001,01,906,22,02,2290601,22906,Huesca,Aragón,ES,2,4,1,Santa María de Dulcis,2290601001,205
2290701001,22907,001,01,907,22,02,2290701,22907,Huesca,Aragón,ES,2,4,1,Aínsa-Sobrarbe,2290701001,2315
2290801001,22908,001,01,908,22,02,2290801,22908,Huesca,Aragón,ES,2,4,1,Hoz y Costean,2290801001,225
2290901001,22909,001,01,909,22,02,2290901,22909,Huesca,Aragón,ES,2,4,1,Vencillón,2290901001,402
4400101001,44001,001,01,001,44,02,4400101,44001,Teruel,Aragón,ES,2,4,2,Ababuj,4400101001,74
4400201001,44002,001,01,002,44,02,4400201,44002,Teruel,Aragón,ES,2,4,2,Abejuela,4400201001,63
4400301001,44003,001,01,003,44,02,4400301,44003,Teruel,Aragón,ES,2,4,2,Aguatón,4400301001,18
4400401001,44004,001,01,004,44,02,4400401,44004,Teruel,Aragón,ES,2,4,2,Aguaviva,4400401001,563
4400501001,44005,001,01,005,44,02,4400501,44005,Teruel,Aragón,ES,2,4,2,Aguilar del Alfambra,4400501001,84
4400601001,44006,001,01,006,44,02,4400601,44006,Teruel,Aragón,ES,2,4,2,Alacón,4400601001,204
4400701001,44007,001,01,007,44,02,4400701,44007,Teruel,Aragón,ES,2,4,2,Alba,4400701001,183
4400901001,44009,001,01,009,44,02,4400901,44009,Teruel,Aragón,ES,2,4,2,Albarracín,4400901001,1001
4401001001,44010,001,01,010,44,02,4401001,44010,Teruel,Aragón,ES,2,4,2,Albentosa,4401001001,287
4401101001,44011,001,01,011,44,02,4401101,44011,Teruel,Aragón,ES,2,4,2,Alcaine,4401101001,38
4401201001,44012,001,01,012,44,02,4401201,44012,Teruel,Aragón,ES,2,4,2,Alcalá de la Selva,4401201001,381
4401301001,44013,001,01,013,44,02,4401301,44013,Teruel,Aragón,ES,2,4,2,Alcañiz,4401301001,1002
4401302001,44013,001,02,013,44,02,4401302,44013,Teruel,Aragón,ES,2,4,2,Alcañiz,4401302001,929
4401303001,44013,001,03,013,44,02,4401303,44013,Teruel,Aragón,ES,2,4,2,Alcañiz,4401303001,867
4401303003,44013,003,03,013,44,02,4401303,44013,Teruel,Aragón,ES,2,4,2,Alcañiz,4401303003,886
4401303005,44013,005,03,013,44,02,4401303,44013,Teruel,Aragón,ES,2,4,2,Alcañiz,4401303005,1897
4401304001,44013,001,04,013,44,02,4401304,44013,Teruel,Aragón,ES,2,4,2,Alcañiz,4401304001,841
4401304002,44013,002,04,013,44,02,4401304,44013,Teruel,Aragón,ES,2,4,2,Alcañiz,4401304002,1999
4401401001,44014,001,01,014,44,02,4401401,44014,Teruel,Aragón,ES,2,4,2,Alcorisa,4401401001,1677
4401401002,44014,002,01,014,44,02,4401401,44014,Teruel,Aragón,ES,2,4,2,Alcorisa,4401401002,1565
4401601001,44016,001,01,016,44,02,4401601,44016,Teruel,Aragón,ES,2,4,2,Alfambra,4401601001,485
4401701001,44017,001,01,017,44,02,4401701,44017,Teruel,Aragón,ES,2,4,2,Aliaga,4401701001,343
4401801001,44018,001,01,018,44,02,4401801,44018,Teruel,Aragón,ES,2,4,2,Almohaja,4401801001,10
4401901001,44019,001,01,019,44,02,4401901,44019,Teruel,Aragón,ES,2,4,2,Alobras,4401901001,63
4402001001,44020,001,01,020,44,02,4402001,44020,Teruel,Aragón,ES,2,4,2,Alpeñés,4402001001,27
4402101001,44021,001,01,021,44,02,4402101,44021,Teruel,Aragón,ES,2,4,2,Allepuz,4402101001,123
4402201001,44022,001,01,022,44,02,4402201,44022,Teruel,Aragón,ES,2,4,2,Alloza,4402201001,556
4402301001,44023,001,01,023,44,02,4402301,44023,Teruel,Aragón,ES,2,4,2,Allueva,4402301001,31
4402401001,44024,001,01,024,44,02,4402401,44024,Teruel,Aragón,ES,2,4,2,Anadón,4402401001,35
4402501002,44025,002,01,025,44,02,4402501,44025,Teruel,Aragón,ES,2,4,2,Andorra,4402501002,1701
4402601001,44026,001,01,026,44,02,4402601,44026,Teruel,Aragón,ES,2,4,2,Arcos de las Salinas,4402601001,105
4402701001,44027,001,01,027,44,02,4402701,44027,Teruel,Aragón,ES,2,4,2,Arens de Lledó,4402701001,188
4402801001,44028,001,01,028,44,02,4402801,44028,Teruel,Aragón,ES,2,4,2,Argente,4402801001,204
4402901001,44029,001,01,029,44,02,4402901,44029,Teruel,Aragón,ES,2,4,2,Ariño,4402901001,608
4403101001,44031,001,01,031,44,02,4403101,44031,Teruel,Aragón,ES,2,4,2,Azaila,4403101001,94
4403201001,44032,001,01,032,44,02,4403201,44032,Teruel,Aragón,ES,2,4,2,Bádenas,4403201001,28
4403301001,44033,001,01,033,44,02,4403301,44033,Teruel,Aragón,ES,2,4,2,Báguena,4403301001,277
4403401001,44034,001,01,034,44,02,4403401,44034,Teruel,Aragón,ES,2,4,2,Bañón,4403401001,152
4403501001,44035,001,01,035,44,02,4403501,44035,Teruel,Aragón,ES,2,4,2,Barrachina,4403501001,113
4403601001,44036,001,01,036,44,02,4403601,44036,Teruel,Aragón,ES,2,4,2,Bea,4403601001,30
4403701001,44037,001,01,037,44,02,4403701,44037,Teruel,Aragón,ES,2,4,2,Beceite,4403701001,574
4403801001,44038,001,01,038,44,02,4403801,44038,Teruel,Aragón,ES,2,4,2,Belmonte de San José,4403801001,114
4403901001,44039,001,01,039,44,02,4403901,44039,Teruel,Aragón,ES,2,4,2,Bello,4403901001,203
4404001001,44040,001,01,040,44,02,4404001,44040,Teruel,Aragón,ES,2,4,2,Berge,4404001001,220
4404101001,44041,001,01,041,44,02,4404101,44041,Teruel,Aragón,ES,2,4,2,Bezas,4404101001,73
4404201001,44042,001,01,042,44,02,4404201,44042,Teruel,Aragón,ES,2,4,2,Blancas,4404201001,132
4404301001,44043,001,01,043,44,02,4404301,44043,Teruel,Aragón,ES,2,4,2,Blesa,4404301001,74
4404401001,44044,001,01,044,44,02,4404401,44044,Teruel,Aragón,ES,2,4,2,Bordón,4404401001,116
4404501001,44045,001,01,045,44,02,4404501,44045,Teruel,Aragón,ES,2,4,2,Bronchales,4404501001,475
4404601001,44046,001,01,046,44,02,4404601,44046,Teruel,Aragón,ES,2,4,2,Bueña,4404601001,65
4404701001,44047,001,01,047,44,02,4404701,44047,Teruel,Aragón,ES,2,4,2,Burbáguena,4404701001,397
4404801001,44048,001,01,048,44,02,4404801,44048,Teruel,Aragón,ES,2,4,2,Cabra de Mora,4404801001,66
4404901001,44049,001,01,049,44,02,4404901,44049,Teruel,Aragón,ES,2,4,2,Calaceite,4404901001,961
4405001003,44050,003,01,050,44,02,4405001,44050,Teruel,Aragón,ES,2,4,2,Calamocha,4405001003,566
4405101001,44051,001,01,051,44,02,4405101,44051,Teruel,Aragón,ES,2,4,2,Calanda,4405101001,942
4405101002,44051,002,01,051,44,02,4405101,44051,Teruel,Aragón,ES,2,4,2,Calanda,4405101002,1546
4405101003,44051,003,01,051,44,02,4405101,44051,Teruel,Aragón,ES,2,4,2,Calanda,4405101003,1315
4405201001,44052,001,01,052,44,02,4405201,44052,Teruel,Aragón,ES,2,4,2,Calomarde,4405201001,76
4405301001,44053,001,01,053,44,02,4405301,44053,Teruel,Aragón,ES,2,4,2,Camañas,4405301001,136
4405401001,44054,001,01,054,44,02,4405401,44054,Teruel,Aragón,ES,2,4,2,Camarena de la Sierra,4405401001,139
4405501001,44055,001,01,055,44,02,4405501,44055,Teruel,Aragón,ES,2,4,2,Camarillas,4405501001,100
4405601001,44056,001,01,056,44,02,4405601,44056,Teruel,Aragón,ES,2,4,2,Caminreal,4405601001,608
4405901001,44059,001,01,059,44,02,4405901,44059,Teruel,Aragón,ES,2,4,2,Cantavieja,4405901001,727
4406001001,44060,001,01,060,44,02,4406001,44060,Teruel,Aragón,ES,2,4,2,Cañada de Benatanduz,4406001001,40
4406101001,44061,001,01,061,44,02,4406101,44061,Teruel,Aragón,ES,2,4,2,"Cañada de Verich, La",4406101001,72
4406201001,44062,001,01,062,44,02,4406201,44062,Teruel,Aragón,ES,2,4,2,Cañada Vellida,4406201001,36
4406301001,44063,001,01,063,44,02,4406301,44063,Teruel,Aragón,ES,2,4,2,Cañizar del Olivar,4406301001,112
4406401001,44064,001,01,064,44,02,4406401,44064,Teruel,Aragón,ES,2,4,2,Cascante del Río,4406401001,73
4406501001,44065,001,01,065,44,02,4406501,44065,Teruel,Aragón,ES,2,4,2,Castejón de Tornos,4406501001,66
4406601001,44066,001,01,066,44,02,4406601,44066,Teruel,Aragón,ES,2,4,2,Castel de Cabra,4406601001,79
4406701001,44067,001,01,067,44,02,4406701,44067,Teruel,Aragón,ES,2,4,2,Castelnou,4406701001,92
4406801001,44068,001,01,068,44,02,4406801,44068,Teruel,Aragón,ES,2,4,2,Castelserás,4406801001,804
4407001001,44070,001,01,070,44,02,4407001,44070,Teruel,Aragón,ES,2,4,2,"Castellar, El",4407001001,54
4407101001,44071,001,01,071,44,02,4407101,44071,Teruel,Aragón,ES,2,4,2,Castellote,4407101001,666
4407401001,44074,001,01,074,44,02,4407401,44074,Teruel,Aragón,ES,2,4,2,Cedrillas,4407401001,656
4407501001,44075,001,01,075,44,02,4407501,44075,Teruel,Aragón,ES,2,4,2,Celadas,4407501001,335
4407601001,44076,001,01,076,44,02,4407601,44076,Teruel,Aragón,ES,2,4,2,Cella,4407601001,1173
4407601002,44076,002,01,076,44,02,4407601,44076,Teruel,Aragón,ES,2,4,2,Cella,4407601002,1521
4407701001,44077,001,01,077,44,02,4407701,44077,Teruel,Aragón,ES,2,4,2,"Cerollera, La",4407701001,78
4408001001,44080,001,01,080,44,02,4408001,44080,Teruel,Aragón,ES,2,4,2,"Codoñera, La",4408001001,313
4408201001,44082,001,01,082,44,02,4408201,44082,Teruel,Aragón,ES,2,4,2,Corbalán,4408201001,118
4408401001,44084,001,01,084,44,02,4408401,44084,Teruel,Aragón,ES,2,4,2,Cortes de Aragón,4408401001,62
4408501001,44085,001,01,085,44,02,4408501,44085,Teruel,Aragón,ES,2,4,2,Cosa,4408501001,63
4408601001,44086,001,01,086,44,02,4408601,44086,Teruel,Aragón,ES,2,4,2,Cretas,4408601001,558
4408701001,44087,001,01,087,44,02,4408701,44087,Teruel,Aragón,ES,2,4,2,Crivillén,4408701001,91
4408801001,44088,001,01,088,44,02,4408801,44088,Teruel,Aragón,ES,2,4,2,"Cuba, La",4408801001,53
4408901001,44089,001,01,089,44,02,4408901,44089,Teruel,Aragón,ES,2,4,2,Cubla,4408901001,57
4409001001,44090,001,01,090,44,02,4409001,44090,Teruel,Aragón,ES,2,4,2,Cucalón,4409001001,78
4409201001,44092,001,01,092,44,02,4409201,44092,Teruel,Aragón,ES,2,4,2,"Cuervo, El",4409201001,87
4409301001,44093,001,01,093,44,02,4409301,44093,Teruel,Aragón,ES,2,4,2,Cuevas de Almudén,4409301001,119
4409401001,44094,001,01,094,44,02,4409401,44094,Teruel,Aragón,ES,2,4,2,Cuevas Labradas,4409401001,126
4409601001,44096,001,01,096,44,02,4409601,44096,Teruel,Aragón,ES,2,4,2,Ejulve,4409601001,177
4409701001,44097,001,01,097,44,02,4409701,44097,Teruel,Aragón,ES,2,4,2,Escorihuela,4409701001,130
4409901001,44099,001,01,099,44,02,4409901,44099,Teruel,Aragón,ES,2,4,2,Escucha,4409901001,797
4410001001,44100,001,01,100,44,02,4410001,44100,Teruel,Aragón,ES,2,4,2,Estercuel,4410001001,201
4410101001,44101,001,01,101,44,02,4410101,44101,Teruel,Aragón,ES,2,4,2,Ferreruela de Huerva,4410101001,79
4410201001,44102,001,01,102,44,02,4410201,44102,Teruel,Aragón,ES,2,4,2,Fonfría,4410201001,35
4410301001,44103,001,01,103,44,02,4410301,44103,Teruel,Aragón,ES,2,4,2,Formiche Alto,4410301001,158
4410501001,44105,001,01,105,44,02,4410501,44105,Teruel,Aragón,ES,2,4,2,Fórnoles,4410501001,75
4410601001,44106,001,01,106,44,02,4410601,44106,Teruel,Aragón,ES,2,4,2,Fortanete,4410601001,194
4410701001,44107,001,01,107,44,02,4410701,44107,Teruel,Aragón,ES,2,4,2,Foz-Calanda,4410701001,280
4410801001,44108,001,01,108,44,02,4410801,44108,Teruel,Aragón,ES,2,4,2,"Fresneda, La",4410801001,460
4410901001,44109,001,01,109,44,02,4410901,44109,Teruel,Aragón,ES,2,4,2,Frías de Albarracín,4410901001,109
4411001001,44110,001,01,110,44,02,4411001,44110,Teruel,Aragón,ES,2,4,2,Fuenferrada,4411001001,38
4411101001,44111,001,01,111,44,02,4411101,44111,Teruel,Aragón,ES,2,4,2,Fuentes Calientes,4411101001,89
4411201001,44112,001,01,112,44,02,4411201,44112,Teruel,Aragón,ES,2,4,2,Fuentes Claras,4411201001,427
4411301001,44113,001,01,113,44,02,4411301,44113,Teruel,Aragón,ES,2,4,2,Fuentes de Rubielos,4411301001,146
4411401001,44114,001,01,114,44,02,4411401,44114,Teruel,Aragón,ES,2,4,2,Fuentespalda,4411401001,306
4411501001,44115,001,01,115,44,02,4411501,44115,Teruel,Aragón,ES,2,4,2,Galve,4411501001,148
4411601001,44116,001,01,116,44,02,4411601,44116,Teruel,Aragón,ES,2,4,2,Gargallo,4411601001,87
4411701001,44117,001,01,117,44,02,4411701,44117,Teruel,Aragón,ES,2,4,2,Gea de Albarracín,4411701001,458
4411801001,44118,001,01,118,44,02,4411801,44118,Teruel,Aragón,ES,2,4,2,"Ginebrosa, La",4411801001,188
4411901001,44119,001,01,119,44,02,4411901,44119,Teruel,Aragón,ES,2,4,2,Griegos,4411901001,152
4412001001,44120,001,01,120,44,02,4412001,44120,Teruel,Aragón,ES,2,4,2,Guadalaviar,4412001001,240
4412101001,44121,001,01,121,44,02,4412101,44121,Teruel,Aragón,ES,2,4,2,Gúdar,4412101001,73
4412201001,44122,001,01,122,44,02,4412201,44122,Teruel,Aragón,ES,2,4,2,Híjar,4412201001,765
4412301001,44123,001,01,123,44,02,4412301,44123,Teruel,Aragón,ES,2,4,2,Hinojosa de Jarque,4412301001,104
4412401001,44124,001,01,124,44,02,4412401,44124,Teruel,Aragón,ES,2,4,2,"Hoz de la Vieja, La",4412401001,85
4412501001,44125,001,01,125,44,02,4412501,44125,Teruel,Aragón,ES,2,4,2,Huesa del Común,4412501001,55
4412601001,44126,001,01,126,44,02,4412601,44126,Teruel,Aragón,ES,2,4,2,"Iglesuela del Cid, La",4412601001,356
4412701001,44127,001,01,127,44,02,4412701,44127,Teruel,Aragón,ES,2,4,2,Jabaloyas,4412701001,66
4412801001,44128,001,01,128,44,02,4412801,44128,Teruel,Aragón,ES,2,4,2,Jarque de la Val,4412801001,66
4412901001,44129,001,01,129,44,02,4412901,44129,Teruel,Aragón,ES,2,4,2,Jatiel,4412901001,48
4413001001,44130,001,01,130,44,02,4413001,44130,Teruel,Aragón,ES,2,4,2,Jorcas,4413001001,42
4413101001,44131,001,01,131,44,02,4413101,44131,Teruel,Aragón,ES,2,4,2,Josa,4413101001,34
4413201001,44132,001,01,132,44,02,4413201,44132,Teruel,Aragón,ES,2,4,2,Lagueruela,4413201001,71
4413301001,44133,001,01,133,44,02,4413301,44133,Teruel,Aragón,ES,2,4,2,Lanzuela,4413301001,24
4413501001,44135,001,01,135,44,02,4413501,44135,Teruel,Aragón,ES,2,4,2,Libros,4413501001,102
4413601001,44136,001,01,136,44,02,4413601,44136,Teruel,Aragón,ES,2,4,2,Lidón,4413601001,56
4413701001,44137,001,01,137,44,02,4413701,44137,Teruel,Aragón,ES,2,4,2,Linares de Mora,4413701001,243
4413801001,44138,001,01,138,44,02,4413801,44138,Teruel,Aragón,ES,2,4,2,Loscos,4413801001,121
4414101001,44141,001,01,141,44,02,4414101,44141,Teruel,Aragón,ES,2,4,2,Lledó,4414101001,164
4414201001,44142,001,01,142,44,02,4414201,44142,Teruel,Aragón,ES,2,4,2,Maicas,4414201001,35
4414301001,44143,001,01,143,44,02,4414301,44143,Teruel,Aragón,ES,2,4,2,Manzanera,4414301001,530
4414401001,44144,001,01,144,44,02,4414401,44144,Teruel,Aragón,ES,2,4,2,Martín del Río,4414401001,367
4414501001,44145,001,01,145,44,02,4414501,44145,Teruel,Aragón,ES,2,4,2,Mas de las Matas,4414501001,1226
4414601001,44146,001,01,146,44,02,4414601,44146,Teruel,Aragón,ES,2,4,2,"Mata de los Olmos, La",4414601001,261
4414701001,44147,001,01,147,44,02,4414701,44147,Teruel,Aragón,ES,2,4,2,Mazaleón,4414701001,472
4414801001,44148,001,01,148,44,02,4414801,44148,Teruel,Aragón,ES,2,4,2,Mezquita de Jarque,4414801001,83
4414901001,44149,001,01,149,44,02,4414901,44149,Teruel,Aragón,ES,2,4,2,Mirambel,4414901001,110
4415001001,44150,001,01,150,44,02,4415001,44150,Teruel,Aragón,ES,2,4,2,Miravete de la Sierra,4415001001,31
4415101001,44151,001,01,151,44,02,4415101,44151,Teruel,Aragón,ES,2,4,2,Molinos,4415101001,233
4415201001,44152,001,01,152,44,02,4415201,44152,Teruel,Aragón,ES,2,4,2,Monforte de Moyuela,4415201001,83
4415301001,44153,001,01,153,44,02,4415301,44153,Teruel,Aragón,ES,2,4,2,Monreal del Campo,4415301001,1363
4415301002,44153,002,01,153,44,02,4415301,44153,Teruel,Aragón,ES,2,4,2,Monreal del Campo,4415301002,1217
4415401001,44154,001,01,154,44,02,4415401,44154,Teruel,Aragón,ES,2,4,2,Monroyo,4415401001,327
4415501001,44155,001,01,155,44,02,4415501,44155,Teruel,Aragón,ES,2,4,2,Montalbán,4415501001,1161
4415601001,44156,001,01,156,44,02,4415601,44156,Teruel,Aragón,ES,2,4,2,Monteagudo del Castillo,4415601001,42
4415701001,44157,001,01,157,44,02,4415701,44157,Teruel,Aragón,ES,2,4,2,Monterde de Albarracín,4415701001,62
4415801001,44158,001,01,158,44,02,4415801,44158,Teruel,Aragón,ES,2,4,2,Mora de Rubielos,4415801001,1755
4415901001,44159,001,01,159,44,02,4415901,44159,Teruel,Aragón,ES,2,4,2,Moscardón,4415901001,63
4416001001,44160,001,01,160,44,02,4416001,44160,Teruel,Aragón,ES,2,4,2,Mosqueruela,4416001001,562
4416101001,44161,001,01,161,44,02,4416101,44161,Teruel,Aragón,ES,2,4,2,Muniesa,4416101001,580
4416301001,44163,001,01,163,44,02,4416301,44163,Teruel,Aragón,ES,2,4,2,Noguera de Albarracín,4416301001,131
4416401001,44164,001,01,164,44,02,4416401,44164,Teruel,Aragón,ES,2,4,2,Nogueras,4416401001,36
4416501001,44165,001,01,165,44,02,4416501,44165,Teruel,Aragón,ES,2,4,2,Nogueruelas,4416501001,188
4416701001,44167,001,01,167,44,02,4416701,44167,Teruel,Aragón,ES,2,4,2,Obón,4416701001,34
4416801001,44168,001,01,168,44,02,4416801,44168,Teruel,Aragón,ES,2,4,2,Odón,4416801001,194
4416901001,44169,001,01,169,44,02,4416901,44169,Teruel,Aragón,ES,2,4,2,Ojos Negros,4416901001,321
4417101001,44171,001,01,171,44,02,4417101,44171,Teruel,Aragón,ES,2,4,2,Olba,4417101001,286
4417201001,44172,001,01,172,44,02,4417201,44172,Teruel,Aragón,ES,2,4,2,Oliete,4417201001,354
4417301001,44173,001,01,173,44,02,4417301,44173,Teruel,Aragón,ES,2,4,2,"Olmos, Los",4417301001,113
4417401001,44174,001,01,174,44,02,4417401,44174,Teruel,Aragón,ES,2,4,2,Orihuela del Tremedal,4417401001,450
4417501001,44175,001,01,175,44,02,4417501,44175,Teruel,Aragón,ES,2,4,2,Orrios,4417501001,114
4417601001,44176,001,01,176,44,02,4417601,44176,Teruel,Aragón,ES,2,4,2,Palomar de Arroyos,4417601001,166
4417701001,44177,001,01,177,44,02,4417701,44177,Teruel,Aragón,ES,2,4,2,Pancrudo,4417701001,118
4417801001,44178,001,01,178,44,02,4417801,44178,Teruel,Aragón,ES,2,4,2,"Parras de Castellote, Las",4417801001,57
4417901001,44179,001,01,179,44,02,4417901,44179,Teruel,Aragón,ES,2,4,2,Peñarroya de Tastavins,4417901001,470
4418001001,44180,001,01,180,44,02,4418001,44180,Teruel,Aragón,ES,2,4,2,Peracense,4418001001,67
4418101001,44181,001,01,181,44,02,4418101,44181,Teruel,Aragón,ES,2,4,2,Peralejos,4418101001,91
4418201001,44182,001,01,182,44,02,4418201,44182,Teruel,Aragón,ES,2,4,2,Perales del Alfambra,4418201001,291
4418301001,44183,001,01,183,44,02,4418301,44183,Teruel,Aragón,ES,2,4,2,Pitarque,4418301001,61
4418401001,44184,001,01,184,44,02,4418401,44184,Teruel,Aragón,ES,2,4,2,Plou,4418401001,43
4418501001,44185,001,01,185,44,02,4418501,44185,Teruel,Aragón,ES,2,4,2,"Pobo, El",4418501001,97
4418701001,44187,001,01,187,44,02,4418701,44187,Teruel,Aragón,ES,2,4,2,"Portellada, La",4418701001,250
4418901001,44189,001,01,189,44,02,4418901,44189,Teruel,Aragón,ES,2,4,2,Pozondón,4418901001,53
4419001001,44190,001,01,190,44,02,4419001,44190,Teruel,Aragón,ES,2,4,2,Pozuel del Campo,4419001001,76
4419101001,44191,001,01,191,44,02,4419101,44191,Teruel,Aragón,ES,2,4,2,"Puebla de Híjar, La",4419101001,934
4419201001,44192,001,01,192,44,02,4419201,44192,Teruel,Aragón,ES,2,4,2,"Puebla de Valverde, La",4419201001,483
4419301001,44193,001,01,193,44,02,4419301,44193,Teruel,Aragón,ES,2,4,2,Puertomingalvo,4419301001,135
4419401001,44194,001,01,194,44,02,4419401,44194,Teruel,Aragón,ES,2,4,2,Ráfales,4419401001,147
4419501001,44195,001,01,195,44,02,4419501,44195,Teruel,Aragón,ES,2,4,2,Rillo,4419501001,94
4419601001,44196,001,01,196,44,02,4419601,44196,Teruel,Aragón,ES,2,4,2,Riodeva,4419601001,113
4419701001,44197,001,01,197,44,02,4419701,44197,Teruel,Aragón,ES,2,4,2,Ródenas,4419701001,57
4419801001,44198,001,01,198,44,02,4419801,44198,Teruel,Aragón,ES,2,4,2,Royuela,4419801001,228
4419901001,44199,001,01,199,44,02,4419901,44199,Teruel,Aragón,ES,2,4,2,Rubiales,4419901001,43
4420001001,44200,001,01,200,44,02,4420001,44200,Teruel,Aragón,ES,2,4,2,Rubielos de la Cérida,4420001001,20
4420101001,44201,001,01,201,44,02,4420101,44201,Teruel,Aragón,ES,2,4,2,Rubielos de Mora,4420101001,610
4420301001,44203,001,01,203,44,02,4420301,44203,Teruel,Aragón,ES,2,4,2,Salcedillo,4420301001,14
4420401001,44204,001,01,204,44,02,4420401,44204,Teruel,Aragón,ES,2,4,2,Saldón,4420401001,32
4420501001,44205,001,01,205,44,02,4420501,44205,Teruel,Aragón,ES,2,4,2,Samper de Calanda,4420501001,733
4420601001,44206,001,01,206,44,02,4420601,44206,Teruel,Aragón,ES,2,4,2,San Agustín,4420601001,131
4420701001,44207,001,01,207,44,02,4420701,44207,Teruel,Aragón,ES,2,4,2,San Martín del Río,4420701001,137
4420801001,44208,001,01,208,44,02,4420801,44208,Teruel,Aragón,ES,2,4,2,Santa Cruz de Nogueras,4420801001,25
4420901001,44209,001,01,209,44,02,4420901,44209,Teruel,Aragón,ES,2,4,2,Santa Eulalia,4420901001,1004
4421001001,44210,001,01,210,44,02,4421001,44210,Teruel,Aragón,ES,2,4,2,Sarrión,4421001001,1260
4421101001,44211,001,01,211,44,02,4421101,44211,Teruel,Aragón,ES,2,4,2,Segura de los Baños,4421101001,55
4421201001,44212,001,01,212,44,02,4421201,44212,Teruel,Aragón,ES,2,4,2,Seno,4421201001,39
4421301001,44213,001,01,213,44,02,4421301,44213,Teruel,Aragón,ES,2,4,2,Singra,4421301001,76
4421501001,44215,001,01,215,44,02,4421501,44215,Teruel,Aragón,ES,2,4,2,Terriente,4421501001,194
4421601001,44216,001,01,216,44,02,4421601,44216,Teruel,Aragón,ES,2,4,2,Teruel,4421601001,1703
4421601002,44216,002,01,216,44,02,4421601,44216,Teruel,Aragón,ES,2,4,2,Teruel,4421601002,1915
4421602001,44216,001,02,216,44,02,4421602,44216,Teruel,Aragón,ES,2,4,2,Teruel,4421602001,2005
4421602002,44216,002,02,216,44,02,4421602,44216,Teruel,Aragón,ES,2,4,2,Teruel,4421602002,1030
4421602003,44216,003,02,216,44,02,4421602,44216,Teruel,Aragón,ES,2,4,2,Teruel,4421602003,1534
4421602004,44216,004,02,216,44,02,4421602,44216,Teruel,Aragón,ES,2,4,2,Teruel,4421602004,1499
4421602005,44216,005,02,216,44,02,4421602,44216,Teruel,Aragón,ES,2,4,2,Teruel,4421602005,1503
4421602006,44216,006,02,216,44,02,4421602,44216,Teruel,Aragón,ES,2,4,2,Teruel,4421602006,2120
4421602007,44216,007,02,216,44,02,4421602,44216,Teruel,Aragón,ES,2,4,2,Teruel,4421602007,1054
4421603001,44216,001,03,216,44,02,4421603,44216,Teruel,Aragón,ES,2,4,2,Teruel,4421603001,1460
4421603002,44216,002,03,216,44,02,4421603,44216,Teruel,Aragón,ES,2,4,2,Teruel,4421603002,1861
4421603003,44216,003,03,216,44,02,4421603,44216,Teruel,Aragón,ES,2,4,2,Teruel,4421603003,1478
4421603004,44216,004,03,216,44,02,4421603,44216,Teruel,Aragón,ES,2,4,2,Teruel,4421603004,1606
4421603005,44216,005,03,216,44,02,4421603,44216,Teruel,Aragón,ES,2,4,2,Teruel,4421603005,1715
4421603006,44216,006,03,216,44,02,4421603,44216,Teruel,Aragón,ES,2,4,2,Teruel,4421603006,1919
4421603007,44216,007,03,216,44,02,4421603,44216,Teruel,Aragón,ES,2,4,2,Teruel,4421603007,1508
4421603008,44216,008,03,216,44,02,4421603,44216,Teruel,Aragón,ES,2,4,2,Teruel,4421603008,2333
4421603009,44216,009,03,216,44,02,4421603,44216,Teruel,Aragón,ES,2,4,2,Teruel,4421603009,1696
4421603010,44216,010,03,216,44,02,4421603,44216,Teruel,Aragón,ES,2,4,2,Teruel,4421603010,1914
4421603011,44216,011,03,216,44,02,4421603,44216,Teruel,Aragón,ES,2,4,2,Teruel,4421603011,1414
4421603012,44216,012,03,216,44,02,4421603,44216,Teruel,Aragón,ES,2,4,2,Teruel,4421603012,1069
4421604001,44216,001,04,216,44,02,4421604,44216,Teruel,Aragón,ES,2,4,2,Teruel,4421604001,2185
4421701001,44217,001,01,217,44,02,4421701,44217,Teruel,Aragón,ES,2,4,2,Toril y Masegoso,4421701001,30
4421801001,44218,001,01,218,44,02,4421801,44218,Teruel,Aragón,ES,2,4,2,Tormón,4421801001,28
4421901001,44219,001,01,219,44,02,4421901,44219,Teruel,Aragón,ES,2,4,2,Tornos,4421901001,174
4422001001,44220,001,01,220,44,02,4422001,44220,Teruel,Aragón,ES,2,4,2,Torralba de los Sisones,4422001001,145
4422101001,44221,001,01,221,44,02,4422101,44221,Teruel,Aragón,ES,2,4,2,Torrecilla de Alcañiz,4422101001,440
4422201001,44222,001,01,222,44,02,4422201,44222,Teruel,Aragón,ES,2,4,2,Torrecilla del Rebollar,4422201001,115
4422301001,44223,001,01,223,44,02,4422301,44223,Teruel,Aragón,ES,2,4,2,Torre de Arcas,4422301001,76
4422401001,44224,001,01,224,44,02,4422401,44224,Teruel,Aragón,ES,2,4,2,Torre de las Arcas,4422401001,19
4422501001,44225,001,01,225,44,02,4422501,44225,Teruel,Aragón,ES,2,4,2,Torre del Compte,4422501001,118
4422601001,44226,001,01,226,44,02,4422601,44226,Teruel,Aragón,ES,2,4,2,Torrelacárcel,4422601001,130
4422701001,44227,001,01,227,44,02,4422701,44227,Teruel,Aragón,ES,2,4,2,Torre los Negros,4422701001,77
4422801001,44228,001,01,228,44,02,4422801,44228,Teruel,Aragón,ES,2,4,2,Torremocha de Jiloca,4422801001,117
4422901001,44229,001,01,229,44,02,4422901,44229,Teruel,Aragón,ES,2,4,2,Torres de Albarracín,4422901001,184
4423001001,44230,001,01,230,44,02,4423001,44230,Teruel,Aragón,ES,2,4,2,Torrevelilla,4423001001,161
4423101001,44231,001,01,231,44,02,4423101,44231,Teruel,Aragón,ES,2,4,2,Torrijas,4423101001,36
4423201001,44232,001,01,232,44,02,4423201,44232,Teruel,Aragón,ES,2,4,2,Torrijo del Campo,4423201001,509
4423401001,44234,001,01,234,44,02,4423401,44234,Teruel,Aragón,ES,2,4,2,Tramacastiel,4423401001,62
4423501001,44235,001,01,235,44,02,4423501,44235,Teruel,Aragón,ES,2,4,2,Tramacastilla,4423501001,134
4423601001,44236,001,01,236,44,02,4423601,44236,Teruel,Aragón,ES,2,4,2,Tronchón,4423601001,56
4423701001,44237,001,01,237,44,02,4423701,44237,Teruel,Aragón,ES,2,4,2,Urrea de Gaén,4423701001,452
4423801001,44238,001,01,238,44,02,4423801,44238,Teruel,Aragón,ES,2,4,2,Utrillas,4423801001,794
4423802001,44238,001,02,238,44,02,4423802,44238,Teruel,Aragón,ES,2,4,2,Utrillas,4423802001,697
4423802002,44238,002,02,238,44,02,4423802,44238,Teruel,Aragón,ES,2,4,2,Utrillas,4423802002,792
4423802003,44238,003,02,238,44,02,4423802,44238,Teruel,Aragón,ES,2,4,2,Utrillas,4423802003,790
4423901001,44239,001,01,239,44,02,4423901,44239,Teruel,Aragón,ES,2,4,2,Valacloche,4423901001,33
4424001001,44240,001,01,240,44,02,4424001,44240,Teruel,Aragón,ES,2,4,2,Valbona,4424001001,187
4424101001,44241,001,01,241,44,02,4424101,44241,Teruel,Aragón,ES,2,4,2,Valdealgorfa,4424101001,582
4424301001,44243,001,01,243,44,02,4424301,44243,Teruel,Aragón,ES,2,4,2,Valdecuenca,4424301001,33
4424401001,44244,001,01,244,44,02,4424401,44244,Teruel,Aragón,ES,2,4,2,Valdelinares,4424401001,82
4424501001,44245,001,01,245,44,02,4424501,44245,Teruel,Aragón,ES,2,4,2,Valdeltormo,4424501001,304
4424601001,44246,001,01,246,44,02,4424601,44246,Teruel,Aragón,ES,2,4,2,Valderrobres,4424601001,2537
4424701001,44247,001,01,247,44,02,4424701,44247,Teruel,Aragón,ES,2,4,2,Valjunquera,4424701001,336
4424901001,44249,001,01,249,44,02,4424901,44249,Teruel,Aragón,ES,2,4,2,"Vallecillo, El",4424901001,40
4425001001,44250,001,01,250,44,02,4425001,44250,Teruel,Aragón,ES,2,4,2,Veguillas de la Sierra,4425001001,27
4425101001,44251,001,01,251,44,02,4425101,44251,Teruel,Aragón,ES,2,4,2,Villafranca del Campo,4425101001,290
4425201001,44252,001,01,252,44,02,4425201,44252,Teruel,Aragón,ES,2,4,2,Villahermosa del Campo,4425201001,93
4425601001,44256,001,01,256,44,02,4425601,44256,Teruel,Aragón,ES,2,4,2,Villanueva del Rebollar de la Sierra,4425601001,49
4425701001,44257,001,01,257,44,02,4425701,44257,Teruel,Aragón,ES,2,4,2,Villar del Cobo,4425701001,163
4425801001,44258,001,01,258,44,02,4425801,44258,Teruel,Aragón,ES,2,4,2,Villar del Salz,4425801001,59
4426001001,44260,001,01,260,44,02,4426001,44260,Teruel,Aragón,ES,2,4,2,Villarluengo,4426001001,157
4426101001,44261,001,01,261,44,02,4426101,44261,Teruel,Aragón,ES,2,4,2,Villarquemado,4426101001,900
4426201001,44262,001,01,262,44,02,4426201,44262,Teruel,Aragón,ES,2,4,2,Villarroya de los Pinares,4426201001,160
4426301001,44263,001,01,263,44,02,4426301,44263,Teruel,Aragón,ES,2,4,2,Villastar,4426301001,566
4426401001,44264,001,01,264,44,02,4426401,44264,Teruel,Aragón,ES,2,4,2,Villel,4426401001,338
4426501001,44265,001,01,265,44,02,4426501,44265,Teruel,Aragón,ES,2,4,2,Vinaceite,4426501001,180
4426601001,44266,001,01,266,44,02,4426601,44266,Teruel,Aragón,ES,2,4,2,Visiedo,4426601001,133
4426701001,44267,001,01,267,44,02,4426701,44267,Teruel,Aragón,ES,2,4,2,Vivel del Río Martín,4426701001,63
4426801001,44268,001,01,268,44,02,4426801,44268,Teruel,Aragón,ES,2,4,2,"Zoma, La",4426801001,28
5000101001,50001,001,01,001,50,02,5000101,50001,Zaragoza,Aragón,ES,2,4,3,Abanto,5000101001,78
5000201001,50002,001,01,002,50,02,5000201,50002,Zaragoza,Aragón,ES,2,4,3,Acered,5000201001,134
5000301001,50003,001,01,003,50,02,5000301,50003,Zaragoza,Aragón,ES,2,4,3,Agón,5000301001,135
5000401001,50004,001,01,004,50,02,5000401,50004,Zaragoza,Aragón,ES,2,4,3,Aguarón,5000401001,604
5000501001,50005,001,01,005,50,02,5000501,50005,Zaragoza,Aragón,ES,2,4,3,Aguilón,5000501001,267
5000601001,50006,001,01,006,50,02,5000601,50006,Zaragoza,Aragón,ES,2,4,3,Ainzón,5000601001,1037
5000701001,50007,001,01,007,50,02,5000701,50007,Zaragoza,Aragón,ES,2,4,3,Aladrén,5000701001,62
5000801001,50008,001,01,008,50,02,5000801,50008,Zaragoza,Aragón,ES,2,4,3,Alagón,5000801001,1175
5000801004,50008,004,01,008,50,02,5000801,50008,Zaragoza,Aragón,ES,2,4,3,Alagón,5000801004,1894
5000901001,50009,001,01,009,50,02,5000901,50009,Zaragoza,Aragón,ES,2,4,3,Alarba,5000901001,91
5001001001,50010,001,01,010,50,02,5001001,50010,Zaragoza,Aragón,ES,2,4,3,Alberite de San Juan,5001001001,78
5001101001,50011,001,01,011,50,02,5001101,50011,Zaragoza,Aragón,ES,2,4,3,Albeta,5001101001,139
5001201001,50012,001,01,012,50,02,5001201,50012,Zaragoza,Aragón,ES,2,4,3,Alborge,5001201001,104
5001301001,50013,001,01,013,50,02,5001301,50013,Zaragoza,Aragón,ES,2,4,3,Alcalá de Ebro,5001301001,245
5001401001,50014,001,01,014,50,02,5001401,50014,Zaragoza,Aragón,ES,2,4,3,Alcalá de Moncayo,5001401001,147
5001501001,50015,001,01,015,50,02,5001501,50015,Zaragoza,Aragón,ES,2,4,3,Alconchel de Ariza,5001501001,79
5001601001,50016,001,01,016,50,02,5001601,50016,Zaragoza,Aragón,ES,2,4,3,Aldehuela de Liestos,5001601001,48
5001701001,50017,001,01,017,50,02,5001701,50017,Zaragoza,Aragón,ES,2,4,3,Alfajarín,5001701001,2420
5001801001,50018,001,01,018,50,02,5001801,50018,Zaragoza,Aragón,ES,2,4,3,Alfamén,5001801001,1463
5001901001,50019,001,01,019,50,02,5001901,50019,Zaragoza,Aragón,ES,2,4,3,Alforque,5001901001,57
5002001001,50020,001,01,020,50,02,5002001,50020,Zaragoza,Aragón,ES,2,4,3,Alhama de Aragón,5002001001,918
5002101001,50021,001,01,021,50,02,5002101,50021,Zaragoza,Aragón,ES,2,4,3,Almochuel,5002101001,22
5002201001,50022,001,01,022,50,02,5002201,50022,Zaragoza,Aragón,ES,2,4,3,"Almolda, La",5002201001,522
5002301001,50023,001,01,023,50,02,5002301,50023,Zaragoza,Aragón,ES,2,4,3,Almonacid de la Cuba,5002301001,220
5002401001,50024,001,01,024,50,02,5002401,50024,Zaragoza,Aragón,ES,2,4,3,Almonacid de la Sierra,5002401001,764
5002501001,50025,001,01,025,50,02,5002501,50025,Zaragoza,Aragón,ES,2,4,3,"Almunia de Doña Godina, La",5002501001,2605
5002501002,50025,002,01,025,50,02,5002501,50025,Zaragoza,Aragón,ES,2,4,3,"Almunia de Doña Godina, La",5002501002,3207
5002502001,50025,001,02,025,50,02,5002502,50025,Zaragoza,Aragón,ES,2,4,3,"Almunia de Doña Godina, La",5002502001,2232
5002601001,50026,001,01,026,50,02,5002601,50026,Zaragoza,Aragón,ES,2,4,3,Alpartir,5002601001,605
5002701001,50027,001,01,027,50,02,5002701,50027,Zaragoza,Aragón,ES,2,4,3,Ambel,5002701001,253
5002801001,50028,001,01,028,50,02,5002801,50028,Zaragoza,Aragón,ES,2,4,3,Anento,5002801001,121
5002901001,50029,001,01,029,50,02,5002901,50029,Zaragoza,Aragón,ES,2,4,3,Aniñón,5002901001,676
5003001001,50030,001,01,030,50,02,5003001,50030,Zaragoza,Aragón,ES,2,4,3,Añón de Moncayo,5003001001,208
5003101001,50031,001,01,031,50,02,5003101,50031,Zaragoza,Aragón,ES,2,4,3,Aranda de Moncayo,5003101001,110
5003201001,50032,001,01,032,50,02,5003201,50032,Zaragoza,Aragón,ES,2,4,3,Arándiga,5003201001,278
5003301001,50033,001,01,033,50,02,5003301,50033,Zaragoza,Aragón,ES,2,4,3,Ardisa,5003301001,74
5003401001,50034,001,01,034,50,02,5003401,50034,Zaragoza,Aragón,ES,2,4,3,Ariza,5003401001,1089
5003501001,50035,001,01,035,50,02,5003501,50035,Zaragoza,Aragón,ES,2,4,3,Artieda,5003501001,90
5003601001,50036,001,01,036,50,02,5003601,50036,Zaragoza,Aragón,ES,2,4,3,Asín,5003601001,86
5003701001,50037,001,01,037,50,02,5003701,50037,Zaragoza,Aragón,ES,2,4,3,Atea,5003701001,143
5003801001,50038,001,01,038,50,02,5003801,50038,Zaragoza,Aragón,ES,2,4,3,Ateca,5003801001,1784
5003901001,50039,001,01,039,50,02,5003901,50039,Zaragoza,Aragón,ES,2,4,3,Azuara,5003901001,550
5004001001,50040,001,01,040,50,02,5004001,50040,Zaragoza,Aragón,ES,2,4,3,Badules,5004001001,82
5004101001,50041,001,01,041,50,02,5004101,50041,Zaragoza,Aragón,ES,2,4,3,Bagüés,5004101001,16
5004201001,50042,001,01,042,50,02,5004201,50042,Zaragoza,Aragón,ES,2,4,3,Balconchán,5004201001,19
5004301001,50043,001,01,043,50,02,5004301,50043,Zaragoza,Aragón,ES,2,4,3,Bárboles,5004301001,277
5004401001,50044,001,01,044,50,02,5004401,50044,Zaragoza,Aragón,ES,2,4,3,Bardallur,5004401001,240
5004501001,50045,001,01,045,50,02,5004501,50045,Zaragoza,Aragón,ES,2,4,3,Belchite,5004501001,824
5004501002,50045,002,01,045,50,02,5004501,50045,Zaragoza,Aragón,ES,2,4,3,Belchite,5004501002,673
5004601001,50046,001,01,046,50,02,5004601,50046,Zaragoza,Aragón,ES,2,4,3,Belmonte de Gracián,5004601001,184
5004701001,50047,001,01,047,50,02,5004701,50047,Zaragoza,Aragón,ES,2,4,3,Berdejo,5004701001,40
5004801001,50048,001,01,048,50,02,5004801,50048,Zaragoza,Aragón,ES,2,4,3,Berrueco,5004801001,32
5005001001,50050,001,01,050,50,02,5005001,50050,Zaragoza,Aragón,ES,2,4,3,Bijuesca,5005001001,95
5005101001,50051,001,01,051,50,02,5005101,50051,Zaragoza,Aragón,ES,2,4,3,Biota,5005101001,830
5005201001,50052,001,01,052,50,02,5005201,50052,Zaragoza,Aragón,ES,2,4,3,Bisimbre,5005201001,98
5005301001,50053,001,01,053,50,02,5005301,50053,Zaragoza,Aragón,ES,2,4,3,Boquiñeni,5005301001,748
5005401001,50054,001,01,054,50,02,5005401,50054,Zaragoza,Aragón,ES,2,4,3,Bordalba,5005401001,47
5005501001,50055,001,01,055,50,02,5005501,50055,Zaragoza,Aragón,ES,2,4,3,Borja,5005501001,2733
5005502001,50055,001,02,055,50,02,5005502,50055,Zaragoza,Aragón,ES,2,4,3,Borja,5005502001,2459
5005601001,50056,001,01,056,50,02,5005601,50056,Zaragoza,Aragón,ES,2,4,3,Botorrita,5005601001,589
5005701001,50057,001,01,057,50,02,5005701,50057,Zaragoza,Aragón,ES,2,4,3,Brea de Aragón,5005701001,1519
5005801001,50058,001,01,058,50,02,5005801,50058,Zaragoza,Aragón,ES,2,4,3,Bubierca,5005801001,66
5005901001,50059,001,01,059,50,02,5005901,50059,Zaragoza,Aragón,ES,2,4,3,Bujaraloz,5005901001,944
5006001001,50060,001,01,060,50,02,5006001,50060,Zaragoza,Aragón,ES,2,4,3,Bulbuente,5006001001,249
5006101001,50061,001,01,061,50,02,5006101,50061,Zaragoza,Aragón,ES,2,4,3,Bureta,5006101001,208
5006301001,50063,001,01,063,50,02,5006301,50063,Zaragoza,Aragón,ES,2,4,3,"Buste, El",5006301001,60
5006401001,50064,001,01,064,50,02,5006401,50064,Zaragoza,Aragón,ES,2,4,3,Cabañas de Ebro,5006401001,476
5006501001,50065,001,01,065,50,02,5006501,50065,Zaragoza,Aragón,ES,2,4,3,Cabolafuente,5006501001,50
5006601001,50066,001,01,066,50,02,5006601,50066,Zaragoza,Aragón,ES,2,4,3,Cadrete,5006601001,2540
5006601002,50066,002,01,066,50,02,5006601,50066,Zaragoza,Aragón,ES,2,4,3,Cadrete,5006601002,2124
5006701001,50067,001,01,067,50,02,5006701,50067,Zaragoza,Aragón,ES,2,4,3,Calatayud,5006701001,1719
5006701002,50067,002,01,067,50,02,5006701,50067,Zaragoza,Aragón,ES,2,4,3,Calatayud,5006701002,1331
5006701003,50067,003,01,067,50,02,5006701,50067,Zaragoza,Aragón,ES,2,4,3,Calatayud,5006701003,1498
5006701004,50067,004,01,067,50,02,5006701,50067,Zaragoza,Aragón,ES,2,4,3,Calatayud,5006701004,2209
5006701005,50067,005,01,067,50,02,5006701,50067,Zaragoza,Aragón,ES,2,4,3,Calatayud,5006701005,1765
5006701006,50067,006,01,067,50,02,5006701,50067,Zaragoza,Aragón,ES,2,4,3,Calatayud,5006701006,1641
5006702001,50067,001,02,067,50,02,5006702,50067,Zaragoza,Aragón,ES,2,4,3,Calatayud,5006702001,1518
5006702002,50067,002,02,067,50,02,5006702,50067,Zaragoza,Aragón,ES,2,4,3,Calatayud,5006702002,1391
5006702003,50067,003,02,067,50,02,5006702,50067,Zaragoza,Aragón,ES,2,4,3,Calatayud,5006702003,1207
5006702004,50067,004,02,067,50,02,5006702,50067,Zaragoza,Aragón,ES,2,4,3,Calatayud,5006702004,1094
5006702005,50067,005,02,067,50,02,5006702,50067,Zaragoza,Aragón,ES,2,4,3,Calatayud,5006702005,1589
5006703001,50067,001,03,067,50,02,5006703,50067,Zaragoza,Aragón,ES,2,4,3,Calatayud,5006703001,915
5006703002,50067,002,03,067,50,02,5006703,50067,Zaragoza,Aragón,ES,2,4,3,Calatayud,5006703002,1062
5006704001,50067,001,04,067,50,02,5006704,50067,Zaragoza,Aragón,ES,2,4,3,Calatayud,5006704001,1213
5006801001,50068,001,01,068,50,02,5006801,50068,Zaragoza,Aragón,ES,2,4,3,Calatorao,5006801001,1150
5006801002,50068,002,01,068,50,02,5006801,50068,Zaragoza,Aragón,ES,2,4,3,Calatorao,5006801002,1810
5006901001,50069,001,01,069,50,02,5006901,50069,Zaragoza,Aragón,ES,2,4,3,Calcena,5006901001,65
5007001001,50070,001,01,070,50,02,5007001,50070,Zaragoza,Aragón,ES,2,4,3,Calmarza,5007001001,57
5007101001,50071,001,01,071,50,02,5007101,50071,Zaragoza,Aragón,ES,2,4,3,Campillo de Aragón,5007101001,114
5007201001,50072,001,01,072,50,02,5007201,50072,Zaragoza,Aragón,ES,2,4,3,Carenas,5007201001,170
5007301001,50073,001,01,073,50,02,5007301,50073,Zaragoza,Aragón,ES,2,4,3,Cariñena,5007301001,2498
5007302001,50073,001,02,073,50,02,5007302,50073,Zaragoza,Aragón,ES,2,4,3,Cariñena,5007302001,1103
5007401001,50074,001,01,074,50,02,5007401,50074,Zaragoza,Aragón,ES,2,4,3,Caspe,5007401001,1767
5007402001,50074,001,02,074,50,02,5007402,50074,Zaragoza,Aragón,ES,2,4,3,Caspe,5007402001,1516
5007403001,50074,001,03,074,50,02,5007403,50074,Zaragoza,Aragón,ES,2,4,3,Caspe,5007403001,1997
5007403002,50074,002,03,074,50,02,5007403,50074,Zaragoza,Aragón,ES,2,4,3,Caspe,5007403002,1521
5007404001,50074,001,04,074,50,02,5007404,50074,Zaragoza,Aragón,ES,2,4,3,Caspe,5007404001,1384
5007404002,50074,002,04,074,50,02,5007404,50074,Zaragoza,Aragón,ES,2,4,3,Caspe,5007404002,2220
5007501001,50075,001,01,075,50,02,5007501,50075,Zaragoza,Aragón,ES,2,4,3,Castejón de Alarba,5007501001,74
5007601001,50076,001,01,076,50,02,5007601,50076,Zaragoza,Aragón,ES,2,4,3,Castejón de las Armas,5007601001,88
5007701001,50077,001,01,077,50,02,5007701,50077,Zaragoza,Aragón,ES,2,4,3,Castejón de Valdejasa,5007701001,188
5007801001,50078,001,01,078,50,02,5007801,50078,Zaragoza,Aragón,ES,2,4,3,Castiliscar,5007801001,220
5007901001,50079,001,01,079,50,02,5007901,50079,Zaragoza,Aragón,ES,2,4,3,Cervera de la Cañada,5007901001,263
5008001001,50080,001,01,080,50,02,5008001,50080,Zaragoza,Aragón,ES,2,4,3,Cerveruela,5008001001,38
5008101001,50081,001,01,081,50,02,5008101,50081,Zaragoza,Aragón,ES,2,4,3,Cetina,5008101001,536
5008201001,50082,001,01,082,50,02,5008201,50082,Zaragoza,Aragón,ES,2,4,3,Cimballa,5008201001,71
5008301001,50083,001,01,083,50,02,5008301,50083,Zaragoza,Aragón,ES,2,4,3,Cinco Olivas,5008301001,97
5008401001,50084,001,01,084,50,02,5008401,50084,Zaragoza,Aragón,ES,2,4,3,Clarés de Ribota,5008401001,73
5008501001,50085,001,01,085,50,02,5008501,50085,Zaragoza,Aragón,ES,2,4,3,Codo,5008501001,204
5008601001,50086,001,01,086,50,02,5008601,50086,Zaragoza,Aragón,ES,2,4,3,Codos,5008601001,241
5008701001,50087,001,01,087,50,02,5008701,50087,Zaragoza,Aragón,ES,2,4,3,Contamina,5008701001,34
5008801001,50088,001,01,088,50,02,5008801,50088,Zaragoza,Aragón,ES,2,4,3,Cosuenda,5008801001,343
5008901001,50089,001,01,089,50,02,5008901,50089,Zaragoza,Aragón,ES,2,4,3,Cuarte de Huerva,5008901001,2211
5008901003,50089,003,01,089,50,02,5008901,50089,Zaragoza,Aragón,ES,2,4,3,Cuarte de Huerva,5008901003,2498
5008901005,50089,005,01,089,50,02,5008901,50089,Zaragoza,Aragón,ES,2,4,3,Cuarte de Huerva,5008901005,2170
5008901006,50089,006,01,089,50,02,5008901,50089,Zaragoza,Aragón,ES,2,4,3,Cuarte de Huerva,5008901006,2555
5009001001,50090,001,01,090,50,02,5009001,50090,Zaragoza,Aragón,ES,2,4,3,Cubel,5009001001,145
5009101001,50091,001,01,091,50,02,5009101,50091,Zaragoza,Aragón,ES,2,4,3,"Cuerlas, Las",5009101001,44
5009201001,50092,001,01,092,50,02,5009201,50092,Zaragoza,Aragón,ES,2,4,3,Chiprana,5009201001,505
5009301001,50093,001,01,093,50,02,5009301,50093,Zaragoza,Aragón,ES,2,4,3,Chodes,5009301001,98
5009401001,50094,001,01,094,50,02,5009401,50094,Zaragoza,Aragón,ES,2,4,3,Daroca,5009401001,943
5009402001,50094,001,02,094,50,02,5009402,50094,Zaragoza,Aragón,ES,2,4,3,Daroca,5009402001,957
5009501001,50095,001,01,095,50,02,5009501,50095,Zaragoza,Aragón,ES,2,4,3,Ejea de los Caballeros,5009501001,1553
5009501002,50095,002,01,095,50,02,5009501,50095,Zaragoza,Aragón,ES,2,4,3,Ejea de los Caballeros,5009501002,1541
5009501004,50095,004,01,095,50,02,5009501,50095,Zaragoza,Aragón,ES,2,4,3,Ejea de los Caballeros,5009501004,1217
5009501005,50095,005,01,095,50,02,5009501,50095,Zaragoza,Aragón,ES,2,4,3,Ejea de los Caballeros,5009501005,1295
5009501007,50095,007,01,095,50,02,5009501,50095,Zaragoza,Aragón,ES,2,4,3,Ejea de los Caballeros,5009501007,1388
5009502002,50095,002,02,095,50,02,5009502,50095,Zaragoza,Aragón,ES,2,4,3,Ejea de los Caballeros,5009502002,1330
5009502003,50095,003,02,095,50,02,5009502,50095,Zaragoza,Aragón,ES,2,4,3,Ejea de los Caballeros,5009502003,1561
5009502004,50095,004,02,095,50,02,5009502,50095,Zaragoza,Aragón,ES,2,4,3,Ejea de los Caballeros,5009502004,1386
5009502006,50095,006,02,095,50,02,5009502,50095,Zaragoza,Aragón,ES,2,4,3,Ejea de los Caballeros,5009502006,1289
5009502007,50095,007,02,095,50,02,5009502,50095,Zaragoza,Aragón,ES,2,4,3,Ejea de los Caballeros,5009502007,1261
5009502008,50095,008,02,095,50,02,5009502,50095,Zaragoza,Aragón,ES,2,4,3,Ejea de los Caballeros,5009502008,1763
5009601001,50096,001,01,096,50,02,5009601,50096,Zaragoza,Aragón,ES,2,4,3,Embid de Ariza,5009601001,28
5009801001,50098,001,01,098,50,02,5009801,50098,Zaragoza,Aragón,ES,2,4,3,Encinacorba,5009801001,175
5009901001,50099,001,01,099,50,02,5009901,50099,Zaragoza,Aragón,ES,2,4,3,Épila,5009901001,1280
5009901002,50099,002,01,099,50,02,5009901,50099,Zaragoza,Aragón,ES,2,4,3,Épila,5009901002,995
5009902001,50099,001,02,099,50,02,5009902,50099,Zaragoza,Aragón,ES,2,4,3,Épila,5009902001,1361
5009903001,50099,001,03,099,50,02,5009903,50099,Zaragoza,Aragón,ES,2,4,3,Épila,5009903001,1060
5010001001,50100,001,01,100,50,02,5010001,50100,Zaragoza,Aragón,ES,2,4,3,Erla,5010001001,372
5010101001,50101,001,01,101,50,02,5010101,50101,Zaragoza,Aragón,ES,2,4,3,Escatrón,5010101001,1191
5010201001,50102,001,01,102,50,02,5010201,50102,Zaragoza,Aragón,ES,2,4,3,Fabara,5010201001,1062
5010401001,50104,001,01,104,50,02,5010401,50104,Zaragoza,Aragón,ES,2,4,3,Farlete,5010401001,374
5010501001,50105,001,01,105,50,02,5010501,50105,Zaragoza,Aragón,ES,2,4,3,Fayón,5010501001,450
5010601001,50106,001,01,106,50,02,5010601,50106,Zaragoza,Aragón,ES,2,4,3,"Fayos, Los",5010601001,134
5010701001,50107,001,01,107,50,02,5010701,50107,Zaragoza,Aragón,ES,2,4,3,Figueruelas,5010701001,1310
5010801001,50108,001,01,108,50,02,5010801,50108,Zaragoza,Aragón,ES,2,4,3,Fombuena,5010801001,59
5010901001,50109,001,01,109,50,02,5010901,50109,Zaragoza,Aragón,ES,2,4,3,"Frago, El",5010901001,129
5011001001,50110,001,01,110,50,02,5011001,50110,Zaragoza,Aragón,ES,2,4,3,"Frasno, El",5011001001,370
5011101001,50111,001,01,111,50,02,5011101,50111,Zaragoza,Aragón,ES,2,4,3,Fréscano,5011101001,197
5011301001,50113,001,01,113,50,02,5011301,50113,Zaragoza,Aragón,ES,2,4,3,Fuendejalón,5011301001,795
5011401001,50114,001,01,114,50,02,5011401,50114,Zaragoza,Aragón,ES,2,4,3,Fuendetodos,5011401001,130
5011501001,50115,001,01,115,50,02,5011501,50115,Zaragoza,Aragón,ES,2,4,3,Fuentes de Ebro,5011501001,2651
5011501002,50115,002,01,115,50,02,5011501,50115,Zaragoza,Aragón,ES,2,4,3,Fuentes de Ebro,5011501002,2023
5011601001,50116,001,01,116,50,02,5011601,50116,Zaragoza,Aragón,ES,2,4,3,Fuentes de Jiloca,5011601001,203
5011701001,50117,001,01,117,50,02,5011701,50117,Zaragoza,Aragón,ES,2,4,3,Gallocanta,5011701001,128
5011801001,50118,001,01,118,50,02,5011801,50118,Zaragoza,Aragón,ES,2,4,3,Gallur,5011801001,1469
5011802001,50118,001,02,118,50,02,5011802,50118,Zaragoza,Aragón,ES,2,4,3,Gallur,5011802001,1179
5011901001,50119,001,01,119,50,02,5011901,50119,Zaragoza,Aragón,ES,2,4,3,Gelsa,5011901001,998
5012001001,50120,001,01,120,50,02,5012001,50120,Zaragoza,Aragón,ES,2,4,3,Godojos,5012001001,55
5012101001,50121,001,01,121,50,02,5012101,50121,Zaragoza,Aragón,ES,2,4,3,Gotor,5012101001,316
5012201001,50122,001,01,122,50,02,5012201,50122,Zaragoza,Aragón,ES,2,4,3,Grisel,5012201001,101
5012301001,50123,001,01,123,50,02,5012301,50123,Zaragoza,Aragón,ES,2,4,3,Grisén,5012301001,626
5012401001,50124,001,01,124,50,02,5012401,50124,Zaragoza,Aragón,ES,2,4,3,Herrera de los Navarros,5012401001,495
5012501001,50125,001,01,125,50,02,5012501,50125,Zaragoza,Aragón,ES,2,4,3,Ibdes,5012501001,355
5012601001,50126,001,01,126,50,02,5012601,50126,Zaragoza,Aragón,ES,2,4,3,Illueca,5012601001,1317
5012601002,50126,002,01,126,50,02,5012601,50126,Zaragoza,Aragón,ES,2,4,3,Illueca,5012601002,1459
5012801001,50128,001,01,128,50,02,5012801,50128,Zaragoza,Aragón,ES,2,4,3,Isuerre,5012801001,32
5012901001,50129,001,01,129,50,02,5012901,50129,Zaragoza,Aragón,ES,2,4,3,Jaraba,5012901001,292
5013001001,50130,001,01,130,50,02,5013001,50130,Zaragoza,Aragón,ES,2,4,3,Jarque de Moncayo,5013001001,375
5013101001,50131,001,01,131,50,02,5013101,50131,Zaragoza,Aragón,ES,2,4,3,Jaulín,5013101001,305
5013201001,50132,001,01,132,50,02,5013201,50132,Zaragoza,Aragón,ES,2,4,3,"Joyosa, La",5013201001,1150
5013301001,50133,001,01,133,50,02,5013301,50133,Zaragoza,Aragón,ES,2,4,3,Lagata,5013301001,113
5013401001,50134,001,01,134,50,02,5013401,50134,Zaragoza,Aragón,ES,2,4,3,Langa del Castillo,5013401001,110
5013501001,50135,001,01,135,50,02,5013501,50135,Zaragoza,Aragón,ES,2,4,3,Layana,5013501001,94
5013601001,50136,001,01,136,50,02,5013601,50136,Zaragoza,Aragón,ES,2,4,3,Lécera,5013601001,581
5013701001,50137,001,01,137,50,02,5013701,50137,Zaragoza,Aragón,ES,2,4,3,Leciñena,5013701001,1087
5013801001,50138,001,01,138,50,02,5013801,50138,Zaragoza,Aragón,ES,2,4,3,Lechón,5013801001,39
5013901001,50139,001,01,139,50,02,5013901,50139,Zaragoza,Aragón,ES,2,4,3,Letux,5013901001,353
5014001001,50140,001,01,140,50,02,5014001,50140,Zaragoza,Aragón,ES,2,4,3,Litago,5014001001,172
5014101001,50141,001,01,141,50,02,5014101,50141,Zaragoza,Aragón,ES,2,4,3,Lituénigo,5014101001,121
5014201001,50142,001,01,142,50,02,5014201,50142,Zaragoza,Aragón,ES,2,4,3,Lobera de Onsella,5014201001,28
5014301001,50143,001,01,143,50,02,5014301,50143,Zaragoza,Aragón,ES,2,4,3,Longares,5014301001,805
5014401001,50144,001,01,144,50,02,5014401,50144,Zaragoza,Aragón,ES,2,4,3,Longás,5014401001,45
5014601001,50146,001,01,146,50,02,5014601,50146,Zaragoza,Aragón,ES,2,4,3,Lucena de Jalón,5014601001,226
5014701001,50147,001,01,147,50,02,5014701,50147,Zaragoza,Aragón,ES,2,4,3,Luceni,5014701001,1002
5014801001,50148,001,01,148,50,02,5014801,50148,Zaragoza,Aragón,ES,2,4,3,Luesia,5014801001,332
5014901001,50149,001,01,149,50,02,5014901,50149,Zaragoza,Aragón,ES,2,4,3,Luesma,5014901001,43
5015001001,50150,001,01,150,50,02,5015001,50150,Zaragoza,Aragón,ES,2,4,3,Lumpiaque,5015001001,889
5015101001,50151,001,01,151,50,02,5015101,50151,Zaragoza,Aragón,ES,2,4,3,Luna,5015101001,675
5015201001,50152,001,01,152,50,02,5015201,50152,Zaragoza,Aragón,ES,2,4,3,Maella,5015201001,1068
5015202001,50152,001,02,152,50,02,5015202,50152,Zaragoza,Aragón,ES,2,4,3,Maella,5015202001,1075
5015301001,50153,001,01,153,50,02,5015301,50153,Zaragoza,Aragón,ES,2,4,3,Magallón,5015301001,1102
5015401001,50154,001,01,154,50,02,5015401,50154,Zaragoza,Aragón,ES,2,4,3,Mainar,5015401001,162
5015501001,50155,001,01,155,50,02,5015501,50155,Zaragoza,Aragón,ES,2,4,3,Malanquilla,5015501001,71
5015601001,50156,001,01,156,50,02,5015601,50156,Zaragoza,Aragón,ES,2,4,3,Maleján,5015601001,282
5015701001,50157,001,01,157,50,02,5015701,50157,Zaragoza,Aragón,ES,2,4,3,Malón,5015701001,472
5015901001,50159,001,01,159,50,02,5015901,50159,Zaragoza,Aragón,ES,2,4,3,Maluenda,5015901001,896
5016001001,50160,001,01,160,50,02,5016001,50160,Zaragoza,Aragón,ES,2,4,3,Mallén,5016001001,859
5016002001,50160,001,02,160,50,02,5016002,50160,Zaragoza,Aragón,ES,2,4,3,Mallén,5016002001,2200
5016101001,50161,001,01,161,50,02,5016101,50161,Zaragoza,Aragón,ES,2,4,3,Manchones,5016101001,92
5016201001,50162,001,01,162,50,02,5016201,50162,Zaragoza,Aragón,ES,2,4,3,Mara,5016201001,161
5016301002,50163,002,01,163,50,02,5016301,50163,Zaragoza,Aragón,ES,2,4,3,María de Huerva,5016301002,1955
5016301003,50163,003,01,163,50,02,5016301,50163,Zaragoza,Aragón,ES,2,4,3,María de Huerva,5016301003,1721
5016401001,50164,001,01,164,50,02,5016401,50164,Zaragoza,Aragón,ES,2,4,3,Mediana de Aragón,5016401001,469
5016501001,50165,001,01,165,50,02,5016501,50165,Zaragoza,Aragón,ES,2,4,3,Mequinenza,5016501001,1257
5016502001,50165,001,02,165,50,02,5016502,50165,Zaragoza,Aragón,ES,2,4,3,Mequinenza,5016502001,982
5016601001,50166,001,01,166,50,02,5016601,50166,Zaragoza,Aragón,ES,2,4,3,Mesones de Isuela,5016601001,271
5016701001,50167,001,01,167,50,02,5016701,50167,Zaragoza,Aragón,ES,2,4,3,Mezalocha,5016701001,197
5016801001,50168,001,01,168,50,02,5016801,50168,Zaragoza,Aragón,ES,2,4,3,Mianos,5016801001,25
5016901001,50169,001,01,169,50,02,5016901,50169,Zaragoza,Aragón,ES,2,4,3,Miedes de Aragón,5016901001,412
5017001001,50170,001,01,170,50,02,5017001,50170,Zaragoza,Aragón,ES,2,4,3,Monegrillo,5017001001,378
5017101001,50171,001,01,171,50,02,5017101,50171,Zaragoza,Aragón,ES,2,4,3,Moneva,5017101001,107
5017201001,50172,001,01,172,50,02,5017201,50172,Zaragoza,Aragón,ES,2,4,3,Monreal de Ariza,5017201001,175
5017301001,50173,001,01,173,50,02,5017301,50173,Zaragoza,Aragón,ES,2,4,3,Monterde,5017301001,144
5017401001,50174,001,01,174,50,02,5017401,50174,Zaragoza,Aragón,ES,2,4,3,Montón,5017401001,88
5017501001,50175,001,01,175,50,02,5017501,50175,Zaragoza,Aragón,ES,2,4,3,Morata de Jalón,5017501001,1102
5017601001,50176,001,01,176,50,02,5017601,50176,Zaragoza,Aragón,ES,2,4,3,Morata de Jiloca,5017601001,266
5017701001,50177,001,01,177,50,02,5017701,50177,Zaragoza,Aragón,ES,2,4,3,Morés,5017701001,305
5017801001,50178,001,01,178,50,02,5017801,50178,Zaragoza,Aragón,ES,2,4,3,Moros,5017801001,275
5017901001,50179,001,01,179,50,02,5017901,50179,Zaragoza,Aragón,ES,2,4,3,Moyuela,5017901001,223
5018001001,50180,001,01,180,50,02,5018001,50180,Zaragoza,Aragón,ES,2,4,3,Mozota,5018001001,131
5018101001,50181,001,01,181,50,02,5018101,50181,Zaragoza,Aragón,ES,2,4,3,Muel,5018101001,1554
5018201001,50182,001,01,182,50,02,5018201,50182,Zaragoza,Aragón,ES,2,4,3,"Muela, La",5018201001,2635
5018201002,50182,002,01,182,50,02,5018201,50182,Zaragoza,Aragón,ES,2,4,3,"Muela, La",5018201002,2533
5018201003,50182,003,01,182,50,02,5018201,50182,Zaragoza,Aragón,ES,2,4,3,"Muela, La",5018201003,1557
5018301001,50183,001,01,183,50,02,5018301,50183,Zaragoza,Aragón,ES,2,4,3,Munébrega,5018301001,357
5018401001,50184,001,01,184,50,02,5018401,50184,Zaragoza,Aragón,ES,2,4,3,Murero,5018401001,85
5018501001,50185,001,01,185,50,02,5018501,50185,Zaragoza,Aragón,ES,2,4,3,Murillo de Gállego,5018501001,197
5018601001,50186,001,01,186,50,02,5018601,50186,Zaragoza,Aragón,ES,2,4,3,Navardún,5018601001,35
5018701001,50187,001,01,187,50,02,5018701,50187,Zaragoza,Aragón,ES,2,4,3,Nigüella,5018701001,58
5018801001,50188,001,01,188,50,02,5018801,50188,Zaragoza,Aragón,ES,2,4,3,Nombrevilla,5018801001,40
5018901001,50189,001,01,189,50,02,5018901,50189,Zaragoza,Aragón,ES,2,4,3,Nonaspe,5018901001,1005
5019001001,50190,001,01,190,50,02,5019001,50190,Zaragoza,Aragón,ES,2,4,3,Novallas,5019001001,859
5019101001,50191,001,01,191,50,02,5019101,50191,Zaragoza,Aragón,ES,2,4,3,Novillas,5019101001,508
5019201001,50192,001,01,192,50,02,5019201,50192,Zaragoza,Aragón,ES,2,4,3,Nuévalos,5019201001,325
5019301001,50193,001,01,193,50,02,5019301,50193,Zaragoza,Aragón,ES,2,4,3,Nuez de Ebro,5019301001,888
5019401001,50194,001,01,194,50,02,5019401,50194,Zaragoza,Aragón,ES,2,4,3,Olvés,5019401001,108
5019501001,50195,001,01,195,50,02,5019501,50195,Zaragoza,Aragón,ES,2,4,3,Orcajo,5019501001,65
5019601001,50196,001,01,196,50,02,5019601,50196,Zaragoza,Aragón,ES,2,4,3,Orera,5019601001,103
5019701001,50197,001,01,197,50,02,5019701,50197,Zaragoza,Aragón,ES,2,4,3,Orés,5019701001,71
5019801001,50198,001,01,198,50,02,5019801,50198,Zaragoza,Aragón,ES,2,4,3,Oseja,5019801001,42
5019901001,50199,001,01,199,50,02,5019901,50199,Zaragoza,Aragón,ES,2,4,3,Osera de Ebro,5019901001,444
5020001001,50200,001,01,200,50,02,5020001,50200,Zaragoza,Aragón,ES,2,4,3,Paniza,5020001001,570
5020101001,50201,001,01,201,50,02,5020101,50201,Zaragoza,Aragón,ES,2,4,3,Paracuellos de Jiloca,5020101001,612
5020201001,50202,001,01,202,50,02,5020201,50202,Zaragoza,Aragón,ES,2,4,3,Paracuellos de la Ribera,5020201001,111
5020301001,50203,001,01,203,50,02,5020301,50203,Zaragoza,Aragón,ES,2,4,3,Pastriz,5020301001,1321
5020401001,50204,001,01,204,50,02,5020401,50204,Zaragoza,Aragón,ES,2,4,3,Pedrola,5020401001,1375
5020401002,50204,002,01,204,50,02,5020401,50204,Zaragoza,Aragón,ES,2,4,3,Pedrola,5020401002,2468
5020501001,50205,001,01,205,50,02,5020501,50205,Zaragoza,Aragón,ES,2,4,3,"Pedrosas, Las",5020501001,118
5020601001,50206,001,01,206,50,02,5020601,50206,Zaragoza,Aragón,ES,2,4,3,Perdiguera,5020601001,557
5020701001,50207,001,01,207,50,02,5020701,50207,Zaragoza,Aragón,ES,2,4,3,Piedratajada,5020701001,97
5020801001,50208,001,01,208,50,02,5020801,50208,Zaragoza,Aragón,ES,2,4,3,Pina de Ebro,5020801001,820
5020801002,50208,002,01,208,50,02,5020801,50208,Zaragoza,Aragón,ES,2,4,3,Pina de Ebro,5020801002,1662
5020901001,50209,001,01,209,50,02,5020901,50209,Zaragoza,Aragón,ES,2,4,3,Pinseque,5020901001,1821
5020901002,50209,002,01,209,50,02,5020901,50209,Zaragoza,Aragón,ES,2,4,3,Pinseque,5020901002,2776
5021001001,50210,001,01,210,50,02,5021001,50210,Zaragoza,Aragón,ES,2,4,3,"Pintanos, Los",5021001001,36
5021101001,50211,001,01,211,50,02,5021101,50211,Zaragoza,Aragón,ES,2,4,3,Plasencia de Jalón,5021101001,380
5021201001,50212,001,01,212,50,02,5021201,50212,Zaragoza,Aragón,ES,2,4,3,Pleitas,5021201001,29
5021301001,50213,001,01,213,50,02,5021301,50213,Zaragoza,Aragón,ES,2,4,3,Plenas,5021301001,112
5021401001,50214,001,01,214,50,02,5021401,50214,Zaragoza,Aragón,ES,2,4,3,Pomer,5021401001,23
5021501001,50215,001,01,215,50,02,5021501,50215,Zaragoza,Aragón,ES,2,4,3,Pozuel de Ariza,5021501001,15
5021601001,50216,001,01,216,50,02,5021601,50216,Zaragoza,Aragón,ES,2,4,3,Pozuelo de Aragón,5021601001,246
5021701001,50217,001,01,217,50,02,5021701,50217,Zaragoza,Aragón,ES,2,4,3,Pradilla de Ebro,5021701001,572
5021801001,50218,001,01,218,50,02,5021801,50218,Zaragoza,Aragón,ES,2,4,3,Puebla de Albortón,5021801001,134
5021901002,50219,002,01,219,50,02,5021901,50219,Zaragoza,Aragón,ES,2,4,3,"Puebla de Alfindén, La",5021901002,2131
5022001001,50220,001,01,220,50,02,5022001,50220,Zaragoza,Aragón,ES,2,4,3,Puendeluna,5022001001,42
5022101001,50221,001,01,221,50,02,5022101,50221,Zaragoza,Aragón,ES,2,4,3,Purujosa,5022101001,29
5022201001,50222,001,01,222,50,02,5022201,50222,Zaragoza,Aragón,ES,2,4,3,Quinto,5022201001,1133
5022201002,50222,002,01,222,50,02,5022201,50222,Zaragoza,Aragón,ES,2,4,3,Quinto,5022201002,756
5022301001,50223,001,01,223,50,02,5022301,50223,Zaragoza,Aragón,ES,2,4,3,Remolinos,5022301001,1021
5022401001,50224,001,01,224,50,02,5022401,50224,Zaragoza,Aragón,ES,2,4,3,Retascón,5022401001,78
5022501001,50225,001,01,225,50,02,5022501,50225,Zaragoza,Aragón,ES,2,4,3,Ricla,5022501001,1065
5022501002,50225,002,01,225,50,02,5022501,50225,Zaragoza,Aragón,ES,2,4,3,Ricla,5022501002,2030
5022701001,50227,001,01,227,50,02,5022701,50227,Zaragoza,Aragón,ES,2,4,3,Romanos,5022701001,141
5022801001,50228,001,01,228,50,02,5022801,50228,Zaragoza,Aragón,ES,2,4,3,Rueda de Jalón,5022801001,323
5022901001,50229,001,01,229,50,02,5022901,50229,Zaragoza,Aragón,ES,2,4,3,Ruesca,5022901001,70
5023001001,50230,001,01,230,50,02,5023001,50230,Zaragoza,Aragón,ES,2,4,3,Sádaba,5023001001,651
5023002001,50230,001,02,230,50,02,5023002,50230,Zaragoza,Aragón,ES,2,4,3,Sádaba,5023002001,633
5023101001,50231,001,01,231,50,02,5023101,50231,Zaragoza,Aragón,ES,2,4,3,Salillas de Jalón,5023101001,373
5023201001,50232,001,01,232,50,02,5023201,50232,Zaragoza,Aragón,ES,2,4,3,Salvatierra de Esca,5023201001,186
5023301001,50233,001,01,233,50,02,5023301,50233,Zaragoza,Aragón,ES,2,4,3,Samper del Salz,5023301001,80
5023401001,50234,001,01,234,50,02,5023401,50234,Zaragoza,Aragón,ES,2,4,3,San Martín de la Virgen de Moncayo,5023401001,264
5023501001,50235,001,01,235,50,02,5023501,50235,Zaragoza,Aragón,ES,2,4,3,San Mateo de Gállego,5023501001,1392
5023501002,50235,002,01,235,50,02,5023501,50235,Zaragoza,Aragón,ES,2,4,3,San Mateo de Gállego,5023501002,2103
5023601001,50236,001,01,236,50,02,5023601,50236,Zaragoza,Aragón,ES,2,4,3,Santa Cruz de Grío,5023601001,96
5023701001,50237,001,01,237,50,02,5023701,50237,Zaragoza,Aragón,ES,2,4,3,Santa Cruz de Moncayo,5023701001,123
5023801001,50238,001,01,238,50,02,5023801,50238,Zaragoza,Aragón,ES,2,4,3,Santa Eulalia de Gállego,5023801001,101
5023901001,50239,001,01,239,50,02,5023901,50239,Zaragoza,Aragón,ES,2,4,3,Santed,5023901001,72
5024001001,50240,001,01,240,50,02,5024001,50240,Zaragoza,Aragón,ES,2,4,3,Sástago,5024001001,1068
5024101001,50241,001,01,241,50,02,5024101,50241,Zaragoza,Aragón,ES,2,4,3,Sabiñán,5024101001,693
5024201001,50242,001,01,242,50,02,5024201,50242,Zaragoza,Aragón,ES,2,4,3,Sediles,5024201001,109
5024301001,50243,001,01,243,50,02,5024301,50243,Zaragoza,Aragón,ES,2,4,3,Sestrica,5024301001,325
5024401001,50244,001,01,244,50,02,5024401,50244,Zaragoza,Aragón,ES,2,4,3,Sierra de Luna,5024401001,267
5024501001,50245,001,01,245,50,02,5024501,50245,Zaragoza,Aragón,ES,2,4,3,Sigüés,5024501001,72
5024601001,50246,001,01,246,50,02,5024601,50246,Zaragoza,Aragón,ES,2,4,3,Sisamón,5024601001,50
5024701001,50247,001,01,247,50,02,5024701,50247,Zaragoza,Aragón,ES,2,4,3,Sobradiel,5024701001,1118
5024801001,50248,001,01,248,50,02,5024801,50248,Zaragoza,Aragón,ES,2,4,3,Sos del Rey Católico,5024801001,582
5024901001,50249,001,01,249,50,02,5024901,50249,Zaragoza,Aragón,ES,2,4,3,Tabuenca,5024901001,309
5025001001,50250,001,01,250,50,02,5025001,50250,Zaragoza,Aragón,ES,2,4,3,Talamantes,5025001001,68
5025101001,50251,001,01,251,50,02,5025101,50251,Zaragoza,Aragón,ES,2,4,3,Tarazona,5025101001,1186
5025101003,50251,003,01,251,50,02,5025101,50251,Zaragoza,Aragón,ES,2,4,3,Tarazona,5025101003,726
5025101004,50251,004,01,251,50,02,5025101,50251,Zaragoza,Aragón,ES,2,4,3,Tarazona,5025101004,1994
5025101005,50251,005,01,251,50,02,5025101,50251,Zaragoza,Aragón,ES,2,4,3,Tarazona,5025101005,1149
5025101006,50251,006,01,251,50,02,5025101,50251,Zaragoza,Aragón,ES,2,4,3,Tarazona,5025101006,2392
5025101007,50251,007,01,251,50,02,5025101,50251,Zaragoza,Aragón,ES,2,4,3,Tarazona,5025101007,749
5025101008,50251,008,01,251,50,02,5025101,50251,Zaragoza,Aragón,ES,2,4,3,Tarazona,5025101008,878
5025101009,50251,009,01,251,50,02,5025101,50251,Zaragoza,Aragón,ES,2,4,3,Tarazona,5025101009,875
5025101010,50251,010,01,251,50,02,5025101,50251,Zaragoza,Aragón,ES,2,4,3,Tarazona,5025101010,923
5025201001,50252,001,01,252,50,02,5025201,50252,Zaragoza,Aragón,ES,2,4,3,Tauste,5025201001,1430
5025202001,50252,001,02,252,50,02,5025202,50252,Zaragoza,Aragón,ES,2,4,3,Tauste,5025202001,1967
5025203001,50252,001,03,252,50,02,5025203,50252,Zaragoza,Aragón,ES,2,4,3,Tauste,5025203001,1437
5025204001,50252,001,04,252,50,02,5025204,50252,Zaragoza,Aragón,ES,2,4,3,Tauste,5025204001,1978
5025301001,50253,001,01,253,50,02,5025301,50253,Zaragoza,Aragón,ES,2,4,3,Terrer,5025301001,583
5025401001,50254,001,01,254,50,02,5025401,50254,Zaragoza,Aragón,ES,2,4,3,Tierga,5025401001,170
5025501001,50255,001,01,255,50,02,5025501,50255,Zaragoza,Aragón,ES,2,4,3,Tobed,5025501001,197
5025601001,50256,001,01,256,50,02,5025601,50256,Zaragoza,Aragón,ES,2,4,3,Torralba de los Frailes,5025601001,65
5025701001,50257,001,01,257,50,02,5025701,50257,Zaragoza,Aragón,ES,2,4,3,Torralba de Ribota,5025701001,158
5025801001,50258,001,01,258,50,02,5025801,50258,Zaragoza,Aragón,ES,2,4,3,Torralbilla,5025801001,39
5025901001,50259,001,01,259,50,02,5025901,50259,Zaragoza,Aragón,ES,2,4,3,Torrehermosa,5025901001,69
5026001001,50260,001,01,260,50,02,5026001,50260,Zaragoza,Aragón,ES,2,4,3,Torrelapaja,5026001001,30
5026101001,50261,001,01,261,50,02,5026101,50261,Zaragoza,Aragón,ES,2,4,3,Torrellas,5026101001,248
5026201001,50262,001,01,262,50,02,5026201,50262,Zaragoza,Aragón,ES,2,4,3,Torres de Berrellén,5026201001,1511
5026301001,50263,001,01,263,50,02,5026301,50263,Zaragoza,Aragón,ES,2,4,3,Torrijo de la Cañada,5026301001,187
5026401001,50264,001,01,264,50,02,5026401,50264,Zaragoza,Aragón,ES,2,4,3,Tosos,5026401001,172
5026501001,50265,001,01,265,50,02,5026501,50265,Zaragoza,Aragón,ES,2,4,3,Trasmoz,5026501001,88
5026601001,50266,001,01,266,50,02,5026601,50266,Zaragoza,Aragón,ES,2,4,3,Trasobares,5026601001,124
5026701001,50267,001,01,267,50,02,5026701,50267,Zaragoza,Aragón,ES,2,4,3,Uncastillo,5026701001,594
5026801001,50268,001,01,268,50,02,5026801,50268,Zaragoza,Aragón,ES,2,4,3,Undués de Lerda,5026801001,60
5026901001,50269,001,01,269,50,02,5026901,50269,Zaragoza,Aragón,ES,2,4,3,Urrea de Jalón,5026901001,430
5027001001,50270,001,01,270,50,02,5027001,50270,Zaragoza,Aragón,ES,2,4,3,Urriés,5027001001,50
5027101001,50271,001,01,271,50,02,5027101,50271,Zaragoza,Aragón,ES,2,4,3,Used,5027101001,250
5027201001,50272,001,01,272,50,02,5027201,50272,Zaragoza,Aragón,ES,2,4,3,Utebo,5027201001,2358
5027201002,50272,002,01,272,50,02,5027201,50272,Zaragoza,Aragón,ES,2,4,3,Utebo,5027201002,1663
5027201003,50272,003,01,272,50,02,5027201,50272,Zaragoza,Aragón,ES,2,4,3,Utebo,5027201003,2517
5027201004,50272,004,01,272,50,02,5027201,50272,Zaragoza,Aragón,ES,2,4,3,Utebo,5027201004,1930
5027201005,50272,005,01,272,50,02,5027201,50272,Zaragoza,Aragón,ES,2,4,3,Utebo,5027201005,912
5027201006,50272,006,01,272,50,02,5027201,50272,Zaragoza,Aragón,ES,2,4,3,Utebo,5027201006,1761
5027201007,50272,007,01,272,50,02,5027201,50272,Zaragoza,Aragón,ES,2,4,3,Utebo,5027201007,1594
5027201008,50272,008,01,272,50,02,5027201,50272,Zaragoza,Aragón,ES,2,4,3,Utebo,5027201008,1743
5027201009,50272,009,01,272,50,02,5027201,50272,Zaragoza,Aragón,ES,2,4,3,Utebo,5027201009,1232
5027201010,50272,010,01,272,50,02,5027201,50272,Zaragoza,Aragón,ES,2,4,3,Utebo,5027201010,1575
5027201011,50272,011,01,272,50,02,5027201,50272,Zaragoza,Aragón,ES,2,4,3,Utebo,5027201011,1850
5027301001,50273,001,01,273,50,02,5027301,50273,Zaragoza,Aragón,ES,2,4,3,Valdehorna,5027301001,29
5027401001,50274,001,01,274,50,02,5027401,50274,Zaragoza,Aragón,ES,2,4,3,Val de San Martín,5027401001,56
5027501001,50275,001,01,275,50,02,5027501,50275,Zaragoza,Aragón,ES,2,4,3,Valmadrid,5027501001,113
5027601001,50276,001,01,276,50,02,5027601,50276,Zaragoza,Aragón,ES,2,4,3,Valpalmas,5027601001,123
5027701001,50277,001,01,277,50,02,5027701,50277,Zaragoza,Aragón,ES,2,4,3,Valtorres,5027701001,68
5027801001,50278,001,01,278,50,02,5027801,50278,Zaragoza,Aragón,ES,2,4,3,Velilla de Ebro,5027801001,207
5027901001,50279,001,01,279,50,02,5027901,50279,Zaragoza,Aragón,ES,2,4,3,Velilla de Jiloca,5027901001,92
5028001001,50280,001,01,280,50,02,5028001,50280,Zaragoza,Aragón,ES,2,4,3,Vera de Moncayo,5028001001,318
5028101001,50281,001,01,281,50,02,5028101,50281,Zaragoza,Aragón,ES,2,4,3,Vierlas,5028101001,88
5028201001,50282,001,01,282,50,02,5028201,50282,Zaragoza,Aragón,ES,2,4,3,"Vilueña, La",5028201001,60
5028301001,50283,001,01,283,50,02,5028301,50283,Zaragoza,Aragón,ES,2,4,3,Villadoz,5028301001,79
5028401001,50284,001,01,284,50,02,5028401,50284,Zaragoza,Aragón,ES,2,4,3,Villafeliche,5028401001,162
5028501001,50285,001,01,285,50,02,5028501,50285,Zaragoza,Aragón,ES,2,4,3,Villafranca de Ebro,5028501001,836
5028601001,50286,001,01,286,50,02,5028601,50286,Zaragoza,Aragón,ES,2,4,3,Villalba de Perejil,5028601001,87
5028701001,50287,001,01,287,50,02,5028701,50287,Zaragoza,Aragón,ES,2,4,3,Villalengua,5028701001,293
5028801001,50288,001,01,288,50,02,5028801,50288,Zaragoza,Aragón,ES,2,4,3,Villanueva de Gállego,5028801001,2120
5028801002,50288,002,01,288,50,02,5028801,50288,Zaragoza,Aragón,ES,2,4,3,Villanueva de Gállego,5028801002,1066
5028801003,50288,003,01,288,50,02,5028801,50288,Zaragoza,Aragón,ES,2,4,3,Villanueva de Gállego,5028801003,1657
5028901001,50289,001,01,289,50,02,5028901,50289,Zaragoza,Aragón,ES,2,4,3,Villanueva de Jiloca,5028901001,73
5029001001,50290,001,01,290,50,02,5029001,50290,Zaragoza,Aragón,ES,2,4,3,Villanueva de Huerva,5029001001,371
5029101001,50291,001,01,291,50,02,5029101,50291,Zaragoza,Aragón,ES,2,4,3,Villar de los Navarros,5029101001,147
5029201001,50292,001,01,292,50,02,5029201,50292,Zaragoza,Aragón,ES,2,4,3,Villarreal de Huerva,5029201001,263
5029301001,50293,001,01,293,50,02,5029301,50293,Zaragoza,Aragón,ES,2,4,3,Villarroya de la Sierra,5029301001,397
5029401001,50294,001,01,294,50,02,5029401,50294,Zaragoza,Aragón,ES,2,4,3,Villarroya del Campo,5029401001,70
5029501001,50295,001,01,295,50,02,5029501,50295,Zaragoza,Aragón,ES,2,4,3,Vistabella,5029501001,50
5029601001,50296,001,01,296,50,02,5029601,50296,Zaragoza,Aragón,ES,2,4,3,"Zaida, La",5029601001,433
5029701001,50297,001,01,297,50,02,5029701,50297,Zaragoza,Aragón,ES,2,4,3,Zaragoza,5029701001,1474
5029701002,50297,002,01,297,50,02,5029701,50297,Zaragoza,Aragón,ES,2,4,3,Zaragoza,5029701002,1606
5029701003,50297,003,01,297,50,02,5029701,50297,Zaragoza,Aragón,ES,2,4,3,Zaragoza,5029701003,1035
5029701004,50297,004,01,297,50,02,5029701,50297,Zaragoza,Aragón,ES,2,4,3,Zaragoza,5029701004,1659
5029701005,50297,005,01,297,50,02,5029701,50297,Zaragoza,Aragón,ES,2,4,3,Zaragoza,5029701005,1638
5029701006,50297,006,01,297,50,02,5029701,50297,Zaragoza,Aragón,ES,2,4,3,Zaragoza,5029701006,1028
5029701008,50297,008,01,297,50,02,5029701,50297,Zaragoza,Aragón,ES,2,4,3,Zaragoza,5029701008,1871
5029701009,50297,009,01,297,50,02,5029701,50297,Zaragoza,Aragón,ES,2,4,3,Zaragoza,5029701009,1633
5029701012,50297,012,01,297,50,02,5029701,50297,Zaragoza,Aragón,ES,2,4,3,Zaragoza,5029701012,887
5029701015,50297,015,01,297,50,02,5029701,50297,Zaragoza,Aragón,ES,2,4,3,Zaragoza,5029701015,2441
5029701017,50297,017,01,297,50,02,5029701,50297,Zaragoza,Aragón,ES,2,4,3,Zaragoza,5029701017,1279
5029701019,50297,019,01,297,50,02,5029701,50297,Zaragoza,Aragón,ES,2,4,3,Zaragoza,5029701019,1506
5029701020,50297,020,01,297,50,02,5029701,50297,Zaragoza,Aragón,ES,2,4,3,Zaragoza,5029701020,1525
5029701021,50297,021,01,297,50,02,5029701,50297,Zaragoza,Aragón,ES,2,4,3,Zaragoza,5029701021,2875
5029701023,50297,023,01,297,50,02,5029701,50297,Zaragoza,Aragón,ES,2,4,3,Zaragoza,5029701023,2453
5029701024,50297,024,01,297,50,02,5029701,50297,Zaragoza,Aragón,ES,2,4,3,Zaragoza,5029701024,1243
5029701025,50297,025,01,297,50,02,5029701,50297,Zaragoza,Aragón,ES,2,4,3,Zaragoza,5029701025,1094
5029701026,50297,026,01,297,50,02,5029701,50297,Zaragoza,Aragón,ES,2,4,3,Zaragoza,5029701026,771
5029701027,50297,027,01,297,50,02,5029701,50297,Zaragoza,Aragón,ES,2,4,3,Zaragoza,5029701027,1376
5029701030,50297,030,01,297,50,02,5029701,50297,Zaragoza,Aragón,ES,2,4,3,Zaragoza,5029701030,1516
5029701031,50297,031,01,297,50,02,5029701,50297,Zaragoza,Aragón,ES,2,4,3,Zaragoza,5029701031,1228
5029701032,50297,032,01,297,50,02,5029701,50297,Zaragoza,Aragón,ES,2,4,3,Zaragoza,5029701032,1503
5029701033,50297,033,01,297,50,02,5029701,50297,Zaragoza,Aragón,ES,2,4,3,Zaragoza,5029701033,1160
5029701034,50297,034,01,297,50,02,5029701,50297,Zaragoza,Aragón,ES,2,4,3,Zaragoza,5029701034,1987
5029701036,50297,036,01,297,50,02,5029701,50297,Zaragoza,Aragón,ES,2,4,3,Zaragoza,5029701036,1798
5029701038,50297,038,01,297,50,02,5029701,50297,Zaragoza,Aragón,ES,2,4,3,Zaragoza,5029701038,1282
5029701039,50297,039,01,297,50,02,5029701,50297,Zaragoza,Aragón,ES,2,4,3,Zaragoza,5029701039,1085
5029701040,50297,040,01,297,50,02,5029701,50297,Zaragoza,Aragón,ES,2,4,3,Zaragoza,5029701040,822
5029701041,50297,041,01,297,50,02,5029701,50297,Zaragoza,Aragón,ES,2,4,3,Zaragoza,5029701041,1648
5029701043,50297,043,01,297,50,02,5029701,50297,Zaragoza,Aragón,ES,2,4,3,Zaragoza,5029701043,1574
5029702001,50297,001,02,297,50,02,5029702,50297,Zaragoza,Aragón,ES,2,4,3,Zaragoza,5029702001,1135
5029702002,50297,002,02,297,50,02,5029702,50297,Zaragoza,Aragón,ES,2,4,3,Zaragoza,5029702002,881
5029702003,50297,003,02,297,50,02,5029702,50297,Zaragoza,Aragón,ES,2,4,3,Zaragoza,5029702003,1118
5029702004,50297,004,02,297,50,02,5029702,50297,Zaragoza,Aragón,ES,2,4,3,Zaragoza,5029702004,1092
5029702005,50297,005,02,297,50,02,5029702,50297,Zaragoza,Aragón,ES,2,4,3,Zaragoza,5029702005,940
5029702006,50297,006,02,297,50,02,5029702,50297,Zaragoza,Aragón,ES,2,4,3,Zaragoza,5029702006,1758
5029702008,50297,008,02,297,50,02,5029702,50297,Zaragoza,Aragón,ES,2,4,3,Zaragoza,5029702008,1205
5029702009,50297,009,02,297,50,02,5029702,50297,Zaragoza,Aragón,ES,2,4,3,Zaragoza,5029702009,1174
5029702010,50297,010,02,297,50,02,5029702,50297,Zaragoza,Aragón,ES,2,4,3,Zaragoza,5029702010,1397
5029702012,50297,012,02,297,50,02,5029702,50297,Zaragoza,Aragón,ES,2,4,3,Zaragoza,5029702012,1449
5029702013,50297,013,02,297,50,02,5029702,50297,Zaragoza,Aragón,ES,2,4,3,Zaragoza,5029702013,1158
5029702014,50297,014,02,297,50,02,5029702,50297,Zaragoza,Aragón,ES,2,4,3,Zaragoza,5029702014,1464
5029702015,50297,015,02,297,50,02,5029702,50297,Zaragoza,Aragón,ES,2,4,3,Zaragoza,5029702015,832
5029702017,50297,017,02,297,50,02,5029702,50297,Zaragoza,Aragón,ES,2,4,3,Zaragoza,5029702017,969
5029702018,50297,018,02,297,50,02,5029702,50297,Zaragoza,Aragón,ES,2,4,3,Zaragoza,5029702018,1410
5029702019,50297,019,02,297,50,02,5029702,50297,Zaragoza,Aragón,ES,2,4,3,Zaragoza,5029702019,1018
5029702020,50297,020,02,297,50,02,5029702,50297,Zaragoza,Aragón,ES,2,4,3,Zaragoza,5029702020,1045
5029702021,50297,021,02,297,50,02,5029702,50297,Zaragoza,Aragón,ES,2,4,3,Zaragoza,5029702021,760
5029702022,50297,022,02,297,50,02,5029702,50297,Zaragoza,Aragón,ES,2,4,3,Zaragoza,5029702022,1504
5029702023,50297,023,02,297,50,02,5029702,50297,Zaragoza,Aragón,ES,2,4,3,Zaragoza,5029702023,1042
5029702024,50297,024,02,297,50,02,5029702,50297,Zaragoza,Aragón,ES,2,4,3,Zaragoza,5029702024,896
5029702025,50297,025,02,297,50,02,5029702,50297,Zaragoza,Aragón,ES,2,4,3,Zaragoza,5029702025,1456
5029702026,50297,026,02,297,50,02,5029702,50297,Zaragoza,Aragón,ES,2,4,3,Zaragoza,5029702026,1082
5029702027,50297,027,02,297,50,02,5029702,50297,Zaragoza,Aragón,ES,2,4,3,Zaragoza,5029702027,938
5029702028,50297,028,02,297,50,02,5029702,50297,Zaragoza,Aragón,ES,2,4,3,Zaragoza,5029702028,857
5029702029,50297,029,02,297,50,02,5029702,50297,Zaragoza,Aragón,ES,2,4,3,Zaragoza,5029702029,782
5029702030,50297,030,02,297,50,02,5029702,50297,Zaragoza,Aragón,ES,2,4,3,Zaragoza,5029702030,944
5029702031,50297,031,02,297,50,02,5029702,50297,Zaragoza,Aragón,ES,2,4,3,Zaragoza,5029702031,876
5029702032,50297,032,02,297,50,02,5029702,50297,Zaragoza,Aragón,ES,2,4,3,Zaragoza,5029702032,1051
5029702033,50297,033,02,297,50,02,5029702,50297,Zaragoza,Aragón,ES,2,4,3,Zaragoza,5029702033,1376
5029702035,50297,035,02,297,50,02,5029702,50297,Zaragoza,Aragón,ES,2,4,3,Zaragoza,5029702035,1366
5029702036,50297,036,02,297,50,02,5029702,50297,Zaragoza,Aragón,ES,2,4,3,Zaragoza,5029702036,691
5029702037,50297,037,02,297,50,02,5029702,50297,Zaragoza,Aragón,ES,2,4,3,Zaragoza,5029702037,1274
5029702038,50297,038,02,297,50,02,5029702,50297,Zaragoza,Aragón,ES,2,4,3,Zaragoza,5029702038,1075
5029702040,50297,040,02,297,50,02,5029702,50297,Zaragoza,Aragón,ES,2,4,3,Zaragoza,5029702040,2139
5029702042,50297,042,02,297,50,02,5029702,50297,Zaragoza,Aragón,ES,2,4,3,Zaragoza,5029702042,789
5029702045,50297,045,02,297,50,02,5029702,50297,Zaragoza,Aragón,ES,2,4,3,Zaragoza,5029702045,1160
5029702046,50297,046,02,297,50,02,5029702,50297,Zaragoza,Aragón,ES,2,4,3,Zaragoza,5029702046,1634
5029702047,50297,047,02,297,50,02,5029702,50297,Zaragoza,Aragón,ES,2,4,3,Zaragoza,5029702047,785
5029702048,50297,048,02,297,50,02,5029702,50297,Zaragoza,Aragón,ES,2,4,3,Zaragoza,5029702048,860
5029702049,50297,049,02,297,50,02,5029702,50297,Zaragoza,Aragón,ES,2,4,3,Zaragoza,5029702049,966
5029702050,50297,050,02,297,50,02,5029702,50297,Zaragoza,Aragón,ES,2,4,3,Zaragoza,5029702050,1344
5029702051,50297,051,02,297,50,02,5029702,50297,Zaragoza,Aragón,ES,2,4,3,Zaragoza,5029702051,1152
5029702052,50297,052,02,297,50,02,5029702,50297,Zaragoza,Aragón,ES,2,4,3,Zaragoza,5029702052,907
5029702053,50297,053,02,297,50,02,5029702,50297,Zaragoza,Aragón,ES,2,4,3,Zaragoza,5029702053,1364
5029703001,50297,001,03,297,50,02,5029703,50297,Zaragoza,Aragón,ES,2,4,3,Zaragoza,5029703001,969
5029703002,50297,002,03,297,50,02,5029703,50297,Zaragoza,Aragón,ES,2,4,3,Zaragoza,5029703002,865
5029703003,50297,003,03,297,50,02,5029703,50297,Zaragoza,Aragón,ES,2,4,3,Zaragoza,5029703003,1322
5029703004,50297,004,03,297,50,02,5029703,50297,Zaragoza,Aragón,ES,2,4,3,Zaragoza,5029703004,1212
5029703005,50297,005,03,297,50,02,5029703,50297,Zaragoza,Aragón,ES,2,4,3,Zaragoza,5029703005,1418
5029703007,50297,007,03,297,50,02,5029703,50297,Zaragoza,Aragón,ES,2,4,3,Zaragoza,5029703007,1202
5029703008,50297,008,03,297,50,02,5029703,50297,Zaragoza,Aragón,ES,2,4,3,Zaragoza,5029703008,1348
5029703009,50297,009,03,297,50,02,5029703,50297,Zaragoza,Aragón,ES,2,4,3,Zaragoza,5029703009,1322
5029703011,50297,011,03,297,50,02,5029703,50297,Zaragoza,Aragón,ES,2,4,3,Zaragoza,5029703011,1633
5029703012,50297,012,03,297,50,02,5029703,50297,Zaragoza,Aragón,ES,2,4,3,Zaragoza,5029703012,752
5029703014,50297,014,03,297,50,02,5029703,50297,Zaragoza,Aragón,ES,2,4,3,Zaragoza,5029703014,1406
5029703015,50297,015,03,297,50,02,5029703,50297,Zaragoza,Aragón,ES,2,4,3,Zaragoza,5029703015,1170
5029703016,50297,016,03,297,50,02,5029703,50297,Zaragoza,Aragón,ES,2,4,3,Zaragoza,5029703016,1783
5029703017,50297,017,03,297,50,02,5029703,50297,Zaragoza,Aragón,ES,2,4,3,Zaragoza,5029703017,1441
5029703018,50297,018,03,297,50,02,5029703,50297,Zaragoza,Aragón,ES,2,4,3,Zaragoza,5029703018,1519
5029703019,50297,019,03,297,50,02,5029703,50297,Zaragoza,Aragón,ES,2,4,3,Zaragoza,5029703019,1209
5029703020,50297,020,03,297,50,02,5029703,50297,Zaragoza,Aragón,ES,2,4,3,Zaragoza,5029703020,2053
5029703021,50297,021,03,297,50,02,5029703,50297,Zaragoza,Aragón,ES,2,4,3,Zaragoza,5029703021,1327
5029703022,50297,022,03,297,50,02,5029703,50297,Zaragoza,Aragón,ES,2,4,3,Zaragoza,5029703022,1384
5029703023,50297,023,03,297,50,02,5029703,50297,Zaragoza,Aragón,ES,2,4,3,Zaragoza,5029703023,1452
5029703024,50297,024,03,297,50,02,5029703,50297,Zaragoza,Aragón,ES,2,4,3,Zaragoza,5029703024,1634
5029703025,50297,025,03,297,50,02,5029703,50297,Zaragoza,Aragón,ES,2,4,3,Zaragoza,5029703025,1138
5029703026,50297,026,03,297,50,02,5029703,50297,Zaragoza,Aragón,ES,2,4,3,Zaragoza,5029703026,836
5029703027,50297,027,03,297,50,02,5029703,50297,Zaragoza,Aragón,ES,2,4,3,Zaragoza,5029703027,1238
5029703028,50297,028,03,297,50,02,5029703,50297,Zaragoza,Aragón,ES,2,4,3,Zaragoza,5029703028,1023
5029703029,50297,029,03,297,50,02,5029703,50297,Zaragoza,Aragón,ES,2,4,3,Zaragoza,5029703029,1584
5029703030,50297,030,03,297,50,02,5029703,50297,Zaragoza,Aragón,ES,2,4,3,Zaragoza,5029703030,1307
5029703032,50297,032,03,297,50,02,5029703,50297,Zaragoza,Aragón,ES,2,4,3,Zaragoza,5029703032,1506
5029703033,50297,033,03,297,50,02,5029703,50297,Zaragoza,Aragón,ES,2,4,3,Zaragoza,5029703033,1097
5029703034,50297,034,03,297,50,02,5029703,50297,Zaragoza,Aragón,ES,2,4,3,Zaragoza,5029703034,1489
5029703035,50297,035,03,297,50,02,5029703,50297,Zaragoza,Aragón,ES,2,4,3,Zaragoza,5029703035,1410
5029703036,50297,036,03,297,50,02,5029703,50297,Zaragoza,Aragón,ES,2,4,3,Zaragoza,5029703036,1614
5029703037,50297,037,03,297,50,02,5029703,50297,Zaragoza,Aragón,ES,2,4,3,Zaragoza,5029703037,1066
5029703039,50297,039,03,297,50,02,5029703,50297,Zaragoza,Aragón,ES,2,4,3,Zaragoza,5029703039,1436
5029703041,50297,041,03,297,50,02,5029703,50297,Zaragoza,Aragón,ES,2,4,3,Zaragoza,5029703041,1029
5029703042,50297,042,03,297,50,02,5029703,50297,Zaragoza,Aragón,ES,2,4,3,Zaragoza,5029703042,1191
5029703043,50297,043,03,297,50,02,5029703,50297,Zaragoza,Aragón,ES,2,4,3,Zaragoza,5029703043,1232
5029703044,50297,044,03,297,50,02,5029703,50297,Zaragoza,Aragón,ES,2,4,3,Zaragoza,5029703044,1075
5029703045,50297,045,03,297,50,02,5029703,50297,Zaragoza,Aragón,ES,2,4,3,Zaragoza,5029703045,1278
5029703046,50297,046,03,297,50,02,5029703,50297,Zaragoza,Aragón,ES,2,4,3,Zaragoza,5029703046,910
5029703048,50297,048,03,297,50,02,5029703,50297,Zaragoza,Aragón,ES,2,4,3,Zaragoza,5029703048,1389
5029703049,50297,049,03,297,50,02,5029703,50297,Zaragoza,Aragón,ES,2,4,3,Zaragoza,5029703049,965
5029703051,50297,051,03,297,50,02,5029703,50297,Zaragoza,Aragón,ES,2,4,3,Zaragoza,5029703051,1172
5029703052,50297,052,03,297,50,02,5029703,50297,Zaragoza,Aragón,ES,2,4,3,Zaragoza,5029703052,1290
5029703053,50297,053,03,297,50,02,5029703,50297,Zaragoza,Aragón,ES,2,4,3,Zaragoza,5029703053,1168
5029703054,50297,054,03,297,50,02,5029703,50297,Zaragoza,Aragón,ES,2,4,3,Zaragoza,5029703054,2147
5029703055,50297,055,03,297,50,02,5029703,50297,Zaragoza,Aragón,ES,2,4,3,Zaragoza,5029703055,1942
5029703056,50297,056,03,297,50,02,5029703,50297,Zaragoza,Aragón,ES,2,4,3,Zaragoza,5029703056,1054
5029703057,50297,057,03,297,50,02,5029703,50297,Zaragoza,Aragón,ES,2,4,3,Zaragoza,5029703057,1429
5029703060,50297,060,03,297,50,02,5029703,50297,Zaragoza,Aragón,ES,2,4,3,Zaragoza,5029703060,1170
5029703061,50297,061,03,297,50,02,5029703,50297,Zaragoza,Aragón,ES,2,4,3,Zaragoza,5029703061,1421
5029703062,50297,062,03,297,50,02,5029703,50297,Zaragoza,Aragón,ES,2,4,3,Zaragoza,5029703062,1614
5029703063,50297,063,03,297,50,02,5029703,50297,Zaragoza,Aragón,ES,2,4,3,Zaragoza,5029703063,926
5029703064,50297,064,03,297,50,02,5029703,50297,Zaragoza,Aragón,ES,2,4,3,Zaragoza,5029703064,949
5029703065,50297,065,03,297,50,02,5029703,50297,Zaragoza,Aragón,ES,2,4,3,Zaragoza,5029703065,1560
5029703066,50297,066,03,297,50,02,5029703,50297,Zaragoza,Aragón,ES,2,4,3,Zaragoza,5029703066,1356
5029703067,50297,067,03,297,50,02,5029703,50297,Zaragoza,Aragón,ES,2,4,3,Zaragoza,5029703067,1533
5029703068,50297,068,03,297,50,02,5029703,50297,Zaragoza,Aragón,ES,2,4,3,Zaragoza,5029703068,1348
5029703069,50297,069,03,297,50,02,5029703,50297,Zaragoza,Aragón,ES,2,4,3,Zaragoza,5029703069,1462
5029703070,50297,070,03,297,50,02,5029703,50297,Zaragoza,Aragón,ES,2,4,3,Zaragoza,5029703070,1146
5029703071,50297,071,03,297,50,02,5029703,50297,Zaragoza,Aragón,ES,2,4,3,Zaragoza,5029703071,1550
5029703073,50297,073,03,297,50,02,5029703,50297,Zaragoza,Aragón,ES,2,4,3,Zaragoza,5029703073,1132
5029703074,50297,074,03,297,50,02,5029703,50297,Zaragoza,Aragón,ES,2,4,3,Zaragoza,5029703074,1233
5029703075,50297,075,03,297,50,02,5029703,50297,Zaragoza,Aragón,ES,2,4,3,Zaragoza,5029703075,1347
5029703076,50297,076,03,297,50,02,5029703,50297,Zaragoza,Aragón,ES,2,4,3,Zaragoza,5029703076,1347
5029703077,50297,077,03,297,50,02,5029703,50297,Zaragoza,Aragón,ES,2,4,3,Zaragoza,5029703077,1263
5029703078,50297,078,03,297,50,02,5029703,50297,Zaragoza,Aragón,ES,2,4,3,Zaragoza,5029703078,753
5029703079,50297,079,03,297,50,02,5029703,50297,Zaragoza,Aragón,ES,2,4,3,Zaragoza,5029703079,1084
5029703081,50297,081,03,297,50,02,5029703,50297,Zaragoza,Aragón,ES,2,4,3,Zaragoza,5029703081,1200
5029703082,50297,082,03,297,50,02,5029703,50297,Zaragoza,Aragón,ES,2,4,3,Zaragoza,5029703082,1658
5029703083,50297,083,03,297,50,02,5029703,50297,Zaragoza,Aragón,ES,2,4,3,Zaragoza,5029703083,1129
5029703084,50297,084,03,297,50,02,5029703,50297,Zaragoza,Aragón,ES,2,4,3,Zaragoza,5029703084,633
5029703085,50297,085,03,297,50,02,5029703,50297,Zaragoza,Aragón,ES,2,4,3,Zaragoza,5029703085,1178
5029703087,50297,087,03,297,50,02,5029703,50297,Zaragoza,Aragón,ES,2,4,3,Zaragoza,5029703087,949
5029703090,50297,090,03,297,50,02,5029703,50297,Zaragoza,Aragón,ES,2,4,3,Zaragoza,5029703090,1220
5029704001,50297,001,04,297,50,02,5029704,50297,Zaragoza,Aragón,ES,2,4,3,Zaragoza,5029704001,1107
5029704002,50297,002,04,297,50,02,5029704,50297,Zaragoza,Aragón,ES,2,4,3,Zaragoza,5029704002,935
5029704003,50297,003,04,297,50,02,5029704,50297,Zaragoza,Aragón,ES,2,4,3,Zaragoza,5029704003,904
5029704004,50297,004,04,297,50,02,5029704,50297,Zaragoza,Aragón,ES,2,4,3,Zaragoza,5029704004,1389
5029704005,50297,005,04,297,50,02,5029704,50297,Zaragoza,Aragón,ES,2,4,3,Zaragoza,5029704005,1035
5029704006,50297,006,04,297,50,02,5029704,50297,Zaragoza,Aragón,ES,2,4,3,Zaragoza,5029704006,1154
5029704007,50297,007,04,297,50,02,5029704,50297,Zaragoza,Aragón,ES,2,4,3,Zaragoza,5029704007,1068
5029704008,50297,008,04,297,50,02,5029704,50297,Zaragoza,Aragón,ES,2,4,3,Zaragoza,5029704008,1006
5029704009,50297,009,04,297,50,02,5029704,50297,Zaragoza,Aragón,ES,2,4,3,Zaragoza,5029704009,1375
5029704010,50297,010,04,297,50,02,5029704,50297,Zaragoza,Aragón,ES,2,4,3,Zaragoza,5029704010,1056
5029704011,50297,011,04,297,50,02,5029704,50297,Zaragoza,Aragón,ES,2,4,3,Zaragoza,5029704011,1826
5029704012,50297,012,04,297,50,02,5029704,50297,Zaragoza,Aragón,ES,2,4,3,Zaragoza,5029704012,932
5029704013,50297,013,04,297,50,02,5029704,50297,Zaragoza,Aragón,ES,2,4,3,Zaragoza,5029704013,979
5029704015,50297,015,04,297,50,02,5029704,50297,Zaragoza,Aragón,ES,2,4,3,Zaragoza,5029704015,815
5029704016,50297,016,04,297,50,02,5029704,50297,Zaragoza,Aragón,ES,2,4,3,Zaragoza,5029704016,1387
5029704017,50297,017,04,297,50,02,5029704,50297,Zaragoza,Aragón,ES,2,4,3,Zaragoza,5029704017,1108
5029704018,50297,018,04,297,50,02,5029704,50297,Zaragoza,Aragón,ES,2,4,3,Zaragoza,5029704018,971
5029704021,50297,021,04,297,50,02,5029704,50297,Zaragoza,Aragón,ES,2,4,3,Zaragoza,5029704021,1554
5029704023,50297,023,04,297,50,02,5029704,50297,Zaragoza,Aragón,ES,2,4,3,Zaragoza,5029704023,1271
5029704024,50297,024,04,297,50,02,5029704,50297,Zaragoza,Aragón,ES,2,4,3,Zaragoza,5029704024,1141
5029704025,50297,025,04,297,50,02,5029704,50297,Zaragoza,Aragón,ES,2,4,3,Zaragoza,5029704025,1323
5029704027,50297,027,04,297,50,02,5029704,50297,Zaragoza,Aragón,ES,2,4,3,Zaragoza,5029704027,1458
5029704028,50297,028,04,297,50,02,5029704,50297,Zaragoza,Aragón,ES,2,4,3,Zaragoza,5029704028,1368
5029704029,50297,029,04,297,50,02,5029704,50297,Zaragoza,Aragón,ES,2,4,3,Zaragoza,5029704029,1484
5029704031,50297,031,04,297,50,02,5029704,50297,Zaragoza,Aragón,ES,2,4,3,Zaragoza,5029704031,740
5029704033,50297,033,04,297,50,02,5029704,50297,Zaragoza,Aragón,ES,2,4,3,Zaragoza,5029704033,1310
5029704034,50297,034,04,297,50,02,5029704,50297,Zaragoza,Aragón,ES,2,4,3,Zaragoza,5029704034,1076
5029704035,50297,035,04,297,50,02,5029704,50297,Zaragoza,Aragón,ES,2,4,3,Zaragoza,5029704035,861
5029704036,50297,036,04,297,50,02,5029704,50297,Zaragoza,Aragón,ES,2,4,3,Zaragoza,5029704036,1048
5029704038,50297,038,04,297,50,02,5029704,50297,Zaragoza,Aragón,ES,2,4,3,Zaragoza,5029704038,1635
5029704039,50297,039,04,297,50,02,5029704,50297,Zaragoza,Aragón,ES,2,4,3,Zaragoza,5029704039,1059
5029704040,50297,040,04,297,50,02,5029704,50297,Zaragoza,Aragón,ES,2,4,3,Zaragoza,5029704040,1353
5029704041,50297,041,04,297,50,02,5029704,50297,Zaragoza,Aragón,ES,2,4,3,Zaragoza,5029704041,1293
5029704042,50297,042,04,297,50,02,5029704,50297,Zaragoza,Aragón,ES,2,4,3,Zaragoza,5029704042,2162
5029704043,50297,043,04,297,50,02,5029704,50297,Zaragoza,Aragón,ES,2,4,3,Zaragoza,5029704043,1047
5029704044,50297,044,04,297,50,02,5029704,50297,Zaragoza,Aragón,ES,2,4,3,Zaragoza,5029704044,1688
5029704045,50297,045,04,297,50,02,5029704,50297,Zaragoza,Aragón,ES,2,4,3,Zaragoza,5029704045,1490
5029704048,50297,048,04,297,50,02,5029704,50297,Zaragoza,Aragón,ES,2,4,3,Zaragoza,5029704048,1379
5029704049,50297,049,04,297,50,02,5029704,50297,Zaragoza,Aragón,ES,2,4,3,Zaragoza,5029704049,726
5029704051,50297,051,04,297,50,02,5029704,50297,Zaragoza,Aragón,ES,2,4,3,Zaragoza,5029704051,1496
5029704052,50297,052,04,297,50,02,5029704,50297,Zaragoza,Aragón,ES,2,4,3,Zaragoza,5029704052,846
5029704053,50297,053,04,297,50,02,5029704,50297,Zaragoza,Aragón,ES,2,4,3,Zaragoza,5029704053,1554
5029704054,50297,054,04,297,50,02,5029704,50297,Zaragoza,Aragón,ES,2,4,3,Zaragoza,5029704054,976
5029704056,50297,056,04,297,50,02,5029704,50297,Zaragoza,Aragón,ES,2,4,3,Zaragoza,5029704056,2135
5029704058,50297,058,04,297,50,02,5029704,50297,Zaragoza,Aragón,ES,2,4,3,Zaragoza,5029704058,1574
5029704059,50297,059,04,297,50,02,5029704,50297,Zaragoza,Aragón,ES,2,4,3,Zaragoza,5029704059,1897
5029704062,50297,062,04,297,50,02,5029704,50297,Zaragoza,Aragón,ES,2,4,3,Zaragoza,5029704062,2436
5029704063,50297,063,04,297,50,02,5029704,50297,Zaragoza,Aragón,ES,2,4,3,Zaragoza,5029704063,2492
5029704064,50297,064,04,297,50,02,5029704,50297,Zaragoza,Aragón,ES,2,4,3,Zaragoza,5029704064,1453
5029704065,50297,065,04,297,50,02,5029704,50297,Zaragoza,Aragón,ES,2,4,3,Zaragoza,5029704065,2417
5029704066,50297,066,04,297,50,02,5029704,50297,Zaragoza,Aragón,ES,2,4,3,Zaragoza,5029704066,1595
5029704067,50297,067,04,297,50,02,5029704,50297,Zaragoza,Aragón,ES,2,4,3,Zaragoza,5029704067,2429
5029704069,50297,069,04,297,50,02,5029704,50297,Zaragoza,Aragón,ES,2,4,3,Zaragoza,5029704069,2127
5029704070,50297,070,04,297,50,02,5029704,50297,Zaragoza,Aragón,ES,2,4,3,Zaragoza,5029704070,2136
5029704071,50297,071,04,297,50,02,5029704,50297,Zaragoza,Aragón,ES,2,4,3,Zaragoza,5029704071,1961
5029704072,50297,072,04,297,50,02,5029704,50297,Zaragoza,Aragón,ES,2,4,3,Zaragoza,5029704072,2257
5029704073,50297,073,04,297,50,02,5029704,50297,Zaragoza,Aragón,ES,2,4,3,Zaragoza,5029704073,2212
5029704074,50297,074,04,297,50,02,5029704,50297,Zaragoza,Aragón,ES,2,4,3,Zaragoza,5029704074,1683
5029705001,50297,001,05,297,50,02,5029705,50297,Zaragoza,Aragón,ES,2,4,3,Zaragoza,5029705001,2100
5029705002,50297,002,05,297,50,02,5029705,50297,Zaragoza,Aragón,ES,2,4,3,Zaragoza,5029705002,2325
5029705003,50297,003,05,297,50,02,5029705,50297,Zaragoza,Aragón,ES,2,4,3,Zaragoza,5029705003,963
5029705004,50297,004,05,297,50,02,5029705,50297,Zaragoza,Aragón,ES,2,4,3,Zaragoza,5029705004,1509
5029705005,50297,005,05,297,50,02,5029705,50297,Zaragoza,Aragón,ES,2,4,3,Zaragoza,5029705005,1001
5029705006,50297,006,05,297,50,02,5029705,50297,Zaragoza,Aragón,ES,2,4,3,Zaragoza,5029705006,1231
5029705007,50297,007,05,297,50,02,5029705,50297,Zaragoza,Aragón,ES,2,4,3,Zaragoza,5029705007,1545
5029705008,50297,008,05,297,50,02,5029705,50297,Zaragoza,Aragón,ES,2,4,3,Zaragoza,5029705008,1652
5029705009,50297,009,05,297,50,02,5029705,50297,Zaragoza,Aragón,ES,2,4,3,Zaragoza,5029705009,1181
5029705010,50297,010,05,297,50,02,5029705,50297,Zaragoza,Aragón,ES,2,4,3,Zaragoza,5029705010,1324
5029705011,50297,011,05,297,50,02,5029705,50297,Zaragoza,Aragón,ES,2,4,3,Zaragoza,5029705011,819
5029705012,50297,012,05,297,50,02,5029705,50297,Zaragoza,Aragón,ES,2,4,3,Zaragoza,5029705012,1509
5029705013,50297,013,05,297,50,02,5029705,50297,Zaragoza,Aragón,ES,2,4,3,Zaragoza,5029705013,1364
5029705014,50297,014,05,297,50,02,5029705,50297,Zaragoza,Aragón,ES,2,4,3,Zaragoza,5029705014,1329
5029705015,50297,015,05,297,50,02,5029705,50297,Zaragoza,Aragón,ES,2,4,3,Zaragoza,5029705015,1315
5029705016,50297,016,05,297,50,02,5029705,50297,Zaragoza,Aragón,ES,2,4,3,Zaragoza,5029705016,843
5029705017,50297,017,05,297,50,02,5029705,50297,Zaragoza,Aragón,ES,2,4,3,Zaragoza,5029705017,838
5029705018,50297,018,05,297,50,02,5029705,50297,Zaragoza,Aragón,ES,2,4,3,Zaragoza,5029705018,918
5029705019,50297,019,05,297,50,02,5029705,50297,Zaragoza,Aragón,ES,2,4,3,Zaragoza,5029705019,1463
5029705020,50297,020,05,297,50,02,5029705,50297,Zaragoza,Aragón,ES,2,4,3,Zaragoza,5029705020,1664
5029705021,50297,021,05,297,50,02,5029705,50297,Zaragoza,Aragón,ES,2,4,3,Zaragoza,5029705021,998
5029705022,50297,022,05,297,50,02,5029705,50297,Zaragoza,Aragón,ES,2,4,3,Zaragoza,5029705022,1502
5029705023,50297,023,05,297,50,02,5029705,50297,Zaragoza,Aragón,ES,2,4,3,Zaragoza,5029705023,1642
5029705024,50297,024,05,297,50,02,5029705,50297,Zaragoza,Aragón,ES,2,4,3,Zaragoza,5029705024,831
5029705025,50297,025,05,297,50,02,5029705,50297,Zaragoza,Aragón,ES,2,4,3,Zaragoza,5029705025,1315
5029705026,50297,026,05,297,50,02,5029705,50297,Zaragoza,Aragón,ES,2,4,3,Zaragoza,5029705026,1275
5029705027,50297,027,05,297,50,02,5029705,50297,Zaragoza,Aragón,ES,2,4,3,Zaragoza,5029705027,1129
5029705028,50297,028,05,297,50,02,5029705,50297,Zaragoza,Aragón,ES,2,4,3,Zaragoza,5029705028,1499
5029705030,50297,030,05,297,50,02,5029705,50297,Zaragoza,Aragón,ES,2,4,3,Zaragoza,5029705030,1237
5029705031,50297,031,05,297,50,02,5029705,50297,Zaragoza,Aragón,ES,2,4,3,Zaragoza,5029705031,1393
5029705032,50297,032,05,297,50,02,5029705,50297,Zaragoza,Aragón,ES,2,4,3,Zaragoza,5029705032,1047
5029705033,50297,033,05,297,50,02,5029705,50297,Zaragoza,Aragón,ES,2,4,3,Zaragoza,5029705033,1955
5029705034,50297,034,05,297,50,02,5029705,50297,Zaragoza,Aragón,ES,2,4,3,Zaragoza,5029705034,1718
5029705036,50297,036,05,297,50,02,5029705,50297,Zaragoza,Aragón,ES,2,4,3,Zaragoza,5029705036,1714
5029705037,50297,037,05,297,50,02,5029705,50297,Zaragoza,Aragón,ES,2,4,3,Zaragoza,5029705037,1258
5029705038,50297,038,05,297,50,02,5029705,50297,Zaragoza,Aragón,ES,2,4,3,Zaragoza,5029705038,1070
5029705039,50297,039,05,297,50,02,5029705,50297,Zaragoza,Aragón,ES,2,4,3,Zaragoza,5029705039,1408
5029705040,50297,040,05,297,50,02,5029705,50297,Zaragoza,Aragón,ES,2,4,3,Zaragoza,5029705040,1116
5029705041,50297,041,05,297,50,02,5029705,50297,Zaragoza,Aragón,ES,2,4,3,Zaragoza,5029705041,1190
5029705042,50297,042,05,297,50,02,5029705,50297,Zaragoza,Aragón,ES,2,4,3,Zaragoza,5029705042,1668
5029705043,50297,043,05,297,50,02,5029705,50297,Zaragoza,Aragón,ES,2,4,3,Zaragoza,5029705043,1477
5029705044,50297,044,05,297,50,02,5029705,50297,Zaragoza,Aragón,ES,2,4,3,Zaragoza,5029705044,1665
5029705045,50297,045,05,297,50,02,5029705,50297,Zaragoza,Aragón,ES,2,4,3,Zaragoza,5029705045,1487
5029705046,50297,046,05,297,50,02,5029705,50297,Zaragoza,Aragón,ES,2,4,3,Zaragoza,5029705046,1055
5029705047,50297,047,05,297,50,02,5029705,50297,Zaragoza,Aragón,ES,2,4,3,Zaragoza,5029705047,1875
5029705048,50297,048,05,297,50,02,5029705,50297,Zaragoza,Aragón,ES,2,4,3,Zaragoza,5029705048,1187
5029705049,50297,049,05,297,50,02,5029705,50297,Zaragoza,Aragón,ES,2,4,3,Zaragoza,5029705049,1017
5029705050,50297,050,05,297,50,02,5029705,50297,Zaragoza,Aragón,ES,2,4,3,Zaragoza,5029705050,700
5029706001,50297,001,06,297,50,02,5029706,50297,Zaragoza,Aragón,ES,2,4,3,Zaragoza,5029706001,973
5029706002,50297,002,06,297,50,02,5029706,50297,Zaragoza,Aragón,ES,2,4,3,Zaragoza,5029706002,874
5029706003,50297,003,06,297,50,02,5029706,50297,Zaragoza,Aragón,ES,2,4,3,Zaragoza,5029706003,1812
5029706004,50297,004,06,297,50,02,5029706,50297,Zaragoza,Aragón,ES,2,4,3,Zaragoza,5029706004,2666
5029706005,50297,005,06,297,50,02,5029706,50297,Zaragoza,Aragón,ES,2,4,3,Zaragoza,5029706005,1404
5029706007,50297,007,06,297,50,02,5029706,50297,Zaragoza,Aragón,ES,2,4,3,Zaragoza,5029706007,1559
5029706008,50297,008,06,297,50,02,5029706,50297,Zaragoza,Aragón,ES,2,4,3,Zaragoza,5029706008,1195
5029706009,50297,009,06,297,50,02,5029706,50297,Zaragoza,Aragón,ES,2,4,3,Zaragoza,5029706009,1126
5029706011,50297,011,06,297,50,02,5029706,50297,Zaragoza,Aragón,ES,2,4,3,Zaragoza,5029706011,945
5029706013,50297,013,06,297,50,02,5029706,50297,Zaragoza,Aragón,ES,2,4,3,Zaragoza,5029706013,830
5029706014,50297,014,06,297,50,02,5029706,50297,Zaragoza,Aragón,ES,2,4,3,Zaragoza,5029706014,983
5029706015,50297,015,06,297,50,02,5029706,50297,Zaragoza,Aragón,ES,2,4,3,Zaragoza,5029706015,1722
5029706016,50297,016,06,297,50,02,5029706,50297,Zaragoza,Aragón,ES,2,4,3,Zaragoza,5029706016,951
5029706017,50297,017,06,297,50,02,5029706,50297,Zaragoza,Aragón,ES,2,4,3,Zaragoza,5029706017,1165
5029706018,50297,018,06,297,50,02,5029706,50297,Zaragoza,Aragón,ES,2,4,3,Zaragoza,5029706018,834
5029706019,50297,019,06,297,50,02,5029706,50297,Zaragoza,Aragón,ES,2,4,3,Zaragoza,5029706019,1204
5029706020,50297,020,06,297,50,02,5029706,50297,Zaragoza,Aragón,ES,2,4,3,Zaragoza,5029706020,1259
5029706021,50297,021,06,297,50,02,5029706,50297,Zaragoza,Aragón,ES,2,4,3,Zaragoza,5029706021,1316
5029706022,50297,022,06,297,50,02,5029706,50297,Zaragoza,Aragón,ES,2,4,3,Zaragoza,5029706022,1574
5029706024,50297,024,06,297,50,02,5029706,50297,Zaragoza,Aragón,ES,2,4,3,Zaragoza,5029706024,1581
5029706025,50297,025,06,297,50,02,5029706,50297,Zaragoza,Aragón,ES,2,4,3,Zaragoza,5029706025,1145
5029706026,50297,026,06,297,50,02,5029706,50297,Zaragoza,Aragón,ES,2,4,3,Zaragoza,5029706026,991
5029706027,50297,027,06,297,50,02,5029706,50297,Zaragoza,Aragón,ES,2,4,3,Zaragoza,5029706027,919
5029706028,50297,028,06,297,50,02,5029706,50297,Zaragoza,Aragón,ES,2,4,3,Zaragoza,5029706028,1425
5029706029,50297,029,06,297,50,02,5029706,50297,Zaragoza,Aragón,ES,2,4,3,Zaragoza,5029706029,1107
5029706030,50297,030,06,297,50,02,5029706,50297,Zaragoza,Aragón,ES,2,4,3,Zaragoza,5029706030,736
5029706031,50297,031,06,297,50,02,5029706,50297,Zaragoza,Aragón,ES,2,4,3,Zaragoza,5029706031,822
5029706032,50297,032,06,297,50,02,5029706,50297,Zaragoza,Aragón,ES,2,4,3,Zaragoza,5029706032,1164
5029706033,50297,033,06,297,50,02,5029706,50297,Zaragoza,Aragón,ES,2,4,3,Zaragoza,5029706033,973
5029706034,50297,034,06,297,50,02,5029706,50297,Zaragoza,Aragón,ES,2,4,3,Zaragoza,5029706034,1082
5029706035,50297,035,06,297,50,02,5029706,50297,Zaragoza,Aragón,ES,2,4,3,Zaragoza,5029706035,877
5029706036,50297,036,06,297,50,02,5029706,50297,Zaragoza,Aragón,ES,2,4,3,Zaragoza,5029706036,1423
5029706037,50297,037,06,297,50,02,5029706,50297,Zaragoza,Aragón,ES,2,4,3,Zaragoza,5029706037,965
5029706038,50297,038,06,297,50,02,5029706,50297,Zaragoza,Aragón,ES,2,4,3,Zaragoza,5029706038,955
5029706039,50297,039,06,297,50,02,5029706,50297,Zaragoza,Aragón,ES,2,4,3,Zaragoza,5029706039,1154
5029707002,50297,002,07,297,50,02,5029707,50297,Zaragoza,Aragón,ES,2,4,3,Zaragoza,5029707002,1031
5029707003,50297,003,07,297,50,02,5029707,50297,Zaragoza,Aragón,ES,2,4,3,Zaragoza,5029707003,1957
5029707004,50297,004,07,297,50,02,5029707,50297,Zaragoza,Aragón,ES,2,4,3,Zaragoza,5029707004,1220
5029707005,50297,005,07,297,50,02,5029707,50297,Zaragoza,Aragón,ES,2,4,3,Zaragoza,5029707005,1209
5029707006,50297,006,07,297,50,02,5029707,50297,Zaragoza,Aragón,ES,2,4,3,Zaragoza,5029707006,1917
5029707007,50297,007,07,297,50,02,5029707,50297,Zaragoza,Aragón,ES,2,4,3,Zaragoza,5029707007,1664
5029707015,50297,015,07,297,50,02,5029707,50297,Zaragoza,Aragón,ES,2,4,3,Zaragoza,5029707015,1731
5029707017,50297,017,07,297,50,02,5029707,50297,Zaragoza,Aragón,ES,2,4,3,Zaragoza,5029707017,1164
5029707019,50297,019,07,297,50,02,5029707,50297,Zaragoza,Aragón,ES,2,4,3,Zaragoza,5029707019,1147
5029708001,50297,001,08,297,50,02,5029708,50297,Zaragoza,Aragón,ES,2,4,3,Zaragoza,5029708001,1524
5029708002,50297,002,08,297,50,02,5029708,50297,Zaragoza,Aragón,ES,2,4,3,Zaragoza,5029708002,1372
5029708003,50297,003,08,297,50,02,5029708,50297,Zaragoza,Aragón,ES,2,4,3,Zaragoza,5029708003,1183
5029708004,50297,004,08,297,50,02,5029708,50297,Zaragoza,Aragón,ES,2,4,3,Zaragoza,5029708004,2116
5029708005,50297,005,08,297,50,02,5029708,50297,Zaragoza,Aragón,ES,2,4,3,Zaragoza,5029708005,1355
5029708007,50297,007,08,297,50,02,5029708,50297,Zaragoza,Aragón,ES,2,4,3,Zaragoza,5029708007,1373
5029708008,50297,008,08,297,50,02,5029708,50297,Zaragoza,Aragón,ES,2,4,3,Zaragoza,5029708008,1244
5029708009,50297,009,08,297,50,02,5029708,50297,Zaragoza,Aragón,ES,2,4,3,Zaragoza,5029708009,1554
5029708010,50297,010,08,297,50,02,5029708,50297,Zaragoza,Aragón,ES,2,4,3,Zaragoza,5029708010,1470
5029708012,50297,012,08,297,50,02,5029708,50297,Zaragoza,Aragón,ES,2,4,3,Zaragoza,5029708012,1612
5029708013,50297,013,08,297,50,02,5029708,50297,Zaragoza,Aragón,ES,2,4,3,Zaragoza,5029708013,1661
5029708014,50297,014,08,297,50,02,5029708,50297,Zaragoza,Aragón,ES,2,4,3,Zaragoza,5029708014,2463
5029708015,50297,015,08,297,50,02,5029708,50297,Zaragoza,Aragón,ES,2,4,3,Zaragoza,5029708015,630
5029708016,50297,016,08,297,50,02,5029708,50297,Zaragoza,Aragón,ES,2,4,3,Zaragoza,5029708016,678
5029708017,50297,017,08,297,50,02,5029708,50297,Zaragoza,Aragón,ES,2,4,3,Zaragoza,5029708017,1973
5029708018,50297,018,08,297,50,02,5029708,50297,Zaragoza,Aragón,ES,2,4,3,Zaragoza,5029708018,1983
5029708019,50297,019,08,297,50,02,5029708,50297,Zaragoza,Aragón,ES,2,4,3,Zaragoza,5029708019,1506
5029708021,50297,021,08,297,50,02,5029708,50297,Zaragoza,Aragón,ES,2,4,3,Zaragoza,5029708021,2546
5029708022,50297,022,08,297,50,02,5029708,50297,Zaragoza,Aragón,ES,2,4,3,Zaragoza,5029708022,1411
5029708023,50297,023,08,297,50,02,5029708,50297,Zaragoza,Aragón,ES,2,4,3,Zaragoza,5029708023,1513
5029708025,50297,025,08,297,50,02,5029708,50297,Zaragoza,Aragón,ES,2,4,3,Zaragoza,5029708025,2832
5029709001,50297,001,09,297,50,02,5029709,50297,Zaragoza,Aragón,ES,2,4,3,Zaragoza,5029709001,1188
5029709002,50297,002,09,297,50,02,5029709,50297,Zaragoza,Aragón,ES,2,4,3,Zaragoza,5029709002,1108
5029709003,50297,003,09,297,50,02,5029709,50297,Zaragoza,Aragón,ES,2,4,3,Zaragoza,5029709003,2042
5029709004,50297,004,09,297,50,02,5029709,50297,Zaragoza,Aragón,ES,2,4,3,Zaragoza,5029709004,1229
5029709005,50297,005,09,297,50,02,5029709,50297,Zaragoza,Aragón,ES,2,4,3,Zaragoza,5029709005,1272
5029709006,50297,006,09,297,50,02,5029709,50297,Zaragoza,Aragón,ES,2,4,3,Zaragoza,5029709006,1541
5029709007,50297,007,09,297,50,02,5029709,50297,Zaragoza,Aragón,ES,2,4,3,Zaragoza,5029709007,1416
5029709008,50297,008,09,297,50,02,5029709,50297,Zaragoza,Aragón,ES,2,4,3,Zaragoza,5029709008,1257
5029709009,50297,009,09,297,50,02,5029709,50297,Zaragoza,Aragón,ES,2,4,3,Zaragoza,5029709009,1172
5029709010,50297,010,09,297,50,02,5029709,50297,Zaragoza,Aragón,ES,2,4,3,Zaragoza,5029709010,1625
5029709012,50297,012,09,297,50,02,5029709,50297,Zaragoza,Aragón,ES,2,4,3,Zaragoza,5029709012,1199
5029709013,50297,013,09,297,50,02,5029709,50297,Zaragoza,Aragón,ES,2,4,3,Zaragoza,5029709013,1468
5029709014,50297,014,09,297,50,02,5029709,50297,Zaragoza,Aragón,ES,2,4,3,Zaragoza,5029709014,1145
5029709015,50297,015,09,297,50,02,5029709,50297,Zaragoza,Aragón,ES,2,4,3,Zaragoza,5029709015,1133
5029709016,50297,016,09,297,50,02,5029709,50297,Zaragoza,Aragón,ES,2,4,3,Zaragoza,5029709016,1405
5029709018,50297,018,09,297,50,02,5029709,50297,Zaragoza,Aragón,ES,2,4,3,Zaragoza,5029709018,1833
5029709019,50297,019,09,297,50,02,5029709,50297,Zaragoza,Aragón,ES,2,4,3,Zaragoza,5029709019,1369
5029709020,50297,020,09,297,50,02,5029709,50297,Zaragoza,Aragón,ES,2,4,3,Zaragoza,5029709020,1492
5029709021,50297,021,09,297,50,02,5029709,50297,Zaragoza,Aragón,ES,2,4,3,Zaragoza,5029709021,1327
5029709022,50297,022,09,297,50,02,5029709,50297,Zaragoza,Aragón,ES,2,4,3,Zaragoza,5029709022,1290
5029709023,50297,023,09,297,50,02,5029709,50297,Zaragoza,Aragón,ES,2,4,3,Zaragoza,5029709023,2032
5029709024,50297,024,09,297,50,02,5029709,50297,Zaragoza,Aragón,ES,2,4,3,Zaragoza,5029709024,1146
5029709025,50297,025,09,297,50,02,5029709,50297,Zaragoza,Aragón,ES,2,4,3,Zaragoza,5029709025,1044
5029709026,50297,026,09,297,50,02,5029709,50297,Zaragoza,Aragón,ES,2,4,3,Zaragoza,5029709026,2042
5029709028,50297,028,09,297,50,02,5029709,50297,Zaragoza,Aragón,ES,2,4,3,Zaragoza,5029709028,3010
5029710001,50297,001,10,297,50,02,5029710,50297,Zaragoza,Aragón,ES,2,4,3,Zaragoza,5029710001,1585
5029710002,50297,002,10,297,50,02,5029710,50297,Zaragoza,Aragón,ES,2,4,3,Zaragoza,5029710002,2432
5029710003,50297,003,10,297,50,02,5029710,50297,Zaragoza,Aragón,ES,2,4,3,Zaragoza,5029710003,1923
5029710004,50297,004,10,297,50,02,5029710,50297,Zaragoza,Aragón,ES,2,4,3,Zaragoza,5029710004,1546
5029710005,50297,005,10,297,50,02,5029710,50297,Zaragoza,Aragón,ES,2,4,3,Zaragoza,5029710005,849
5029710006,50297,006,10,297,50,02,5029710,50297,Zaragoza,Aragón,ES,2,4,3,Zaragoza,5029710006,1160
5029710008,50297,008,10,297,50,02,5029710,50297,Zaragoza,Aragón,ES,2,4,3,Zaragoza,5029710008,1635
5029710009,50297,009,10,297,50,02,5029710,50297,Zaragoza,Aragón,ES,2,4,3,Zaragoza,5029710009,1104
5029710010,50297,010,10,297,50,02,5029710,50297,Zaragoza,Aragón,ES,2,4,3,Zaragoza,5029710010,1604
5029710011,50297,011,10,297,50,02,5029710,50297,Zaragoza,Aragón,ES,2,4,3,Zaragoza,5029710011,1003
5029710012,50297,012,10,297,50,02,5029710,50297,Zaragoza,Aragón,ES,2,4,3,Zaragoza,5029710012,1341
5029710013,50297,013,10,297,50,02,5029710,50297,Zaragoza,Aragón,ES,2,4,3,Zaragoza,5029710013,663
5029710014,50297,014,10,297,50,02,5029710,50297,Zaragoza,Aragón,ES,2,4,3,Zaragoza,5029710014,1700
5029710015,50297,015,10,297,50,02,5029710,50297,Zaragoza,Aragón,ES,2,4,3,Zaragoza,5029710015,1129
5029710016,50297,016,10,297,50,02,5029710,50297,Zaragoza,Aragón,ES,2,4,3,Zaragoza,5029710016,2128
5029710017,50297,017,10,297,50,02,5029710,50297,Zaragoza,Aragón,ES,2,4,3,Zaragoza,5029710017,1276
5029710018,50297,018,10,297,50,02,5029710,50297,Zaragoza,Aragón,ES,2,4,3,Zaragoza,5029710018,1260
5029710019,50297,019,10,297,50,02,5029710,50297,Zaragoza,Aragón,ES,2,4,3,Zaragoza,5029710019,2369
5029710020,50297,020,10,297,50,02,5029710,50297,Zaragoza,Aragón,ES,2,4,3,Zaragoza,5029710020,1163
5029710021,50297,021,10,297,50,02,5029710,50297,Zaragoza,Aragón,ES,2,4,3,Zaragoza,5029710021,1354
5029710023,50297,023,10,297,50,02,5029710,50297,Zaragoza,Aragón,ES,2,4,3,Zaragoza,5029710023,1652
5029710024,50297,024,10,297,50,02,5029710,50297,Zaragoza,Aragón,ES,2,4,3,Zaragoza,5029710024,730
5029710025,50297,025,10,297,50,02,5029710,50297,Zaragoza,Aragón,ES,2,4,3,Zaragoza,5029710025,1018
5029710026,50297,026,10,297,50,02,5029710,50297,Zaragoza,Aragón,ES,2,4,3,Zaragoza,5029710026,1085
5029710027,50297,027,10,297,50,02,5029710,50297,Zaragoza,Aragón,ES,2,4,3,Zaragoza,5029710027,894
5029710028,50297,028,10,297,50,02,5029710,50297,Zaragoza,Aragón,ES,2,4,3,Zaragoza,5029710028,2052
5029710029,50297,029,10,297,50,02,5029710,50297,Zaragoza,Aragón,ES,2,4,3,Zaragoza,5029710029,867
5029710031,50297,031,10,297,50,02,5029710,50297,Zaragoza,Aragón,ES,2,4,3,Zaragoza,5029710031,1202
5029710034,50297,034,10,297,50,02,5029710,50297,Zaragoza,Aragón,ES,2,4,3,Zaragoza,5029710034,1047
5029710036,50297,036,10,297,50,02,5029710,50297,Zaragoza,Aragón,ES,2,4,3,Zaragoza,5029710036,1043
5029710037,50297,037,10,297,50,02,5029710,50297,Zaragoza,Aragón,ES,2,4,3,Zaragoza,5029710037,1577
5029710038,50297,038,10,297,50,02,5029710,50297,Zaragoza,Aragón,ES,2,4,3,Zaragoza,5029710038,1094
5029710039,50297,039,10,297,50,02,5029710,50297,Zaragoza,Aragón,ES,2,4,3,Zaragoza,5029710039,1218
5029710040,50297,040,10,297,50,02,5029710,50297,Zaragoza,Aragón,ES,2,4,3,Zaragoza,5029710040,1106
5029710041,50297,041,10,297,50,02,5029710,50297,Zaragoza,Aragón,ES,2,4,3,Zaragoza,5029710041,1708
5029710042,50297,042,10,297,50,02,5029710,50297,Zaragoza,Aragón,ES,2,4,3,Zaragoza,5029710042,1601
5029710043,50297,043,10,297,50,02,5029710,50297,Zaragoza,Aragón,ES,2,4,3,Zaragoza,5029710043,1791
5029710044,50297,044,10,297,50,02,5029710,50297,Zaragoza,Aragón,ES,2,4,3,Zaragoza,5029710044,1211
5029710045,50297,045,10,297,50,02,5029710,50297,Zaragoza,Aragón,ES,2,4,3,Zaragoza,5029710045,970
5029710046,50297,046,10,297,50,02,5029710,50297,Zaragoza,Aragón,ES,2,4,3,Zaragoza,5029710046,2216
5029710047,50297,047,10,297,50,02,5029710,50297,Zaragoza,Aragón,ES,2,4,3,Zaragoza,5029710047,1269
5029710049,50297,049,10,297,50,02,5029710,50297,Zaragoza,Aragón,ES,2,4,3,Zaragoza,5029710049,1737
5029710050,50297,050,10,297,50,02,5029710,50297,Zaragoza,Aragón,ES,2,4,3,Zaragoza,5029710050,1517
5029710051,50297,051,10,297,50,02,5029710,50297,Zaragoza,Aragón,ES,2,4,3,Zaragoza,5029710051,2267
5029710052,50297,052,10,297,50,02,5029710,50297,Zaragoza,Aragón,ES,2,4,3,Zaragoza,5029710052,1175
5029710053,50297,053,10,297,50,02,5029710,50297,Zaragoza,Aragón,ES,2,4,3,Zaragoza,5029710053,1985
5029710054,50297,054,10,297,50,02,5029710,50297,Zaragoza,Aragón,ES,2,4,3,Zaragoza,5029710054,1907
5029710055,50297,055,10,297,50,02,5029710,50297,Zaragoza,Aragón,ES,2,4,3,Zaragoza,5029710055,1722
5029710056,50297,056,10,297,50,02,5029710,50297,Zaragoza,Aragón,ES,2,4,3,Zaragoza,5029710056,895
5029710057,50297,057,10,297,50,02,5029710,50297,Zaragoza,Aragón,ES,2,4,3,Zaragoza,5029710057,1774
5029710058,50297,058,10,297,50,02,5029710,50297,Zaragoza,Aragón,ES,2,4,3,Zaragoza,5029710058,1222
5029710059,50297,059,10,297,50,02,5029710,50297,Zaragoza,Aragón,ES,2,4,3,Zaragoza,5029710059,792
5029710060,50297,060,10,297,50,02,5029710,50297,Zaragoza,Aragón,ES,2,4,3,Zaragoza,5029710060,2107
5029710061,50297,061,10,297,50,02,5029710,50297,Zaragoza,Aragón,ES,2,4,3,Zaragoza,5029710061,1577
5029710062,50297,062,10,297,50,02,5029710,50297,Zaragoza,Aragón,ES,2,4,3,Zaragoza,5029710062,1208
5029710063,50297,063,10,297,50,02,5029710,50297,Zaragoza,Aragón,ES,2,4,3,Zaragoza,5029710063,1173
5029710064,50297,064,10,297,50,02,5029710,50297,Zaragoza,Aragón,ES,2,4,3,Zaragoza,5029710064,2108
5029710065,50297,065,10,297,50,02,5029710,50297,Zaragoza,Aragón,ES,2,4,3,Zaragoza,5029710065,1697
5029710067,50297,067,10,297,50,02,5029710,50297,Zaragoza,Aragón,ES,2,4,3,Zaragoza,5029710067,1699
5029710068,50297,068,10,297,50,02,5029710,50297,Zaragoza,Aragón,ES,2,4,3,Zaragoza,5029710068,628
5029710069,50297,069,10,297,50,02,5029710,50297,Zaragoza,Aragón,ES,2,4,3,Zaragoza,5029710069,2099
5029710070,50297,070,10,297,50,02,5029710,50297,Zaragoza,Aragón,ES,2,4,3,Zaragoza,5029710070,863
5029710071,50297,071,10,297,50,02,5029710,50297,Zaragoza,Aragón,ES,2,4,3,Zaragoza,5029710071,1459
5029710072,50297,072,10,297,50,02,5029710,50297,Zaragoza,Aragón,ES,2,4,3,Zaragoza,5029710072,817
5029710073,50297,073,10,297,50,02,5029710,50297,Zaragoza,Aragón,ES,2,4,3,Zaragoza,5029710073,1409
5029710075,50297,075,10,297,50,02,5029710,50297,Zaragoza,Aragón,ES,2,4,3,Zaragoza,5029710075,942
5029710076,50297,076,10,297,50,02,5029710,50297,Zaragoza,Aragón,ES,2,4,3,Zaragoza,5029710076,1141
5029710077,50297,077,10,297,50,02,5029710,50297,Zaragoza,Aragón,ES,2,4,3,Zaragoza,5029710077,1612
5029710078,50297,078,10,297,50,02,5029710,50297,Zaragoza,Aragón,ES,2,4,3,Zaragoza,5029710078,988
5029710079,50297,079,10,297,50,02,5029710,50297,Zaragoza,Aragón,ES,2,4,3,Zaragoza,5029710079,1752
5029710080,50297,080,10,297,50,02,5029710,50297,Zaragoza,Aragón,ES,2,4,3,Zaragoza,5029710080,1603
5029710081,50297,081,10,297,50,02,5029710,50297,Zaragoza,Aragón,ES,2,4,3,Zaragoza,5029710081,2181
5029710082,50297,082,10,297,50,02,5029710,50297,Zaragoza,Aragón,ES,2,4,3,Zaragoza,5029710082,1918
5029710083,50297,083,10,297,50,02,5029710,50297,Zaragoza,Aragón,ES,2,4,3,Zaragoza,5029710083,1171
5029710084,50297,084,10,297,50,02,5029710,50297,Zaragoza,Aragón,ES,2,4,3,Zaragoza,5029710084,1368
5029710085,50297,085,10,297,50,02,5029710,50297,Zaragoza,Aragón,ES,2,4,3,Zaragoza,5029710085,2426
5029710086,50297,086,10,297,50,02,5029710,50297,Zaragoza,Aragón,ES,2,4,3,Zaragoza,5029710086,2223
5029710087,50297,087,10,297,50,02,5029710,50297,Zaragoza,Aragón,ES,2,4,3,Zaragoza,5029710087,1492
5029710088,50297,088,10,297,50,02,5029710,50297,Zaragoza,Aragón,ES,2,4,3,Zaragoza,5029710088,1934
5029710089,50297,089,10,297,50,02,5029710,50297,Zaragoza,Aragón,ES,2,4,3,Zaragoza,5029710089,1601
5029710090,50297,090,10,297,50,02,5029710,50297,Zaragoza,Aragón,ES,2,4,3,Zaragoza,5029710090,1444
5029710091,50297,091,10,297,50,02,5029710,50297,Zaragoza,Aragón,ES,2,4,3,Zaragoza,5029710091,1345
5029711001,50297,001,11,297,50,02,5029711,50297,Zaragoza,Aragón,ES,2,4,3,Zaragoza,5029711001,1215
5029711003,50297,003,11,297,50,02,5029711,50297,Zaragoza,Aragón,ES,2,4,3,Zaragoza,5029711003,2217
5029711004,50297,004,11,297,50,02,5029711,50297,Zaragoza,Aragón,ES,2,4,3,Zaragoza,5029711004,1249
5029711006,50297,006,11,297,50,02,5029711,50297,Zaragoza,Aragón,ES,2,4,3,Zaragoza,5029711006,1403
5029711007,50297,007,11,297,50,02,5029711,50297,Zaragoza,Aragón,ES,2,4,3,Zaragoza,5029711007,1054
5029711009,50297,009,11,297,50,02,5029711,50297,Zaragoza,Aragón,ES,2,4,3,Zaragoza,5029711009,1638
5029711010,50297,010,11,297,50,02,5029711,50297,Zaragoza,Aragón,ES,2,4,3,Zaragoza,5029711010,1542
5029711011,50297,011,11,297,50,02,5029711,50297,Zaragoza,Aragón,ES,2,4,3,Zaragoza,5029711011,1415
5029711012,50297,012,11,297,50,02,5029711,50297,Zaragoza,Aragón,ES,2,4,3,Zaragoza,5029711012,1034
5029711013,50297,013,11,297,50,02,5029711,50297,Zaragoza,Aragón,ES,2,4,3,Zaragoza,5029711013,1186
5029711015,50297,015,11,297,50,02,5029711,50297,Zaragoza,Aragón,ES,2,4,3,Zaragoza,5029711015,2520
5029711016,50297,016,11,297,50,02,5029711,50297,Zaragoza,Aragón,ES,2,4,3,Zaragoza,5029711016,1952
5029711017,50297,017,11,297,50,02,5029711,50297,Zaragoza,Aragón,ES,2,4,3,Zaragoza,5029711017,1079
5029711018,50297,018,11,297,50,02,5029711,50297,Zaragoza,Aragón,ES,2,4,3,Zaragoza,5029711018,2428
5029711019,50297,019,11,297,50,02,5029711,50297,Zaragoza,Aragón,ES,2,4,3,Zaragoza,5029711019,1638
5029712001,50297,001,12,297,50,02,5029712,50297,Zaragoza,Aragón,ES,2,4,3,Zaragoza,5029712001,2587
5029712002,50297,002,12,297,50,02,5029712,50297,Zaragoza,Aragón,ES,2,4,3,Zaragoza,5029712002,1038
5029712003,50297,003,12,297,50,02,5029712,50297,Zaragoza,Aragón,ES,2,4,3,Zaragoza,5029712003,2091
5029712004,50297,004,12,297,50,02,5029712,50297,Zaragoza,Aragón,ES,2,4,3,Zaragoza,5029712004,1708
5029712005,50297,005,12,297,50,02,5029712,50297,Zaragoza,Aragón,ES,2,4,3,Zaragoza,5029712005,1789
5029712006,50297,006,12,297,50,02,5029712,50297,Zaragoza,Aragón,ES,2,4,3,Zaragoza,5029712006,1455
5029712007,50297,007,12,297,50,02,5029712,50297,Zaragoza,Aragón,ES,2,4,3,Zaragoza,5029712007,1260
5029712008,50297,008,12,297,50,02,5029712,50297,Zaragoza,Aragón,ES,2,4,3,Zaragoza,5029712008,1094
5029712009,50297,009,12,297,50,02,5029712,50297,Zaragoza,Aragón,ES,2,4,3,Zaragoza,5029712009,2145
5029712010,50297,010,12,297,50,02,5029712,50297,Zaragoza,Aragón,ES,2,4,3,Zaragoza,5029712010,1173
5029801002,50298,002,01,298,50,02,5029801,50298,Zaragoza,Aragón,ES,2,4,3,Zuera,5029801002,2591
5029802001,50298,001,02,298,50,02,5029802,50298,Zaragoza,Aragón,ES,2,4,3,Zuera,5029802001,728
5090101001,50901,001,01,901,50,02,5090101,50901,Zaragoza,Aragón,ES,2,4,3,Biel,5090101001,165
5090201001,50902,001,01,902,50,02,5090201,50902,Zaragoza,Aragón,ES,2,4,3,Marracos,5090201001,82
5090301001,50903,001,01,903,50,02,5090301,50903,Zaragoza,Aragón,ES,2,4,3,Villamayor de Gállego,5090301001,1380
5090301002,50903,002,01,903,50,02,5090301,50903,Zaragoza,Aragón,ES,2,4,3,Villamayor de Gállego,5090301002,1465
5000801002,50008,002,01,008,50,02,5000801,50008,Zaragoza,Aragón,ES,2,4,3,Alagón,5000801002,1998
5000801005,50008,005,01,008,50,02,5000801,50008,Zaragoza,Aragón,ES,2,4,3,Alagón,5000801005,875
5000801003,50008,003,01,008,50,02,5000801,50008,Zaragoza,Aragón,ES,2,4,3,Alagón,5000801003,1578
4402501001,44025,001,01,025,44,02,4402501,44025,Teruel,Aragón,ES,2,4,2,Andorra,4402501001,1607
5021901001,50219,001,01,219,50,02,5021901,50219,Zaragoza,Aragón,ES,2,4,3,"Puebla de Alfindén, La",5021901001,2187
5021901003,50219,003,01,219,50,02,5021901,50219,Zaragoza,Aragón,ES,2,4,3,"Puebla de Alfindén, La",5021901003,2346
5029709029,50297,029,09,297,50,02,5029709,50297,Zaragoza,Aragón,ES,2,4,3,Zaragoza,5029709029,2241
5009502001,50095,001,02,095,50,02,5009502,50095,Zaragoza,Aragón,ES,2,4,3,Ejea de los Caballeros,5009502001,1635
5029801003,50298,003,01,298,50,02,5029801,50298,Zaragoza,Aragón,ES,2,4,3,Zuera,5029801003,2699
5029801001,50298,001,01,298,50,02,5029801,50298,Zaragoza,Aragón,ES,2,4,3,Zuera,5029801001,2696
4405001002,44050,002,01,050,44,02,4405001,44050,Teruel,Aragón,ES,2,4,2,Calamocha,4405001002,1993
4400801001,44008,001,01,008,44,02,4400801,44008,Teruel,Aragón,ES,2,4,2,Albalate del Arzobispo,4400801001,948
4400801002,44008,002,01,008,44,02,4400801,44008,Teruel,Aragón,ES,2,4,2,Albalate del Arzobispo,4400801002,1000
5029711008,50297,008,11,297,50,02,5029711,50297,Zaragoza,Aragón,ES,2,4,3,Zaragoza,5029711008,2292
5029704055,50297,055,04,297,50,02,5029704,50297,Zaragoza,Aragón,ES,2,4,3,Zaragoza,5029704055,1248
5029704076,50297,076,04,297,50,02,5029704,50297,Zaragoza,Aragón,ES,2,4,3,Zaragoza,5029704076,1303
5029704061,50297,061,04,297,50,02,5029704,50297,Zaragoza,Aragón,ES,2,4,3,Zaragoza,5029704061,1749
5029704075,50297,075,04,297,50,02,5029704,50297,Zaragoza,Aragón,ES,2,4,3,Zaragoza,5029704075,1414
5029709027,50297,027,09,297,50,02,5029709,50297,Zaragoza,Aragón,ES,2,4,3,Zaragoza,5029709027,1684
5029709030,50297,030,09,297,50,02,5029709,50297,Zaragoza,Aragón,ES,2,4,3,Zaragoza,5029709030,2202
5029708006,50297,006,08,297,50,02,5029708,50297,Zaragoza,Aragón,ES,2,4,3,Zaragoza,5029708006,1585
5029708028,50297,028,08,297,50,02,5029708,50297,Zaragoza,Aragón,ES,2,4,3,Zaragoza,5029708028,1946
5029708011,50297,011,08,297,50,02,5029708,50297,Zaragoza,Aragón,ES,2,4,3,Zaragoza,5029708011,1664
5029708027,50297,027,08,297,50,02,5029708,50297,Zaragoza,Aragón,ES,2,4,3,Zaragoza,5029708027,1941
5029708024,50297,024,08,297,50,02,5029708,50297,Zaragoza,Aragón,ES,2,4,3,Zaragoza,5029708024,1642
5029708026,50297,026,08,297,50,02,5029708,50297,Zaragoza,Aragón,ES,2,4,3,Zaragoza,5029708026,1873
5029710048,50297,048,10,297,50,02,5029710,50297,Zaragoza,Aragón,ES,2,4,3,Zaragoza,5029710048,1315
5029710092,50297,092,10,297,50,02,5029710,50297,Zaragoza,Aragón,ES,2,4,3,Zaragoza,5029710092,1197
4412201002,44122,002,01,122,44,02,4412201,44122,Teruel,Aragón,ES,2,4,2,Híjar,4412201002,991
4401303002,44013,002,03,013,44,02,4401303,44013,Teruel,Aragón,ES,2,4,2,Alcañiz,4401303002,1596
4401303004,44013,004,03,013,44,02,4401303,44013,Teruel,Aragón,ES,2,4,2,Alcañiz,4401303004,2719
4401305001,44013,001,05,013,44,02,4401305,44013,Teruel,Aragón,ES,2,4,2,Alcañiz,4401305001,1347
4401305002,44013,002,05,013,44,02,4401305,44013,Teruel,Aragón,ES,2,4,2,Alcañiz,4401305002,2364
5029703047,50297,047,03,297,50,02,5029703,50297,Zaragoza,Aragón,ES,2,4,3,Zaragoza,5029703047,1593
5029703038,50297,038,03,297,50,02,5029703,50297,Zaragoza,Aragón,ES,2,4,3,Zaragoza,5029703038,1675
5029704078,50297,078,04,297,50,02,5029704,50297,Zaragoza,Aragón,ES,2,4,3,Zaragoza,5029704078,1261
5029704060,50297,060,04,297,50,02,5029704,50297,Zaragoza,Aragón,ES,2,4,3,Zaragoza,5029704060,1675
5029704079,50297,079,04,297,50,02,5029704,50297,Zaragoza,Aragón,ES,2,4,3,Zaragoza,5029704079,1303
5029704068,50297,068,04,297,50,02,5029704,50297,Zaragoza,Aragón,ES,2,4,3,Zaragoza,5029704068,1664
5029710066,50297,066,10,297,50,02,5029710,50297,Zaragoza,Aragón,ES,2,4,3,Zaragoza,5029710066,1552
5029710093,50297,093,10,297,50,02,5029710,50297,Zaragoza,Aragón,ES,2,4,3,Zaragoza,5029710093,1647
5029710074,50297,074,10,297,50,02,5029710,50297,Zaragoza,Aragón,ES,2,4,3,Zaragoza,5029710074,1373
5029710094,50297,094,10,297,50,02,5029710,50297,Zaragoza,Aragón,ES,2,4,3,Zaragoza,5029710094,1017
5029704057,50297,057,04,297,50,02,5029704,50297,Zaragoza,Aragón,ES,2,4,3,Zaragoza,5029704057,962
5029704077,50297,077,04,297,50,02,5029704,50297,Zaragoza,Aragón,ES,2,4,3,Zaragoza,5029704077,1507
5029710030,50297,030,10,297,50,02,5029710,50297,Zaragoza,Aragón,ES,2,4,3,Zaragoza,5029710030,1667
5029710032,50297,032,10,297,50,02,5029710,50297,Zaragoza,Aragón,ES,2,4,3,Zaragoza,5029710032,1265
5029704037,50297,037,04,297,50,02,5029704,50297,Zaragoza,Aragón,ES,2,4,3,Zaragoza,5029704037,1863
5029704014,50297,014,04,297,50,02,5029704,50297,Zaragoza,Aragón,ES,2,4,3,Zaragoza,5029704014,764
5029706010,50297,010,06,297,50,02,5029706,50297,Zaragoza,Aragón,ES,2,4,3,Zaragoza,5029706010,2078
5029709017,50297,017,09,297,50,02,5029709,50297,Zaragoza,Aragón,ES,2,4,3,Zaragoza,5029709017,1201
5029703088,50297,088,03,297,50,02,5029703,50297,Zaragoza,Aragón,ES,2,4,3,Zaragoza,5029703088,1349
5029703091,50297,091,03,297,50,02,5029703,50297,Zaragoza,Aragón,ES,2,4,3,Zaragoza,5029703091,1297
5029703089,50297,089,03,297,50,02,5029703,50297,Zaragoza,Aragón,ES,2,4,3,Zaragoza,5029703089,1289
2212503008,22125,008,03,125,22,02,2212503,22125,Huesca,Aragón,ES,2,4,1,Huesca,2212503008,1767
2212503009,22125,009,03,125,22,02,2212503,22125,Huesca,Aragón,ES,2,4,1,Huesca,2212503009,1481
5006201001,50062,001,01,062,50,02,5006201,50062,Zaragoza,Aragón,ES,2,4,3,"Burgo de Ebro, El",5006201001,1386
5006201002,50062,002,01,062,50,02,5006201,50062,Zaragoza,Aragón,ES,2,4,3,"Burgo de Ebro, El",5006201002,1404
5029707014,50297,014,07,297,50,02,5029707,50297,Zaragoza,Aragón,ES,2,4,3,Zaragoza,5029707014,1269
5029707020,50297,020,07,297,50,02,5029707,50297,Zaragoza,Aragón,ES,2,4,3,Zaragoza,5029707020,1221
5029707009,50297,009,07,297,50,02,5029707,50297,Zaragoza,Aragón,ES,2,4,3,Zaragoza,5029707009,1906
5029707018,50297,018,07,297,50,02,5029707,50297,Zaragoza,Aragón,ES,2,4,3,Zaragoza,5029707018,1146
5029707016,50297,016,07,297,50,02,5029707,50297,Zaragoza,Aragón,ES,2,4,3,Zaragoza,5029707016,1331
5029703086,50297,086,03,297,50,02,5029703,50297,Zaragoza,Aragón,ES,2,4,3,Zaragoza,5029703086,1166
5029707008,50297,008,07,297,50,02,5029707,50297,Zaragoza,Aragón,ES,2,4,3,Zaragoza,5029707008,1229
4405001001,44050,001,01,050,44,02,4405001,44050,Teruel,Aragón,ES,2,4,2,Calamocha,4405001001,2069
5029707001,50297,001,07,297,50,02,5029707,50297,Zaragoza,Aragón,ES,2,4,3,Zaragoza,5029707001,2208
4402502002,44025,002,02,025,44,02,4402502,44025,Teruel,Aragón,ES,2,4,2,Andorra,4402502002,1501
4402502003,44025,003,02,025,44,02,4402502,44025,Teruel,Aragón,ES,2,4,2,Andorra,4402502003,722
4402502001,44025,001,02,025,44,02,4402502,44025,Teruel,Aragón,ES,2,4,2,Andorra,4402502001,831
4402501003,44025,003,01,025,44,02,4402501,44025,Teruel,Aragón,ES,2,4,2,Andorra,4402501003,830
5016301001,50163,001,01,163,50,02,5016301,50163,Zaragoza,Aragón,ES,2,4,3,María de Huerva,5016301001,1753
5016301004,50163,004,01,163,50,02,5016301,50163,Zaragoza,Aragón,ES,2,4,3,María de Huerva,5016301004,1163
5008901002,50089,002,01,089,50,02,5008901,50089,Zaragoza,Aragón,ES,2,4,3,Cuarte de Huerva,5008901002,1621
5008901004,50089,004,01,089,50,02,5008901,50089,Zaragoza,Aragón,ES,2,4,3,Cuarte de Huerva,5008901004,2327
5008901007,50089,007,01,089,50,02,5008901,50089,Zaragoza,Aragón,ES,2,4,3,Cuarte de Huerva,5008901007,1998
5029708020,50297,020,08,297,50,02,5029708,50297,Zaragoza,Aragón,ES,2,4,3,Zaragoza,5029708020,1615
5029708029,50297,029,08,297,50,02,5029708,50297,Zaragoza,Aragón,ES,2,4,3,Zaragoza,5029708029,1186
5029710033,50297,033,10,297,50,02,5029710,50297,Zaragoza,Aragón,ES,2,4,3,Zaragoza,5029710033,977
5029710035,50297,035,10,297,50,02,5029710,50297,Zaragoza,Aragón,ES,2,4,3,Zaragoza,5029710035,1238
