CUSEC_KEY,district_id,section_pop,CPRO,NPRO,CUMUN,NMUN,CUDIS,ddd_unit_id,ddd_closed_urban
0501901001,0,1293,05,Ávila,05019,Ávila,0501901,05:05019:U1,True
0501901002,0,1406,05,Ávila,05019,Ávila,0501901,05:05019:U1,True
0501902001,0,1659,05,Ávila,05019,Ávila,0501902,05:05019:U1,True
0501902002,0,1141,05,Ávila,05019,Ávila,0501902,05:05019:U1,True
0501904001,0,1772,05,Ávila,05019,Ávila,0501904,05:05019:U1,True
0501904002,0,1556,05,Ávila,05019,Ávila,0501904,05:05019:U1,True
0501904003,0,1097,05,Ávila,05019,Ávila,0501904,05:05019:U1,True
0501904004,0,1085,05,Ávila,05019,Ávila,0501904,05:05019:U1,True
0501904005,0,1458,05,Ávila,05019,Ávila,0501904,05:05019:U1,True
0501904006,0,1494,05,Ávila,05019,Ávila,0501904,05:05019:U1,True
0501904008,0,2261,05,Ávila,05019,Ávila,0501904,05:05019:U1,True
0501904009,0,1384,05,Ávila,05019,Ávila,0501904,05:05019:U1,True
0501904010,0,888,05,Ávila,05019,Ávila,0501904,05:05019:U1,True
0501904011,0,2530,05,Ávila,05019,Ávila,0501904,05:05019:U1,True
0501904013,0,957,05,Ávila,05019,Ávila,0501904,05:05019:U1,True
0501904014,0,1669,05,Ávila,05019,Ávila,0501904,05:05019:U1,True
0501905001,0,1516,05,Ávila,05019,Ávila,0501905,05:05019:U1,True
0501905002,0,1700,05,Ávila,05019,Ávila,0501905,05:05019:U1,True
0501905003,0,1193,05,Ávila,05019,Ávila,0501905,05:05019:U1,True
0501905005,0,1899,05,Ávila,05019,Ávila,0501905,05:05019:U1,True
0500701001,1,102,05,Ávila,05007,Aldeanueva de Santa Cruz,0500701,05:05007:M,False
0501301001,1,977,05,Ávila,05013,"Arenal, El",0501301,05:05013:M,False
0501401001,1,1852,05,Ávila,05014,Arenas de San Pedro,0501401,05:05014:M,False
0501402001,1,1176,05,Ávila,05014,Arenas de San Pedro,0501402,05:05014:M,False
0501402002,1,2161,05,Ávila,05014,Arenas de San Pedro,0501402,05:05014:M,False
0501403001,1,1291,05,Ávila,05014,Arenas de San Pedro,0501403,05:05014:M,False
0501801001,1,23,05,Ávila,05018,Avellaneda,0501801,05:05018:M,False
0502501001,1,70,05,Ávila,05025,Becedillas,0502501,05:05025:M,False
0503801001,1,139,05,Ávila,05038,Bonilla de la Sierra,0503801,05:05038:M,False
0504701001,1,1667,05,Ávila,05047,Candeleda,0504701,05:05047:M,False
0504703001,1,1413,05,Ávila,05047,Candeleda,0504703,05:05047:M,False
0504703002,1,1919,05,Ávila,05047,Candeleda,0504703,05:05047:M,False
0505201001,1,79,05,Ávila,05052,Casas del Puerto,0505201,05:05052:M,False
0505401001,1,1371,05,Ávila,05054,Casavieja,0505401,05:05054:M,False
0505801001,1,64,05,Ávila,05058,Cepeda la Mora,0505801,05:05058:M,False
0506301001,1,19,05,Ávila,05063,Collado del Mirón,0506301,05:05063:M,False
0506601001,1,511,05,Ávila,05066,Cuevas del Valle,0506601,05:05066:M,False
0508101001,1,37,05,Ávila,05081,Garganta del Villar,0508101,05:05081:M,False
0508201001,1,524,05,Ávila,05082,Gavilanes,0508201,05:05082:M,False
0508901001,1,463,05,Ávila,05089,Guisando,0508901,05:05089:M,False
0510001001,1,262,05,Ávila,05100,"Hornillo, El",0510001,05:05100:M,False
0510101001,1,295,05,Ávila,05101,Hoyocasero,0510101,05:05101:M,False
0510301001,1,57,05,Ávila,05103,Hoyorredondo,0510301,05:05103:M,False
0510401001,1,28,05,Ávila,05104,Hoyos del Collado,0510401,05:05104:M,False
0510501001,1,366,05,Ávila,05105,Hoyos del Espino,0510501,05:05105:M,False
0510601001,1,24,05,Ávila,05106,Hoyos de Miguel Muñoz,0510601,05:05106:M,False
0511001001,1,815,05,Ávila,05110,Lanzahíta,0511001,05:05110:M,False
0511301001,1,56,05,Ávila,05113,"Llanos de Tormes, Los",0511301,05:05113:M,False
0511601001,1,90,05,Ávila,05116,Malpartida de Corneja,0511601,05:05116:M,False
0512601001,1,63,05,Ávila,05126,Mesegar de Corneja,0512601,05:05126:M,False
0512701001,1,716,05,Ávila,05127,Mijares,0512701,05:05127:M,False
0513201001,1,922,05,Ávila,05132,Mombeltrán,0513201,05:05132:M,False
0515101001,1,101,05,Ávila,05151,Navacepedilla de Corneja,0515101,05:05151:M,False
0515401001,1,28,05,Ávila,05154,Navadijos,0515401,05:05154:M,False
0515501001,1,59,05,Ávila,05155,Navaescurial,0515501,05:05155:M,False
0515701001,1,194,05,Ávila,05157,Navalacruz,0515701,05:05157:M,False
0516001001,1,317,05,Ávila,05160,Navalosa,0516001,05:05160:M,False
0516201001,1,73,05,Ávila,05162,Navalperal de Tormes,0516201,05:05162:M,False
0516401001,1,38,05,Ávila,05164,Navaquesera,0516401,05:05164:M,False
0516501001,1,459,05,Ávila,05165,Navarredonda de Gredos,0516501,05:05165:M,False
0516601001,1,149,05,Ávila,05166,Navarredondilla,0516601,05:05166:M,False
0516701001,1,285,05,Ávila,05167,Navarrevisca,0516701,05:05167:M,False
0516901001,1,230,05,Ávila,05169,Navatalgordo,0516901,05:05169:M,False
0518101001,1,38,05,Ávila,05181,Pascualcobo,0518101,05:05181:M,False
0518201001,1,772,05,Ávila,05182,Pedro Bernardo,0518201,05:05182:M,False
0518901001,1,499,05,Ávila,05189,Poyales del Hoyo,0518901,05:05189:M,False
0520001001,1,32,05,Ávila,05200,San Bartolomé de Corneja,0520001,05:05200:M,False
0520701001,1,736,05,Ávila,05207,San Esteban del Valle,0520701,05:05207:M,False
0521201001,1,239,05,Ávila,05212,San Juan del Molinillo,0521201,05:05212:M,False
0521401001,1,31,05,Ávila,05214,San Lorenzo de Tormes,0521401,05:05214:M,False
0521501001,1,164,05,Ávila,05215,San Martín de la Vega del Alberche,0521501,05:05215:M,False
0521601001,1,221,05,Ávila,05216,San Martín del Pimpollar,0521601,05:05216:M,False
0521701001,1,68,05,Ávila,05217,San Miguel de Corneja,0521701,05:05217:M,False
0522101001,1,295,05,Ávila,05221,Santa Cruz del Valle,0522101,05:05221:M,False
0522601001,1,54,05,Ávila,05226,Santa María de los Caballeros,0522601,05:05226:M,False
0523301001,1,237,05,Ávila,05233,Serranillos,0523301,05:05233:M,False
0524401001,1,35,05,Ávila,05244,Tormellas,0524401,05:05244:M,False
0524601001,1,38,05,Ávila,05246,Tórtoles,0524601,05:05246:M,False
0525701001,1,130,05,Ávila,05257,Villafranca de la Sierra,0525701,05:05257:M,False
0526201001,1,304,05,Ávila,05262,Villarejo del Valle,0526201,05:05262:M,False
0526701001,1,90,05,Ávila,05267,Zapardiel de la Ribera,0526701,05:05267:M,False
0590401001,1,104,05,Ávila,05904,Santiago del Tormes,0590401,05:05904:M,False
0590501001,1,202,05,Ávila,05905,Villanueva de Ávila,0590501,05:05905:M,False
0501903001,2,1455,05,Ávila,05019,Ávila,0501903,05:05019:R,False
0501903002,2,1677,05,Ávila,05019,Ávila,0501903,05:05019:R,False
0501904012,2,1949,05,Ávila,05019,Ávila,0501904,05:05019:R,False
0501905004,2,2256,05,Ávila,05019,Ávila,0501905,05:05019:R,False
0501905006,2,2557,05,Ávila,05019,Ávila,0501905,05:05019:R,False
0501906001,2,891,05,Ávila,05019,Ávila,0501906,05:05019:R,False
0501906002,2,2682,05,Ávila,05019,Ávila,0501906,05:05019:R,False
0501906004,2,1014,05,Ávila,05019,Ávila,0501906,05:05019:R,False
0501906005,2,1381,05,Ávila,05019,Ávila,0501906,05:05019:R,False
0501906006,2,1881,05,Ávila,05019,Ávila,0501906,05:05019:R,False
0501906008,2,1211,05,Ávila,05019,Ávila,0501906,05:05019:R,False
0501906009,2,751,05,Ávila,05019,Ávila,0501906,05:05019:R,False
0501906010,2,876,05,Ávila,05019,Ávila,0501906,05:05019:R,False
0501906011,2,1398,05,Ávila,05019,Ávila,0501906,05:05019:R,False
0501906012,2,2028,05,Ávila,05019,Ávila,0501906,05:05019:R,False
0501906013,2,2413,05,Ávila,05019,Ávila,0501906,05:05019:R,False
0501906014,2,1184,05,Ávila,05019,Ávila,0501906,05:05019:R,False
0500501001,3,170,05,Ávila,05005,Albornos,0500501,05:05005:M,False
0500801001,3,211,05,Ávila,05008,Aldeaseca,0500801,05:05008:M,False
0501001001,3,142,05,Ávila,05010,"Aldehuela, La",0501001,05:05010:M,False
0501201001,3,131,05,Ávila,05012,Amavida,0501201,05:05012:M,False
0501501001,3,59,05,Ávila,05015,Arevalillo,0501501,05:05015:M,False
0501701001,3,67,05,Ávila,05017,Aveinte,0501701,05:05017:M,False
0502101001,3,1170,05,Ávila,05021,"Barco de Ávila, El",0502101,05:05021:M,False
0502101002,3,1147,05,Ávila,05021,"Barco de Ávila, El",0502101,05:05021:M,False
0502301001,3,174,05,Ávila,05023,Barromán,0502301,05:05023:M,False
0502401001,3,150,05,Ávila,05024,Becedas,0502401,05:05024:M,False
0502601001,3,166,05,Ávila,05026,Bercial de Zapardiel,0502601,05:05026:M,False
0502701001,3,322,05,Ávila,05027,"Berlanas, Las",0502701,05:05027:M,False
0502901001,3,81,05,Ávila,05029,Bernuy-Zapardiel,0502901,05:05029:M,False
0503001001,3,55,05,Ávila,05030,Berrocalejo de Aragona,0503001,05:05030:M,False
0503301001,3,169,05,Ávila,05033,Blascomillán,0503301,05:05033:M,False
0503401001,3,14,05,Ávila,05034,Blasconuño de Matacabras,0503401,05:05034:M,False
0503501001,3,86,05,Ávila,05035,Blascosancho,0503501,05:05035:M,False
0503601001,3,104,05,Ávila,05036,"Bohodón, El",0503601,05:05036:M,False
0503701001,3,204,05,Ávila,05037,Bohoyo,0503701,05:05037:M,False
0504001001,3,55,05,Ávila,05040,Bularros,0504001,05:05040:M,False
0504201001,3,153,05,Ávila,05042,Cabezas de Alambre,0504201,05:05042:M,False
0504301001,3,81,05,Ávila,05043,Cabezas del Pozo,0504301,05:05043:M,False
0504401001,3,227,05,Ávila,05044,Cabezas del Villar,0504401,05:05044:M,False
0504501001,3,90,05,Ávila,05045,Cabizuela,0504501,05:05045:M,False
0504601001,3,42,05,Ávila,05046,Canales,0504601,05:05046:M,False
0504801001,3,102,05,Ávila,05048,Cantiveros,0504801,05:05048:M,False
0504901001,3,431,05,Ávila,05049,Cardeñosa,0504901,05:05049:M,False
0505101001,3,155,05,Ávila,05051,"Carrera, La",0505101,05:05051:M,False
0505601001,3,107,05,Ávila,05056,Castellanos de Zapardiel,0505601,05:05056:M,False
0505901001,3,83,05,Ávila,05059,Cillán,0505901,05:05059:M,False
0506001001,3,107,05,Ávila,05060,Cisla,0506001,05:05060:M,False
0506101001,3,376,05,Ávila,05061,"Colilla, La",0506101,05:05061:M,False
0506201001,3,149,05,Ávila,05062,Collado de Contreras,0506201,05:05062:M,False
0506401001,3,104,05,Ávila,05064,Constanzana,0506401,05:05064:M,False
0506501001,3,469,05,Ávila,05065,Crespos,0506501,05:05065:M,False
0506701001,3,63,05,Ávila,05067,Chamartín,0506701,05:05067:M,False
0506901001,3,70,05,Ávila,05069,Donjimeno,0506901,05:05069:M,False
0507301001,3,262,05,Ávila,05073,Flores de Ávila,0507301,05:05073:M,False
0507401001,3,717,05,Ávila,05074,Fontiveros,0507401,05:05074:M,False
0507601001,3,583,05,Ávila,05076,"Fresno, El",0507601,05:05076:M,False
0507701001,3,146,05,Ávila,05077,Fuente el Saúz,0507701,05:05077:M,False
0507801001,3,91,05,Ávila,05078,Fuentes de Año,0507801,05:05078:M,False
0508001001,3,41,05,Ávila,05080,Gallegos de Sobrinos,0508001,05:05080:M,False
0508301001,3,147,05,Ávila,05083,Gemuño,0508301,05:05083:M,False
0508401001,3,44,05,Ávila,05084,Gilbuena,0508401,05:05084:M,False
0508501001,3,45,05,Ávila,05085,Gil García,0508501,05:05085:M,False
0508601001,3,73,05,Ávila,05086,Gimialcón,0508601,05:05086:M,False
0508701001,3,173,05,Ávila,05087,Gotarrendura,0508701,05:05087:M,False
0508801001,3,33,05,Ávila,05088,Grandes y San Martín,0508801,05:05088:M,False
0509201001,3,140,05,Ávila,05092,Hernansancho,0509201,05:05092:M,False
0509401001,3,139,05,Ávila,05094,Herreros de Suso,0509401,05:05094:M,False
0509601001,3,79,05,Ávila,05096,"Hija de Dios, La",0509601,05:05096:M,False
0509701001,3,436,05,Ávila,05097,"Horcajada, La",0509701,05:05097:M,False
0509901001,3,425,05,Ávila,05099,Horcajo de las Torres,0509901,05:05099:M,False
0510801001,3,40,05,Ávila,05108,Junciana,0510801,05:05108:M,False
0510901001,3,444,05,Ávila,05109,Langa,0510901,05:05109:M,False
0511201001,3,100,05,Ávila,05112,"Losar del Barco, El",0511201,05:05112:M,False
0511401001,3,689,05,Ávila,05114,Madrigal de las Altas Torres,0511401,05:05114:M,False
0511402001,3,596,05,Ávila,05114,Madrigal de las Altas Torres,0511402,05:05114:M,False
0511701001,3,190,05,Ávila,05117,Mamblas,0511701,05:05117:M,False
0511801001,3,67,05,Ávila,05118,Mancera de Arriba,0511801,05:05118:M,False
0512101001,3,371,05,Ávila,05121,Martiherrero,0512101,05:05121:M,False
0512201001,3,111,05,Ávila,05122,Martínez,0512201,05:05122:M,False
0512301001,3,116,05,Ávila,05123,Mediana de Voltoya,0512301,05:05123:M,False
0512401001,3,79,05,Ávila,05124,Medinilla,0512401,05:05124:M,False
0512801001,3,423,05,Ávila,05128,Mingorría,0512801,05:05128:M,False
0512901001,3,93,05,Ávila,05129,"Mirón, El",0512901,05:05129:M,False
0513001001,3,112,05,Ávila,05130,Mironcillo,0513001,05:05130:M,False
0513101001,3,87,05,Ávila,05131,Mirueña de los Infanzones,0513101,05:05131:M,False
0513301001,3,64,05,Ávila,05133,Monsalupe,0513301,05:05133:M,False
0513401001,3,56,05,Ávila,05134,Moraleja de Matacabras,0513401,05:05134:M,False
0513501001,3,498,05,Ávila,05135,Muñana,0513501,05:05135:M,False
0513601001,3,79,05,Ávila,05136,Muñico,0513601,05:05136:M,False
0513801001,3,299,05,Ávila,05138,Muñogalindo,0513801,05:05138:M,False
0513901001,3,80,05,Ávila,05139,Muñogrande,0513901,05:05139:M,False
0514001001,3,113,05,Ávila,05140,Muñomer del Peco,0514001,05:05140:M,False
0514201001,3,87,05,Ávila,05142,Muñosancho,0514201,05:05142:M,False
0514301001,3,50,05,Ávila,05143,Muñotello,0514301,05:05143:M,False
0514401001,3,56,05,Ávila,05144,Narrillos del Álamo,0514401,05:05144:M,False
0514701001,3,150,05,Ávila,05147,Narros del Castillo,0514701,05:05147:M,False
0514901001,3,102,05,Ávila,05149,Narros de Saldueña,0514901,05:05149:M,False
0515201001,3,648,05,Ávila,05152,Nava de Arévalo,0515201,05:05152:M,False
0515301001,3,81,05,Ávila,05153,Nava del Barco,0515301,05:05153:M,False
0515901001,3,182,05,Ávila,05159,Navalonguilla,0515901,05:05159:M,False
0517001001,3,48,05,Ávila,05170,Navatejares,0517001,05:05170:M,False
0517101001,3,66,05,Ávila,05171,Neila de San Miguel,0517101,05:05171:M,False
0517201001,3,192,05,Ávila,05172,Niharra,0517201,05:05172:M,False
0517301001,3,91,05,Ávila,05173,Ojos-Albos,0517301,05:05173:M,False
0517501001,3,125,05,Ávila,05175,"Oso, El",0517501,05:05175:M,False
0517601001,3,278,05,Ávila,05176,Padiernos,0517601,05:05176:M,False
0517701001,3,130,05,Ávila,05177,Pajares de Adaja,0517701,05:05177:M,False
0517901001,3,221,05,Ávila,05179,Papatrigo,0517901,05:05179:M,False
0518001001,3,65,05,Ávila,05180,"Parral, El",0518001,05:05180:M,False
0518301001,3,130,05,Ávila,05183,Pedro-Rodríguez,0518301,05:05183:M,False
0518501001,3,104,05,Ávila,05185,Peñalba de Ávila,0518501,05:05185:M,False
0518601001,3,1655,05,Ávila,05186,Piedrahíta,0518601,05:05186:M,False
0519001001,3,57,05,Ávila,05190,Pozanco,0519001,05:05190:M,False
0519101001,3,107,05,Ávila,05191,Pradosegar,0519101,05:05191:M,False
0519201001,3,99,05,Ávila,05192,Puerto Castilla,0519201,05:05192:M,False
0519301001,3,151,05,Ávila,05193,Rasueros,0519301,05:05193:M,False
0519401001,3,130,05,Ávila,05194,Riocabado,0519401,05:05194:M,False
0519601001,3,59,05,Ávila,05196,Rivilla de Barajas,0519601,05:05196:M,False
0519801001,3,65,05,Ávila,05198,Salvadiós,0519801,05:05198:M,False
0519901001,3,44,05,Ávila,05199,San Bartolomé de Béjar,0519901,05:05199:M,False
0520601001,3,23,05,Ávila,05206,San Esteban de los Patos,0520601,05:05206:M,False
0520801001,3,40,05,Ávila,05208,San Esteban de Zapardiel,0520801,05:05208:M,False
0520901001,3,64,05,Ávila,05209,San García de Ingelmos,0520901,05:05209:M,False
0521001001,3,69,05,Ávila,05210,San Juan de la Encinilla,0521001,05:05210:M,False
0521301001,3,76,05,Ávila,05213,San Juan del Olmo,0521301,05:05213:M,False
0521801001,3,105,05,Ávila,05218,San Miguel de Serrezuela,0521801,05:05218:M,False
0521901001,3,44,05,Ávila,05219,San Pascual,0521901,05:05219:M,False
0522001001,3,514,05,Ávila,05220,San Pedro del Arroyo,0522001,05:05220:M,False
0522401001,3,103,05,Ávila,05224,Santa María del Arroyo,0522401,05:05224:M,False
0522501001,3,372,05,Ávila,05225,Santa María del Berrocal,0522501,05:05225:M,False
0522801001,3,164,05,Ávila,05228,Santiago del Collado,0522801,05:05228:M,False
0522901001,3,71,05,Ávila,05229,Santo Domingo de las Posadas,0522901,05:05229:M,False
0523001001,3,75,05,Ávila,05230,Santo Tomé de Zabarcos,0523001,05:05230:M,False
0523101001,3,171,05,Ávila,05231,San Vicente de Arévalo,0523101,05:05231:M,False
0523201001,3,133,05,Ávila,05232,"Serrada, La",0523201,05:05232:M,False
0523401001,3,43,05,Ávila,05234,Sigeres,0523401,05:05234:M,False
0523601001,3,97,05,Ávila,05236,Solana de Ávila,0523601,05:05236:M,False
0523701001,3,142,05,Ávila,05237,Solana de Rioalmar,0523701,05:05237:M,False
0524201001,3,733,05,Ávila,05242,Tiñosillos,0524201,05:05242:M,False
0524301001,3,88,05,Ávila,05243,Tolbaños,0524301,05:05243:M,False
0524701001,3,213,05,Ávila,05247,"Torre, La",0524701,05:05247:M,False
0524901001,3,103,05,Ávila,05249,Umbrías,0524901,05:05249:M,False
0525301001,3,86,05,Ávila,05253,Vega de Santa María,0525301,05:05253:M,False
0525401001,3,204,05,Ávila,05254,Velayos,0525401,05:05254:M,False
0525601001,3,101,05,Ávila,05256,Villaflor,0525601,05:05256:M,False
0525801001,3,119,05,Ávila,05258,Villanueva de Gómez,0525801,05:05258:M,False
0525901001,3,86,05,Ávila,05259,Villanueva del Aceral,0525901,05:05259:M,False
0526001001,3,107,05,Ávila,05260,Villanueva del Campillo,0526001,05:05260:M,False
0526101001,3,31,05,Ávila,05261,Villar de Corneja,0526101,05:05261:M,False
0526301001,3,153,05,Ávila,05263,Villatoro,0526301,05:05263:M,False
0526401001,3,53,05,Ávila,05264,Viñegra de Moraña,0526401,05:05264:M,False
0526501001,3,78,05,Ávila,05265,Vita,0526501,05:05265:M,False
0526601001,3,83,05,Ávila,05266,Zapardiel de la Cañada,0526601,05:05266:M,False
0590101001,3,219,05,Ávila,05901,San Juan de Gredos,0590101,05:05901:M,False
0590301001,3,107,05,Ávila,05903,Diego del Carpio,0590301,05:05903:M,False
0500101001,4,214,05,Ávila,05001,Adanero,0500101,05:05001:M,False
0501601001,4,909,05,Ávila,05016,Arévalo,0501601,05:05016:M,False
0501602001,4,1760,05,Ávila,05016,Arévalo,0501602,05:05016:M,False
0501602002,4,1097,05,Ávila,05016,Arévalo,0501602,05:05016:M,False
0501602003,4,1512,05,Ávila,05016,Arévalo,0501602,05:05016:M,False
0501602004,4,1125,05,Ávila,05016,Arévalo,0501602,05:05016:M,False
0501602005,4,1472,05,Ávila,05016,Arévalo,0501602,05:05016:M,False
0501906003,4,1918,05,Ávila,05019,Ávila,0501906,05:05019:F1,False
0507001001,4,31,05,Ávila,05070,Donvidas,0507001,05:05070:M,False
0507201001,4,106,05,Ávila,05072,Espinosa de los Caballeros,0507201,05:05072:M,False
0509001001,4,63,05,Ávila,05090,Gutierre-Muñoz,0509001,05:05090:M,False
0509301001,4,554,05,Ávila,05093,Herradón de Pinares,0509301,05:05093:M,False
0510201001,4,1035,05,Ávila,05102,"Hoyo de Pinares, El",0510201,05:05102:M,False
0510201002,4,1150,05,Ávila,05102,"Hoyo de Pinares, El",0510201,05:05102:M,False
0511501001,4,723,05,Ávila,05115,Maello,0511501,05:05115:M,False
0516101001,4,844,05,Ávila,05161,Navalperal de Pinares,0516101,05:05161:M,False
0516301001,4,777,05,Ávila,05163,Navaluenga,0516301,05:05163:M,False
0516301002,4,1363,05,Ávila,05163,Navaluenga,0516301,05:05163:M,False
0516801001,4,985,05,Ávila,05168,"Navas del Marqués, Las",0516801,05:05168:M,False
0516801002,4,1343,05,Ávila,05168,"Navas del Marqués, Las",0516801,05:05168:M,False
0516802001,4,2242,05,Ávila,05168,"Navas del Marqués, Las",0516802,05:05168:M,False
0516802002,4,1110,05,Ávila,05168,"Navas del Marqués, Las",0516802,05:05168:M,False
0517401001,4,72,05,Ávila,05174,Orbita,0517401,05:05174:M,False
0517801001,4,400,05,Ávila,05178,Palacios de Goda,0517801,05:05178:M,False
0518401001,4,284,05,Ávila,05184,Peguerinos,0518401,05:05184:M,False
0519501001,4,191,05,Ávila,05195,Riofrío,0519501,05:05195:M,False
0520101001,4,481,05,Ávila,05201,San Bartolomé de Pinares,0520101,05:05201:M,False
0520401001,4,722,05,Ávila,05204,Sanchidrián,0520401,05:05204:M,False
0521101001,4,423,05,Ávila,05211,San Juan de la Nava,0521101,05:05211:M,False
0523501001,4,134,05,Ávila,05235,Sinlabajos,0523501,05:05235:M,False
0524501001,4,466,05,Ávila,05245,Tornadizos de Ávila,0524501,05:05245:M,False
0590201001,4,309,05,Ávila,05902,Santa María del Cubillo,0590201,05:05902:M,False
0500201001,5,1539,05,Ávila,05002,"Adrada, La",0500201,05:05002:M,False
0500201002,5,1322,05,Ávila,05002,"Adrada, La",0500201,05:05002:M,False
0502201001,5,910,05,Ávila,05022,"Barraco, El",0502201,05:05022:M,False
0502201002,5,1174,05,Ávila,05022,"Barraco, El",0502201,05:05022:M,False
0503901001,5,38,05,Ávila,05039,Brabos,0503901,05:05039:M,False
0504101001,5,1273,05,Ávila,05041,Burgohondo,0504101,05:05041:M,False
0505301001,5,69,05,Ávila,05053,Casasola,0505301,05:05053:M,False
0505501001,5,672,05,Ávila,05055,Casillas,0505501,05:05055:M,False
0505701001,5,1682,05,Ávila,05057,Cebreros,0505701,05:05057:M,False
0505702002,5,1655,05,Ávila,05057,Cebreros,0505702,05:05057:M,False
0507501001,5,94,05,Ávila,05075,Fresnedilla,0507501,05:05075:M,False
0507901001,5,61,05,Ávila,05079,Gallegos de Altamiros,0507901,05:05079:M,False
0509501001,5,248,05,Ávila,05095,Higuera de las Dueñas,0509501,05:05095:M,False
0510701001,5,44,05,Ávila,05107,Hurtumpascual,0510701,05:05107:M,False
0511901001,5,22,05,Ávila,05119,Manjabálago y Ortigosa de Rioalmar,0511901,05:05119:M,False
0512001001,5,30,05,Ávila,05120,Marlín,0512001,05:05120:M,False
0512501001,5,61,05,Ávila,05125,Mengamuñoz,0512501,05:05125:M,False
0514101001,5,97,05,Ávila,05141,Muñopepe,0514101,05:05141:M,False
0514501001,5,33,05,Ávila,05145,Narrillos del Rebollar,0514501,05:05145:M,False
0514801001,5,25,05,Ávila,05148,Narros del Puerto,0514801,05:05148:M,False
0515601001,5,356,05,Ávila,05156,Navahondilla,0515601,05:05156:M,False
0515801001,5,451,05,Ávila,05158,Navalmoral,0515801,05:05158:M,False
0518701001,5,1130,05,Ávila,05187,Piedralaves,0518701,05:05187:M,False
0518702001,5,1074,05,Ávila,05187,Piedralaves,0518702,05:05187:M,False
0518801001,5,30,05,Ávila,05188,Poveda,0518801,05:05188:M,False
0519701001,5,111,05,Ávila,05197,Salobral,0519701,05:05197:M,False
0520501001,5,79,05,Ávila,05205,Sanchorreja,0520501,05:05205:M,False
0522201001,5,170,05,Ávila,05222,Santa Cruz de Pinares,0522201,05:05222:M,False
0522701001,5,579,05,Ávila,05227,Santa María del Tiétar,0522701,05:05227:M,False
0523801001,5,751,05,Ávila,05238,Solosancho,0523801,05:05238:M,False
0523901001,5,239,05,Ávila,05239,Sotalbo,0523901,05:05239:M,False
0524001001,5,2479,05,Ávila,05240,Sotillo de la Adrada,0524001,05:05240:M,False
0524002001,5,2567,05,Ávila,05240,Sotillo de la Adrada,0524002,05:05240:M,False
0524101001,5,1838,05,Ávila,05241,"Tiemblo, El",0524101,05:05241:M,False
0524101002,5,2770,05,Ávila,05241,"Tiemblo, El",0524101,05:05241:M,False
0525101001,5,50,05,Ávila,05251,Vadillo de la Sierra,0525101,05:05251:M,False
0525201001,5,54,05,Ávila,05252,Valdecasa,0525201,05:05252:M,False
0901801002,6,2445,09,Burgos,09018,Aranda de Duero,0901801,09:09018:U1,True
0901801003,6,1519,09,Burgos,09018,Aranda de Duero,0901801,09:09018:U1,True
0901801004,6,1322,09,Burgos,09018,Aranda de Duero,0901801,09:09018:U1,True
0901801005,6,2164,09,Burgos,09018,Aranda de Duero,0901801,09:09018:U1,True
0901801006,6,1529,09,Burgos,09018,Aranda de Duero,0901801,09:09018:U1,True
0901801008,6,1671,09,Burgos,09018,Aranda de Duero,0901801,09:09018:U1,True
0901801009,6,1417,09,Burgos,09018,Aranda de Duero,0901801,09:09018:U1,True
0901802001,6,1356,09,Burgos,09018,Aranda de Duero,0901802,09:09018:U1,True
0901802002,6,2220,09,Burgos,09018,Aranda de Duero,0901802,09:09018:U1,True
0901802003,6,1362,09,Burgos,09018,Aranda de Duero,0901802,09:09018:U1,True
0901802004,6,1555,09,Burgos,09018,Aranda de Duero,0901802,09:09018:U1,True
0901802005,6,1561,09,Burgos,09018,Aranda de Duero,0901802,09:09018:U1,True
0901803001,6,1391,09,Burgos,09018,Aranda de Duero,0901803,09:09018:U1,True
0901803002,6,1268,09,Burgos,09018,Aranda de Duero,0901803,09:09018:U1,True
0901803004,6,2134,09,Burgos,09018,Aranda de Duero,0901803,09:09018:U1,True
0901803006,6,1452,09,Burgos,09018,Aranda de Duero,0901803,09:09018:U1,True
0901803007,6,820,09,Burgos,09018,Aranda de Duero,0901803,09:09018:U1,True
0901803008,6,1738,09,Burgos,09018,Aranda de Duero,0901803,09:09018:U1,True
0905903003,7,1305,09,Burgos,09059,Burgos,0905903,09:09059:U1,True
0905903004,7,759,09,Burgos,09059,Burgos,0905903,09:09059:U1,True
0905903005,7,2528,09,Burgos,09059,Burgos,0905903,09:09059:U1,True
0905903006,7,2151,09,Burgos,09059,Burgos,0905903,09:09059:U1,True
0905903008,7,1257,09,Burgos,09059,Burgos,0905903,09:09059:U1,True
0905903009,7,2153,09,Burgos,09059,Burgos,0905903,09:09059:U1,True
0905903010,7,1551,09,Burgos,09059,Burgos,0905903,09:09059:U1,True
0905903011,7,2135,09,Burgos,09059,Burgos,0905903,09:09059:U1,True
0905904001,7,1009,09,Burgos,09059,Burgos,0905904,09:09059:U1,True
0905904002,7,893,09,Burgos,09059,Burgos,0905904,09:09059:U1,True
0905904003,7,1554,09,Burgos,09059,Burgos,0905904,09:09059:U1,True
0905905003,7,863,09,Burgos,09059,Burgos,0905905,09:09059:U1,True
0905905012,7,832,09,Burgos,09059,Burgos,0905905,09:09059:U1,True
0905905020,7,1050,09,Burgos,09059,Burgos,0905905,09:09059:U1,True
0905905032,7,1338,09,Burgos,09059,Burgos,0905905,09:09059:U1,True
0905905035,7,2130,09,Burgos,09059,Burgos,0905905,09:09059:U1,True
0905905038,7,1966,09,Burgos,09059,Burgos,0905905,09:09059:U1,True
0905905043,7,1452,09,Burgos,09059,Burgos,0905905,09:09059:U1,True
0905908005,7,2019,09,Burgos,09059,Burgos,0905908,09:09059:U1,True
0905908012,7,1491,09,Burgos,09059,Burgos,0905908,09:09059:U1,True
0905905008,8,667,09,Burgos,09059,Burgos,0905905,09:09059:U2,True
0905905009,8,1993,09,Burgos,09059,Burgos,0905905,09:09059:U2,True
0905905010,8,1279,09,Burgos,09059,Burgos,0905905,09:09059:U2,True
0905905011,8,1104,09,Burgos,09059,Burgos,0905905,09:09059:U2,True
0905905013,8,1232,09,Burgos,09059,Burgos,0905905,09:09059:U2,True
0905905015,8,1452,09,Burgos,09059,Burgos,0905905,09:09059:U2,True
0905905024,8,1309,09,Burgos,09059,Burgos,0905905,09:09059:U2,True
0905905029,8,1012,09,Burgos,09059,Burgos,0905905,09:09059:U2,True
0905905037,8,813,09,Burgos,09059,Burgos,0905905,09:09059:U2,True
0905905039,8,688,09,Burgos,09059,Burgos,0905905,09:09059:U2,True
0905905040,8,1715,09,Burgos,09059,Burgos,0905905,09:09059:U2,True
0905905044,8,885,09,Burgos,09059,Burgos,0905905,09:09059:U2,True
0905905045,8,1352,09,Burgos,09059,Burgos,0905905,09:09059:U2,True
0905905049,8,970,09,Burgos,09059,Burgos,0905905,09:09059:U2,True
0905907007,8,1527,09,Burgos,09059,Burgos,0905907,09:09059:U2,True
0905909007,8,1848,09,Burgos,09059,Burgos,0905909,09:09059:U2,True
0905909008,8,1606,09,Burgos,09059,Burgos,0905909,09:09059:U2,True
0905909017,8,1402,09,Burgos,09059,Burgos,0905909,09:09059:U2,True
0905909020,8,1512,09,Burgos,09059,Burgos,0905909,09:09059:U2,True
0905909021,8,1098,09,Burgos,09059,Burgos,0905909,09:09059:U2,True
0905909029,8,1014,09,Burgos,09059,Burgos,0905909,09:09059:U2,True
0905909034,8,835,09,Burgos,09059,Burgos,0905909,09:09059:U2,True
0905909038,8,926,09,Burgos,09059,Burgos,0905909,09:09059:U2,True
0905909044,8,1497,09,Burgos,09059,Burgos,0905909,09:09059:U2,True
0905909001,9,945,09,Burgos,09059,Burgos,0905909,09:09059:U3,True
0905909002,9,901,09,Burgos,09059,Burgos,0905909,09:09059:U3,True
0905909003,9,1185,09,Burgos,09059,Burgos,0905909,09:09059:U3,True
0905909004,9,1913,09,Burgos,09059,Burgos,0905909,09:09059:U3,True
0905909006,9,882,09,Burgos,09059,Burgos,0905909,09:09059:U3,True
0905909009,9,875,09,Burgos,09059,Burgos,0905909,09:09059:U3,True
0905909010,9,764,09,Burgos,09059,Burgos,0905909,09:09059:U3,True
0905909011,9,968,09,Burgos,09059,Burgos,0905909,09:09059:U3,True
0905909012,9,1636,09,Burgos,09059,Burgos,0905909,09:09059:U3,True
0905909014,9,1058,09,Burgos,09059,Burgos,0905909,09:09059:U3,True
0905909015,9,909,09,Burgos,09059,Burgos,0905909,09:09059:U3,True
0905909016,9,2276,09,Burgos,09059,Burgos,0905909,09:09059:U3,True
0905909019,9,840,09,Burgos,09059,Burgos,0905909,09:09059:U3,True
0905909022,9,1267,09,Burgos,09059,Burgos,0905909,09:09059:U3,True
0905909023,9,1407,09,Burgos,09059,Burgos,0905909,09:09059:U3,True
0905909024,9,1068,09,Burgos,09059,Burgos,0905909,09:09059:U3,True
0905909025,9,770,09,Burgos,09059,Burgos,0905909,09:09059:U3,True
0905909026,9,1370,09,Burgos,09059,Burgos,0905909,09:09059:U3,True
0905909027,9,1083,09,Burgos,09059,Burgos,0905909,09:09059:U3,True
0905909028,9,884,09,Burgos,09059,Burgos,0905909,09:09059:U3,True
0905909031,9,979,09,Burgos,09059,Burgos,0905909,09:09059:U3,True
0905909033,9,716,09,Burgos,09059,Burgos,0905909,09:09059:U3,True
0905909035,9,1477,09,Burgos,09059,Burgos,0905909,09:09059:U3,True
0905909036,9,791,09,Burgos,09059,Burgos,0905909,09:09059:U3,True
0905909037,9,837,09,Burgos,09059,Burgos,0905909,09:09059:U3,True
0905909040,9,1252,09,Burgos,09059,Burgos,0905909,09:09059:U3,True
0905901001,10,1526,09,Burgos,09059,Burgos,0905901,09:09059:U4,True
0905902001,10,790,09,Burgos,09059,Burgos,0905902,09:09059:U4,True
0905902002,10,697,09,Burgos,09059,Burgos,0905902,09:09059:U4,True
0905902003,10,1057,09,Burgos,09059,Burgos,0905902,09:09059:U4,True
0905902004,10,820,09,Burgos,09059,Burgos,0905902,09:09059:U4,True
0905902005,10,1297,09,Burgos,09059,Burgos,0905902,09:09059:U4,True
0905903001,10,909,09,Burgos,09059,Burgos,0905903,09:09059:U4,True
0905903002,10,850,09,Burgos,09059,Burgos,0905903,09:09059:U4,True
0905905001,10,1240,09,Burgos,09059,Burgos,0905905,09:09059:U4,True
0905905002,10,1107,09,Burgos,09059,Burgos,0905905,09:09059:U4,True
0905905004,10,1085,09,Burgos,09059,Burgos,0905905,09:09059:U4,True
0905905005,10,952,09,Burgos,09059,Burgos,0905905,09:09059:U4,True
0905905006,10,694,09,Burgos,09059,Burgos,0905905,09:09059:U4,True
0905905016,10,1179,09,Burgos,09059,Burgos,0905905,09:09059:U4,True
0905905018,10,722,09,Burgos,09059,Burgos,0905905,09:09059:U4,True
0905905021,10,935,09,Burgos,09059,Burgos,0905905,09:09059:U4,True
0905905023,10,1028,09,Burgos,09059,Burgos,0905905,09:09059:U4,True
0905905025,10,1247,09,Burgos,09059,Burgos,0905905,09:09059:U4,True
0905905026,10,870,09,Burgos,09059,Burgos,0905905,09:09059:U4,True
0905905028,10,660,09,Burgos,09059,Burgos,0905905,09:09059:U4,True
0905906001,10,747,09,Burgos,09059,Burgos,0905906,09:09059:U4,True
0905906002,10,751,09,Burgos,09059,Burgos,0905906,09:09059:U4,True
0905906003,10,972,09,Burgos,09059,Burgos,0905906,09:09059:U4,True
0905906004,10,1255,09,Burgos,09059,Burgos,0905906,09:09059:U4,True
0905906005,10,1275,09,Burgos,09059,Burgos,0905906,09:09059:U4,True
0905907001,10,874,09,Burgos,09059,Burgos,0905907,09:09059:U4,True
0905907002,10,958,09,Burgos,09059,Burgos,0905907,09:09059:U4,True
0905907003,10,1285,09,Burgos,09059,Burgos,0905907,09:09059:U4,True
0905907004,10,977,09,Burgos,09059,Burgos,0905907,09:09059:U4,True
0905907009,10,913,09,Burgos,09059,Burgos,0905907,09:09059:U4,True
0905905007,11,1370,09,Burgos,09059,Burgos,0905905,09:09059:U5,True
0905905014,11,979,09,Burgos,09059,Burgos,0905905,09:09059:U5,True
0905905017,11,776,09,Burgos,09059,Burgos,0905905,09:09059:U5,True
0905905019,11,751,09,Burgos,09059,Burgos,0905905,09:09059:U5,True
0905905022,11,1303,09,Burgos,09059,Burgos,0905905,09:09059:U5,True
0905905027,11,837,09,Burgos,09059,Burgos,0905905,09:09059:U5,True
0905905030,11,761,09,Burgos,09059,Burgos,0905905,09:09059:U5,True
0905905031,11,893,09,Burgos,09059,Burgos,0905905,09:09059:U5,True
0905905033,11,1640,09,Burgos,09059,Burgos,0905905,09:09059:U5,True
0905905041,11,1572,09,Burgos,09059,Burgos,0905905,09:09059:U5,True
0905905042,11,2151,09,Burgos,09059,Burgos,0905905,09:09059:U5,True
0905905046,11,1026,09,Burgos,09059,Burgos,0905905,09:09059:U5,True
0905905047,11,1517,09,Burgos,09059,Burgos,0905905,09:09059:U5,True
0905905048,11,951,09,Burgos,09059,Burgos,0905905,09:09059:U5,True
0905905050,11,964,09,Burgos,09059,Burgos,0905905,09:09059:U5,True
0905905051,11,1667,09,Burgos,09059,Burgos,0905905,09:09059:U5,True
0905905052,11,1706,09,Burgos,09059,Burgos,0905905,09:09059:U5,True
0905909013,11,840,09,Burgos,09059,Burgos,0905909,09:09059:U5,True
0905909039,11,1034,09,Burgos,09059,Burgos,0905909,09:09059:U5,True
0905909041,11,920,09,Burgos,09059,Burgos,0905909,09:09059:U5,True
0905909042,11,1267,09,Burgos,09059,Burgos,0905909,09:09059:U5,True
0905909043,11,1726,09,Burgos,09059,Burgos,0905909,09:09059:U5,True
0905909045,11,1297,09,Burgos,09059,Burgos,0905909,09:09059:U5,True
0905909046,11,1696,09,Burgos,09059,Burgos,0905909,09:09059:U5,True
0921901001,12,1431,09,Burgos,09219,Miranda de Ebro,0921901,09:09219:U1,True
0921902001,12,879,09,Burgos,09219,Miranda de Ebro,0921902,09:09219:U1,True
0921902002,12,1180,09,Burgos,09219,Miranda de Ebro,0921902,09:09219:U1,True
0921902003,12,1861,09,Burgos,09219,Miranda de Ebro,0921902,09:09219:U1,True
0921902005,12,1100,09,Burgos,09219,Miranda de Ebro,0921902,09:09219:U1,True
0921902006,12,1508,09,Burgos,09219,Miranda de Ebro,0921902,09:09219:U1,True
0921902007,12,1569,09,Burgos,09219,Miranda de Ebro,0921902,09:09219:U1,True
0921903001,12,1015,09,Burgos,09219,Miranda de Ebro,0921903,09:09219:U1,True
0921903002,12,1252,09,Burgos,09219,Miranda de Ebro,0921903,09:09219:U1,True
0921903003,12,888,09,Burgos,09219,Miranda de Ebro,0921903,09:09219:U1,True
0921903004,12,992,09,Burgos,09219,Miranda de Ebro,0921903,09:09219:U1,True
0921903005,12,900,09,Burgos,09219,Miranda de Ebro,0921903,09:09219:U1,True
0921903006,12,1051,09,Burgos,09219,Miranda de Ebro,0921903,09:09219:U1,True
0921903007,12,1526,09,Burgos,09219,Miranda de Ebro,0921903,09:09219:U1,True
0921903008,12,1411,09,Burgos,09219,Miranda de Ebro,0921903,09:09219:U1,True
0921903009,12,1277,09,Burgos,09219,Miranda de Ebro,0921903,09:09219:U1,True
0921903010,12,1584,09,Burgos,09219,Miranda de Ebro,0921903,09:09219:U1,True
0921903013,12,2051,09,Burgos,09219,Miranda de Ebro,0921903,09:09219:U1,True
0921903015,12,814,09,Burgos,09219,Miranda de Ebro,0921903,09:09219:U1,True
0921903016,12,1598,09,Burgos,09219,Miranda de Ebro,0921903,09:09219:U1,True
0921903017,12,1269,09,Burgos,09219,Miranda de Ebro,0921903,09:09219:U1,True
0921904003,12,2118,09,Burgos,09219,Miranda de Ebro,0921904,09:09219:U1,True
0901801001,13,953,09,Burgos,09018,Aranda de Duero,0901801,09:09018:R,False
0901801007,13,1113,09,Burgos,09018,Aranda de Duero,0901801,09:09018:R,False
0901803003,13,924,09,Burgos,09018,Aranda de Duero,0901803,09:09018:R,False
0901803005,13,1990,09,Burgos,09018,Aranda de Duero,0901803,09:09018:R,False
0901901001,13,157,09,Burgos,09019,Arandilla,0901901,09:09019:M,False
0902001001,13,258,09,Burgos,09020,Arauzo de Miel,0902001,09:09020:M,False
0902101001,13,44,09,Burgos,09021,Arauzo de Salce,0902101,09:09021:M,False
0902201001,13,56,09,Burgos,09022,Arauzo de Torre,0902201,09:09022:M,False
0903001001,13,143,09,Burgos,09030,"Ausines, Los",0903001,09:09030:M,False
0903301001,13,81,09,Burgos,09033,Bahabón de Esgueva,0903301,09:09033:M,False
0903501001,13,322,09,Burgos,09035,Baños de Valdearados,0903501,09:09035:M,False
0903701001,13,104,09,Burgos,09037,Barbadillo de Herreros,0903701,09:09037:M,False
0903801001,13,133,09,Burgos,09038,Barbadillo del Mercado,0903801,09:09038:M,False
0903901001,13,65,09,Burgos,09039,Barbadillo del Pez,0903901,09:09039:M,False
0905501001,13,43,09,Burgos,09055,Brazacorta,0905501,09:09055:M,False
0906201001,13,33,09,Burgos,09062,Cabezón de la Sierra,0906201,09:09062:M,False
0906401001,13,377,09,Burgos,09064,Caleruega,0906401,09:09064:M,False
0906501001,13,174,09,Burgos,09065,Campillo de Aranda,0906501,09:09065:M,False
0906601001,13,46,09,Burgos,09066,Campolara,0906601,09:09066:M,False
0906701001,13,410,09,Burgos,09067,Canicosa de la Sierra,0906701,09:09067:M,False
0907001001,13,42,09,Burgos,09070,Carazo,0907001,09:09070:M,False
0907201001,13,514,09,Burgos,09072,Carcedo de Burgos,0907201,09:09072:M,False
0907801001,13,25,09,Burgos,09078,Cascajares de la Sierra,0907801,09:09078:M,False
0908401001,13,159,09,Burgos,09084,Castrillo de la Reina,0908401,09:09084:M,False
0908601001,13,857,09,Burgos,09086,Castrillo del Val,0908601,09:09086:M,False
0909401001,13,60,09,Burgos,09094,Cebrecos,0909401,09:09094:M,False
0910301001,13,211,09,Burgos,09103,Cilleruelo de Abajo,0910301,09:09103:M,False
0910401001,13,53,09,Burgos,09104,Cilleruelo de Arriba,0910401,09:09104:M,False
0910501001,13,90,09,Burgos,09105,Ciruelos de Cervera,0910501,09:09105:M,False
0911001001,13,81,09,Burgos,09110,Contreras,0911001,09:09110:M,False
0911201001,13,95,09,Burgos,09112,Coruña del Conde,0911201,09:09112:M,False
0911301001,13,507,09,Burgos,09113,Covarrubias,0911301,09:09113:M,False
0911401001,13,105,09,Burgos,09114,Cubillo del Campo,0911401,09:09114:M,False
0911901001,13,52,09,Burgos,09119,Cuevas de San Clemente,0911901,09:09119:M,False
0912201001,13,82,09,Burgos,09122,Espinosa de Cervera,0912201,09:09122:M,False
0912701001,13,52,09,Burgos,09127,Fontioso,0912701,09:09127:M,False
0912901001,13,98,09,Burgos,09129,Fresneda de la Sierra Tirón,0912901,09:09129:M,False
0913101001,13,702,09,Burgos,09131,Fresnillo de las Dueñas,0913101,09:09131:M,False
0913701001,13,288,09,Burgos,09137,Fuentelcésped,0913701,09:09137:M,False
0914101001,13,834,09,Burgos,09141,Fuentespina,0914101,09:09141:M,False
0914401001,13,34,09,Burgos,09144,"Gallega, La",0914401,09:09144:M,False
0915101001,13,586,09,Burgos,09151,Gumiel de Izán,0915101,09:09151:M,False
0915201001,13,380,09,Burgos,09152,Gumiel de Mercado,0915201,09:09152:M,False
0915401001,13,144,09,Burgos,09154,Hacinas,0915401,09:09154:M,False
0916201001,13,172,09,Burgos,09162,Hontoria de la Cantera,0916201,09:09162:M,False
0916301001,13,613,09,Burgos,09163,Hontoria del Pinar,0916301,09:09163:M,False
0916401001,13,156,09,Burgos,09164,Hontoria de Valdearados,0916401,09:09164:M,False
0916901001,13,103,09,Burgos,09169,Hortigüela,0916901,09:09169:M,False
0917301001,13,121,09,Burgos,09173,Huerta de Arriba,0917301,09:09173:M,False
0917401001,13,889,09,Burgos,09174,Huerta de Rey,0917401,09:09174:M,False
0917701001,13,1504,09,Burgos,09177,Ibeas de Juarros,0917701,09:09177:M,False
0918301001,13,45,09,Burgos,09183,Jaramillo de la Fuente,0918301,09:09183:M,False
0918401001,13,12,09,Burgos,09184,Jaramillo Quemado,0918401,09:09184:M,False
0919101001,13,39,09,Burgos,09191,Jurisdicción de Lara,0919101,09:09191:M,False
0919601001,13,141,09,Burgos,09196,Madrigal del Monte,0919601,09:09196:M,False
0920001001,13,54,09,Burgos,09200,Mambrillas de Lara,0920001,09:09200:M,False
0920101001,13,28,09,Burgos,09201,Mamolar,0920101,09:09201:M,False
0920801001,13,176,09,Burgos,09208,Mecerreyes,0920801,09:09208:M,False
0921801001,13,407,09,Burgos,09218,Milagros,0921801,09:09218:M,False
0922101001,13,771,09,Burgos,09221,Modúbar de la Emparedada,0922101,09:09221:M,False
0922301001,13,38,09,Burgos,09223,Monasterio de la Sierra,0922301,09:09223:M,False
0922501001,13,77,09,Burgos,09225,Moncalvillo,0922501,09:09225:M,False
0922601001,13,55,09,Burgos,09226,Monterrubio de la Demanda,0922601,09:09226:M,False
0923101001,13,50,09,Burgos,09231,Nebreda,0923101,09:09231:M,False
0923201001,13,112,09,Burgos,09232,Neila,0923201,09:09232:M,False
0923901001,13,52,09,Burgos,09239,Oquillas,0923901,09:09239:M,False
0924601001,13,662,09,Burgos,09246,Palacios de la Sierra,0924601,09:09246:M,False
0924801001,13,95,09,Burgos,09248,Palazuelos de la Sierra,0924801,09:09248:M,False
0926101001,13,469,09,Burgos,09261,Peñaranda de Duero,0926101,09:09261:M,False
0926601001,13,93,09,Burgos,09266,Pineda de la Sierra,0926601,09:09266:M,False
0926701001,13,95,09,Burgos,09267,Pineda Trasmonte,0926701,09:09267:M,False
0926801001,13,101,09,Burgos,09268,Pinilla de los Barruecos,0926801,09:09268:M,False
0926901001,13,29,09,Burgos,09269,Pinilla de los Moros,0926901,09:09269:M,False
0927001001,13,155,09,Burgos,09270,Pinilla Trasmonte,0927001,09:09270:M,False
0927401001,13,1089,09,Burgos,09274,Pradoluengo,0927401,09:09274:M,False
0927701001,13,118,09,Burgos,09277,Puentedura,0927701,09:09277:M,False
0927901001,13,247,09,Burgos,09279,Quemada,0927901,09:09279:M,False
0928101001,13,151,09,Burgos,09281,Quintana del Pidio,0928101,09:09281:M,False
0928901001,13,1476,09,Burgos,09289,Quintanar de la Sierra,0928901,09:09289:M,False
0929501001,13,50,09,Burgos,09295,Quintanilla del Coco,0929501,09:09295:M,False
0930201001,13,94,09,Burgos,09302,Rabanera del Pinar,0930201,09:09302:M,False
0930901001,13,301,09,Burgos,09309,Regumiel de la Sierra,0930901,09:09309:M,False
0931101001,13,56,09,Burgos,09311,Retuerta,0931101,09:09311:M,False
0931201001,13,97,09,Burgos,09312,"Revilla y Ahedo, La",0931201,09:09312:M,False
0931401001,13,96,09,Burgos,09314,Revilla del Campo,0931401,09:09314:M,False
0931501001,13,643,09,Burgos,09315,Revillarruz,0931501,09:09315:M,False
0931801001,13,54,09,Burgos,09318,Riocavado de la Sierra,0931801,09:09318:M,False
0933001001,13,1974,09,Burgos,09330,Salas de los Infantes,0933001,09:09330:M,False
0933701001,13,162,09,Burgos,09337,San Juan del Monte,0933701,09:09337:M,False
0934001001,13,61,09,Burgos,09340,San Millán de Lara,0934001,09:09340:M,False
0934501001,13,149,09,Burgos,09345,Santa Cruz de la Salceda,0934501,09:09345:M,False
0934601001,13,94,09,Burgos,09346,Santa Cruz del Valle Urbión,0934601,09:09346:M,False
0934801001,13,156,09,Burgos,09348,Santa Inés,0934801,09:09348:M,False
0935201001,13,118,09,Burgos,09352,Santa María del Mercadillo,0935201,09:09352:M,False
0935501001,13,72,09,Burgos,09355,Santibáñez de Esgueva,0935501,09:09355:M,False
0935601001,13,64,09,Burgos,09356,Santibáñez del Val,0935601,09:09356:M,False
0935801001,13,251,09,Burgos,09358,Santo Domingo de Silos,0935801,09:09358:M,False
0936601001,13,74,09,Burgos,09366,Solarana,0936601,09:09366:M,False
0937801001,13,35,09,Burgos,09378,Tejada,0937801,09:09378:M,False
0938101001,13,22,09,Burgos,09381,Tinieblas de la Sierra,0938101,09:09381:M,False
0938601001,13,79,09,Burgos,09386,Torrecilla del Monte,0938601,09:09386:M,False
0938801001,13,35,09,Burgos,09388,Torrelara,0938801,09:09388:M,False
0939601001,13,166,09,Burgos,09396,Tubilla del Lago,0939601,09:09396:M,False
0940001001,13,368,09,Burgos,09400,Vadocondes,0940001,09:09400:M,False
0940301001,13,103,09,Burgos,09403,Valdeande,0940301,09:09403:M,False
0940701001,13,23,09,Burgos,09407,Valmala,0940701,09:09407:M,False
0941401001,13,186,09,Burgos,09414,Valle de Valdelaguna,0941401,09:09414:M,False
0942101001,13,237,09,Burgos,09421,"Vid y Barrios, La",0942101,09:09421:M,False
0942501001,13,511,09,Burgos,09425,Vilviestre del Pinar,0942501,09:09425:M,False
0943001001,13,21,09,Burgos,09430,Villaespasa,0943001,09:09430:M,False
0943301001,13,52,09,Burgos,09433,Villagalijo,0943301,09:09433:M,False
0944001001,13,73,09,Burgos,09440,Villalbilla de Gumiel,0944001,09:09440:M,False
0944701001,13,43,09,Burgos,09447,Villamiel de la Sierra,0944701,09:09447:M,False
0945001001,13,24,09,Burgos,09450,Villanueva de Carazo,0945001,09:09450:M,False
0945101001,13,280,09,Burgos,09451,Villanueva de Gumiel,0945101,09:09451:M,False
0947601001,13,62,09,Burgos,09476,Villoruebo,0947601,09:09476:M,False
0947801001,13,41,09,Burgos,09478,Vizcaínos,0947801,09:09478:M,False
0948301001,13,198,09,Burgos,09483,Zazuar,0948301,09:09483:M,False
0990101001,13,341,09,Burgos,09901,Quintanilla del Agua y Tordueles,0990101,09:09901:M,False
0905903007,14,1325,09,Burgos,09059,Burgos,0905903,09:09059:R,False
0905906006,14,1264,09,Burgos,09059,Burgos,0905906,09:09059:R,False
0905906007,14,1276,09,Burgos,09059,Burgos,0905906,09:09059:R,False
0905906008,14,985,09,Burgos,09059,Burgos,0905906,09:09059:R,False
0905906009,14,1372,09,Burgos,09059,Burgos,0905906,09:09059:R,False
0905906011,14,1342,09,Burgos,09059,Burgos,0905906,09:09059:R,False
0905906012,14,1225,09,Burgos,09059,Burgos,0905906,09:09059:R,False
0905907005,14,806,09,Burgos,09059,Burgos,0905907,09:09059:R,False
0905907006,14,1196,09,Burgos,09059,Burgos,0905907,09:09059:R,False
0905907008,14,1565,09,Burgos,09059,Burgos,0905907,09:09059:R,False
0905907010,14,1793,09,Burgos,09059,Burgos,0905907,09:09059:R,False
0905908001,14,968,09,Burgos,09059,Burgos,0905908,09:09059:R,False
0905908002,14,1123,09,Burgos,09059,Burgos,0905908,09:09059:R,False
0905908003,14,2462,09,Burgos,09059,Burgos,0905908,09:09059:R,False
0905908004,14,1428,09,Burgos,09059,Burgos,0905908,09:09059:R,False
0905908006,14,2428,09,Burgos,09059,Burgos,0905908,09:09059:R,False
0905908007,14,1056,09,Burgos,09059,Burgos,0905908,09:09059:R,False
0905908008,14,1724,09,Burgos,09059,Burgos,0905908,09:09059:R,False
0905908009,14,810,09,Burgos,09059,Burgos,0905908,09:09059:R,False
0905908010,14,1577,09,Burgos,09059,Burgos,0905908,09:09059:R,False
0905908011,14,2104,09,Burgos,09059,Burgos,0905908,09:09059:R,False
0945801001,14,735,09,Burgos,09458,Villariezo,0945801,09:09458:M,False
0900301001,15,198,09,Burgos,09003,Adrada de Haza,0900301,09:09003:M,False
0900901001,15,220,09,Burgos,09009,Albillos,0900901,09:09009:M,False
0901701001,15,171,09,Burgos,09017,Anguix,0901701,09:09017:M,False
0902301001,15,1819,09,Burgos,09023,Arcos,0902301,09:09023:M,False
0903201001,15,95,09,Burgos,09032,Avellanosa de Muñó,0903201,09:09032:M,False
0903401001,15,302,09,Burgos,09034,"Balbases, Los",0903401,09:09034:M,False
0904101001,15,32,09,Burgos,09041,Barrio de Muñó,0904101,09:09041:M,False
0904701001,15,53,09,Burgos,09047,Belbimbre,0904701,09:09047:M,False
0905101001,15,203,09,Burgos,09051,Berlangas de Roa,0905101,09:09051:M,False
0905801001,15,626,09,Burgos,09058,Buniel,0905801,09:09058:M,False
0906101001,15,144,09,Burgos,09061,Cabañes de Esgueva,0906101,09:09061:M,False
0906301001,15,252,09,Burgos,09063,Cavia,0906301,09:09063:M,False
0907901001,15,48,09,Burgos,09079,Castellanos de Castro,0907901,09:09079:M,False
0908501001,15,627,09,Burgos,09085,Castrillo de la Vega,0908501,09:09085:M,False
0909301001,15,185,09,Burgos,09093,Cayuela,0909301,09:09093:M,False
0909501001,15,91,09,Burgos,09095,Celada del Camino,0909501,09:09095:M,False
0910101001,15,78,09,Burgos,09101,Ciadoncha,0910101,09:09101:M,False
0911701001,15,88,09,Burgos,09117,"Cueva de Roa, La",0911701,09:09117:M,False
0912501001,15,646,09,Burgos,09125,Estépar,0912501,09:09125:M,False
0912801001,15,95,09,Burgos,09128,Frandovínez,0912801,09:09128:M,False
0913601001,15,244,09,Burgos,09136,Fuentecén,0913601,09:09136:M,False
0913801001,15,99,09,Burgos,09138,Fuentelisendo,0913801,09:09138:M,False
0913901001,15,89,09,Burgos,09139,Fuentemolinos,0913901,09:09139:M,False
0914001001,15,136,09,Burgos,09140,Fuentenebro,0914001,09:09140:M,False
0915501001,15,32,09,Burgos,09155,Haza,0915501,09:09155:M,False
0915901001,15,69,09,Burgos,09159,Hontanas,0915901,09:09159:M,False
0916001001,15,92,09,Burgos,09160,Hontangas,0916001,09:09160:M,False
0916701001,15,44,09,Burgos,09167,Hornillos del Camino,0916701,09:09167:M,False
0916801001,15,295,09,Burgos,09168,"Horra, La",0916801,09:09168:M,False
0917001001,15,209,09,Burgos,09170,Hoyales de Roa,0917001,09:09170:M,False
0917601001,15,58,09,Burgos,09176,Hurones,0917601,09:09176:M,False
0917901001,15,45,09,Burgos,09179,Iglesiarrubia,0917901,09:09179:M,False
0918001001,15,134,09,Burgos,09180,Iglesias,0918001,09:09180:M,False
0919401001,15,1312,09,Burgos,09194,Lerma,0919401,09:09194:M,False
0919401002,15,1336,09,Burgos,09194,Lerma,0919401,09:09194:M,False
0919801001,15,107,09,Burgos,09198,Mahamud,0919801,09:09198:M,False
0919901001,15,106,09,Burgos,09199,Mambrilla de Castrejón,0919901,09:09199:M,False
0920601001,15,55,09,Burgos,09206,Mazuela,0920601,09:09206:M,False
0922801001,15,166,09,Burgos,09228,Moradillo de Roa,0922801,09:09228:M,False
0922901001,15,203,09,Burgos,09229,Nava de Roa,0922901,09:09229:M,False
0923501001,15,188,09,Burgos,09235,Olmedillo de Roa,0923501,09:09235:M,False
0923601001,15,39,09,Burgos,09236,Olmillos de Muñó,0923601,09:09236:M,False
0924901001,15,52,09,Burgos,09249,Palazuelos de Muñó,0924901,09:09249:M,False
0925001001,15,282,09,Burgos,09250,Pampliega,0925001,09:09250:M,False
0925301001,15,109,09,Burgos,09253,Pardilla,0925301,09:09253:M,False
0925601001,15,463,09,Burgos,09256,Pedrosa de Duero,0925601,09:09256:M,False
0925701001,15,89,09,Burgos,09257,Pedrosa del Páramo,0925701,09:09257:M,False
0925901001,15,265,09,Burgos,09259,Pedrosa de Río Úrbel,0925901,09:09259:M,False
0926201001,15,169,09,Burgos,09262,Peral de Arlanza,0926201,09:09262:M,False
0927501001,15,212,09,Burgos,09275,Presencio,0927501,09:09275:M,False
0929401001,15,109,09,Burgos,09294,Quintanilla de la Mata,0929401,09:09294:M,False
0929701001,15,386,09,Burgos,09297,"Quintanillas, Las",0929701,09:09297:M,False
0930101001,15,904,09,Burgos,09301,Quintanilla Vivar,0930101,09:09301:M,False
0930401001,15,261,09,Burgos,09304,Rabé de las Calzadas,0930401,09:09304:M,False
0931601001,15,114,09,Burgos,09316,Revilla Vallejera,0931601,09:09316:M,False
0932101001,15,1338,09,Burgos,09321,Roa,0932101,09:09321:M,False
0932101002,15,967,09,Burgos,09321,Roa,0932101,09:09321:M,False
0932501001,15,169,09,Burgos,09325,Royuela de Río Franco,0932501,09:09325:M,False
0933801001,15,323,09,Burgos,09338,San Mamés de Burgos,0933801,09:09338:M,False
0933901001,15,140,09,Burgos,09339,San Martín de Rubiales,0933901,09:09339:M,False
0934301001,15,108,09,Burgos,09343,Santa Cecilia,0934301,09:09343:M,False
0935001001,15,502,09,Burgos,09350,Santa María del Campo,0935001,09:09350:M,False
0936301001,15,896,09,Burgos,09363,Sasamón,0936301,09:09363:M,False
0936501001,15,28,09,Burgos,09365,"Sequera de Haza, La",0936501,09:09365:M,False
0936901001,15,483,09,Burgos,09369,Sotillo de la Ribera,0936901,09:09369:M,False
0937201001,15,303,09,Burgos,09372,Sotragero,0937201,09:09372:M,False
0937501001,15,52,09,Burgos,09375,Tamarón,0937501,09:09375:M,False
0937701001,15,865,09,Burgos,09377,Tardajos,0937701,09:09377:M,False
0938001001,15,58,09,Burgos,09380,Terradillos de Esgueva,0938001,09:09380:M,False
0938401001,15,298,09,Burgos,09384,Tordómar,0938401,09:09384:M,False
0938701001,15,129,09,Burgos,09387,Torregalindo,0938701,09:09387:M,False
0938901001,15,69,09,Burgos,09389,Torrepadre,0938901,09:09389:M,False
0939001001,15,564,09,Burgos,09390,Torresandino,0939001,09:09390:M,False
0939101001,15,361,09,Burgos,09391,Tórtoles de Esgueva,0939101,09:09391:M,False
0940501001,15,115,09,Burgos,09405,Valdezate,0940501,09:09405:M,False
0941701001,15,38,09,Burgos,09417,Vallejera,0941701,09:09417:M,False
0941801001,15,74,09,Burgos,09418,Valles de Palenzuela,0941801,09:09418:M,False
0942801001,15,96,09,Burgos,09428,Villaescusa de Roa,0942801,09:09428:M,False
0943201001,15,140,09,Burgos,09432,Villafruela,0943201,09:09432:M,False
0943401001,15,1901,09,Burgos,09434,Villagonzalo Pedernales,0943401,09:09434:M,False
0943701001,15,262,09,Burgos,09437,Villahoz,0943701,09:09437:M,False
0943801001,15,731,09,Burgos,09438,Villalba de Duero,0943801,09:09438:M,False
0943901001,15,1554,09,Burgos,09439,Villalbilla de Burgos,0943901,09:09439:M,False
0944101001,15,92,09,Burgos,09441,Villaldemiro,0944101,09:09441:M,False
0944201001,15,409,09,Burgos,09442,Villalmanzo,0944201,09:09442:M,False
0944301001,15,158,09,Burgos,09443,Villamayor de los Montes,0944301,09:09443:M,False
0944801001,15,230,09,Burgos,09448,Villangómez,0944801,09:09448:M,False
0945501001,15,45,09,Burgos,09455,Villaquirán de la Puebla,0945501,09:09455:M,False
0945601001,15,153,09,Burgos,09456,Villaquirán de los Infantes,0945601,09:09456:M,False
0946401001,15,42,09,Burgos,09464,Villatuelda,0946401,09:09464:M,False
0946601001,15,113,09,Burgos,09466,Villaverde del Monte,0946601,09:09466:M,False
0946701001,15,70,09,Burgos,09467,Villaverde-Mogina,0946701,09:09467:M,False
0947101001,15,208,09,Burgos,09471,Villayerno Morquillas,0947101,09:09471:M,False
0947201001,15,51,09,Burgos,09472,Villazopeque,0947201,09:09472:M,False
0948001001,15,117,09,Burgos,09480,Zael,0948001,09:09480:M,False
0990201001,15,481,09,Burgos,09902,Valle de Santibáñez,0990201,09:09902:M,False
0990701001,15,2160,09,Burgos,09907,Alfoz de Quintanadueñas,0990701,09:09907:M,False
0900601001,16,61,09,Burgos,09006,Aguas Cándidas,0900601,09:09006:M,False
0900701001,16,46,09,Burgos,09007,Aguilar de Bureba,0900701,09:09007:M,False
0901301001,16,42,09,Burgos,09013,Altable,0901301,09:09013:M,False
0901601001,16,107,09,Burgos,09016,Ameyugo,0901601,09:09016:M,False
0902501001,16,115,09,Burgos,09025,Arija,0902501,09:09025:M,False
0905001001,16,52,09,Burgos,09050,Berberana,0905001,09:09050:M,False
0905401001,16,101,09,Burgos,09054,Bozoó,0905401,09:09054:M,False
0905701001,16,194,09,Burgos,09057,Bugedo,0905701,09:09057:M,False
0907101001,16,36,09,Burgos,09071,Carcedo de Bureba,0907101,09:09071:M,False
0910201001,16,31,09,Burgos,09102,Cillaperlata,0910201,09:09102:M,False
0910901001,16,1472,09,Burgos,09109,Condado de Treviño,0910901,09:09109:M,False
0912001001,16,37,09,Burgos,09120,Encío,0912001,09:09120:M,False
0912401001,16,1625,09,Burgos,09124,Espinosa de los Monteros,0912401,09:09124:M,False
0913501001,16,59,09,Burgos,09135,Fuentebureba,0913501,09:09135:M,False
0914901001,16,58,09,Burgos,09149,Grisaleña,0914901,09:09149:M,False
0919201001,16,62,09,Burgos,09192,Jurisdicción de San Zadornil,0919201,09:09192:M,False
0919501001,16,45,09,Burgos,09195,Llano de Bureba,0919501,09:09195:M,False
0920901001,16,1095,09,Burgos,09209,Medina de Pomar,0920901,09:09209:M,False
0920901002,16,798,09,Burgos,09209,Medina de Pomar,0920901,09:09209:M,False
0920901003,16,850,09,Burgos,09209,Medina de Pomar,0920901,09:09209:M,False
0920901004,16,2078,09,Burgos,09209,Medina de Pomar,0920901,09:09209:M,False
0920901005,16,1336,09,Burgos,09209,Medina de Pomar,0920901,09:09209:M,False
0921401001,16,721,09,Burgos,09214,Merindad de Montija,0921401,09:09214:M,False
0921501001,16,400,09,Burgos,09215,Merindad de Sotoscueva,0921501,09:09215:M,False
0921601001,16,411,09,Burgos,09216,Merindad de Valdeporres,0921601,09:09216:M,False
0921903011,16,1603,09,Burgos,09219,Miranda de Ebro,0921903,09:09219:R,False
0921903012,16,1662,09,Burgos,09219,Miranda de Ebro,0921903,09:09219:R,False
0921903014,16,1192,09,Burgos,09219,Miranda de Ebro,0921903,09:09219:R,False
0921903018,16,935,09,Burgos,09219,Miranda de Ebro,0921903,09:09219:R,False
0921904001,16,1951,09,Burgos,09219,Miranda de Ebro,0921904,09:09219:R,False
0923801001,16,937,09,Burgos,09238,Oña,0923801,09:09238:M,False
0924401001,16,49,09,Burgos,09244,Padrones de Bureba,0924401,09:09244:M,False
0925101001,16,431,09,Burgos,09251,Pancorbo,0925101,09:09251:M,False
0926501001,16,45,09,Burgos,09265,Piérnigas,0926501,09:09265:M,False
0927601001,16,562,09,Burgos,09276,"Puebla de Arganzón, La",0927601,09:09276:M,False
0928001001,16,29,09,Burgos,09280,Quintanabureba,0928001,09:09280:M,False
0928301001,16,45,09,Burgos,09283,Quintanaélez,0928301,09:09283:M,False
0929801001,16,66,09,Burgos,09298,Quintanilla San García,0929801,09:09298:M,False
0932701001,16,37,09,Burgos,09327,Rublacedo de Abajo,0932701,09:09327:M,False
0933401001,16,56,09,Burgos,09334,Salinillas de Bureba,0933401,09:09334:M,False
0934701001,16,182,09,Burgos,09347,Santa Gadea del Cid,0934701,09:09347:M,False
0941001001,16,1891,09,Burgos,09410,Valle de Mena,0941001,09:09410:M,False
0941001002,16,898,09,Burgos,09410,Valle de Mena,0941001,09:09410:M,False
0941002001,16,741,09,Burgos,09410,Valle de Mena,0941002,09:09410:M,False
0941003001,16,638,09,Burgos,09410,Valle de Mena,0941003,09:09410:M,False
0941201001,16,878,09,Burgos,09412,Valle de Tobalina,0941201,09:09412:M,False
0941301001,16,480,09,Burgos,09413,Valle de Valdebezana,0941301,09:09413:M,False
0941901001,16,70,09,Burgos,09419,Valluércanes,0941901,09:09419:M,False
0948501001,16,58,09,Burgos,09485,Zuñeda,0948501,09:09485:M,False
0990301001,16,1221,09,Burgos,09903,Villarcayo de Merindad de Castilla la Vieja,0990301,09:09903:M,False
0990301002,16,1885,09,Burgos,09903,Villarcayo de Merindad de Castilla la Vieja,0990301,09:09903:M,False
0990301003,16,976,09,Burgos,09903,Villarcayo de Merindad de Castilla la Vieja,0990301,09:09903:M,False
0900101001,17,28,09,Burgos,09001,Abajas,0900101,09:09001:M,False
0901001001,17,40,09,Burgos,09010,Alcocero de Mola,0901001,09:09010:M,False
0901101001,17,69,09,Burgos,09011,Alfoz de Bricia,0901101,09:09011:M,False
0901201001,17,102,09,Burgos,09012,Alfoz de Santa Gadea,0901201,09:09012:M,False
0901401001,17,181,09,Burgos,09014,"Altos, Los",0901401,09:09014:M,False
0902401001,17,156,09,Burgos,09024,Arenillas de Riopisuerga,0902401,09:09024:M,False
0902601001,17,429,09,Burgos,09026,Arlanzón,0902601,09:09026:M,False
0902701001,17,49,09,Burgos,09027,Arraya de Oca,0902701,09:09027:M,False
0902901001,17,181,09,Burgos,09029,Atapuerca,0902901,09:09029:M,False
0903601001,17,32,09,Burgos,09036,Bañuelos de Bureba,0903601,09:09036:M,False
0904301001,17,179,09,Burgos,09043,"Barrios de Bureba, Los",0904301,09:09043:M,False
0904401001,17,55,09,Burgos,09044,Barrios de Colina,0904401,09:09044:M,False
0904501001,17,275,09,Burgos,09045,Basconcillos del Tozo,0904501,09:09045:M,False
0904601001,17,20,09,Burgos,09046,Bascuñana,0904601,09:09046:M,False
0904801001,17,1830,09,Burgos,09048,Belorado,0904801,09:09048:M,False
0905201001,17,26,09,Burgos,09052,Berzosa de Bureba,0905201,09:09052:M,False
0905601001,17,2154,09,Burgos,09056,Briviesca,0905601,09:09056:M,False
0905601002,17,1338,09,Burgos,09056,Briviesca,0905601,09:09056:M,False
0905601003,17,1588,09,Burgos,09056,Briviesca,0905601,09:09056:M,False
0905601004,17,1631,09,Burgos,09056,Briviesca,0905601,09:09056:M,False
0906001001,17,140,09,Burgos,09060,Busto de Bureba,0906001,09:09060:M,False
0906801001,17,22,09,Burgos,09068,Cantabrana,0906801,09:09068:M,False
0907301001,17,1446,09,Burgos,09073,Cardeñadijo,0907301,09:09073:M,False
0907401001,17,1186,09,Burgos,09074,Cardeñajimeno,0907401,09:09074:M,False
0907501001,17,106,09,Burgos,09075,Cardeñuela Riopico,0907501,09:09075:M,False
0907601001,17,26,09,Burgos,09076,Carrias,0907601,09:09076:M,False
0907701001,17,25,09,Burgos,09077,Cascajares de Bureba,0907701,09:09077:M,False
0908201001,17,34,09,Burgos,09082,Castildelgado,0908201,09:09082:M,False
0908301001,17,26,09,Burgos,09083,Castil de Peones,0908301,09:09083:M,False
0908801001,17,56,09,Burgos,09088,Castrillo de Riopisuerga,0908801,09:09088:M,False
0909001001,17,49,09,Burgos,09090,Castrillo Mota de Judíos,0909001,09:09090:M,False
0909101001,17,792,09,Burgos,09091,Castrojeriz,0909101,09:09091:M,False
0909801001,17,469,09,Burgos,09098,Cerezo de Río Tirón,0909801,09:09098:M,False
0910001001,17,42,09,Burgos,09100,Cerratón de Juarros,0910001,09:09100:M,False
0910801001,17,686,09,Burgos,09108,Cogollos,0910801,09:09108:M,False
0911501001,17,102,09,Burgos,09115,Cubo de Bureba,0911501,09:09115:M,False
0912301001,17,43,09,Burgos,09123,Espinosa del Camino,0912301,09:09123:M,False
0913001001,17,68,09,Burgos,09130,Fresneña,0913001,09:09130:M,False
0913201001,17,156,09,Burgos,09132,Fresno de Río Tirón,0913201,09:09132:M,False
0913301001,17,49,09,Burgos,09133,Fresno de Rodilla,0913301,09:09133:M,False
0913401001,17,258,09,Burgos,09134,Frías,0913401,09:09134:M,False
0914301001,17,28,09,Burgos,09143,Galbarros,0914301,09:09143:M,False
0914801001,17,117,09,Burgos,09148,Grijalba,0914801,09:09148:M,False
0916601001,17,93,09,Burgos,09166,"Hormazas, Las",0916601,09:09166:M,False
0917201001,17,159,09,Burgos,09172,Huérmeces,0917201,09:09172:M,False
0917501001,17,113,09,Burgos,09175,Humada,0917501,09:09175:M,False
0917801001,17,30,09,Burgos,09178,Ibrillos,0917801,09:09178:M,False
0918101001,17,278,09,Burgos,09181,Isar,0918101,09:09181:M,False
0918201001,17,74,09,Burgos,09182,Itero del Castillo,0918201,09:09182:M,False
0918901001,17,118,09,Burgos,09189,Junta de Traslaloma,0918901,09:09189:M,False
0919001001,17,79,09,Burgos,09190,Junta de Villalba de Losa,0919001,09:09190:M,False
0919701001,17,161,09,Burgos,09197,Madrigalejo del Monte,0919701,09:09197:M,False
0920201001,17,21,09,Burgos,09202,Manciles,0920201,09:09202:M,False
0921101001,17,1505,09,Burgos,09211,Melgar de Fernamental,0921101,09:09211:M,False
0921301001,17,263,09,Burgos,09213,Merindad de Cuesta-Urria,0921301,09:09213:M,False
0921701001,17,385,09,Burgos,09217,Merindad de Valdivielso,0921701,09:09217:M,False
0922001001,17,93,09,Burgos,09220,Miraveche,0922001,09:09220:M,False
0922401001,17,172,09,Burgos,09224,Monasterio de Rodilla,0922401,09:09224:M,False
0922701001,17,141,09,Burgos,09227,Montorio,0922701,09:09227:M,False
0923001001,17,24,09,Burgos,09230,Navas de Bureba,0923001,09:09230:M,False
0924101001,17,341,09,Burgos,09241,Orbaneja Riopico,0924101,09:09241:M,False
0924201001,17,73,09,Burgos,09242,Padilla de Abajo,0924201,09:09242:M,False
0924301001,17,88,09,Burgos,09243,Padilla de Arriba,0924301,09:09243:M,False
0924701001,17,19,09,Burgos,09247,Palacios de Riopisuerga,0924701,09:09247:M,False
0925501001,17,75,09,Burgos,09255,Partido de la Sierra en Tobalina,0925501,09:09255:M,False
0925801001,17,155,09,Burgos,09258,Pedrosa del Príncipe,0925801,09:09258:M,False
0927201001,17,278,09,Burgos,09272,Poza de la Sal,0927201,09:09272:M,False
0927301001,17,55,09,Burgos,09273,Prádanos de Bureba,0927301,09:09273:M,False
0928701001,17,297,09,Burgos,09287,Quintanaortuño,0928701,09:09287:M,False
0928801001,17,123,09,Burgos,09288,Quintanapalla,0928801,09:09288:M,False
0929201001,17,65,09,Burgos,09292,Quintanavides,0929201,09:09292:M,False
0930301001,17,74,09,Burgos,09303,Rábanos,0930301,09:09303:M,False
0930601001,17,98,09,Burgos,09306,Rebolledo de la Torre,0930601,09:09306:M,False
0930701001,17,98,09,Burgos,09307,Redecilla del Camino,0930701,09:09307:M,False
0930801001,17,65,09,Burgos,09308,Redecilla del Campo,0930801,09:09308:M,False
0931001001,17,21,09,Burgos,09310,Reinoso,0931001,09:09310:M,False
0931701001,17,18,09,Burgos,09317,Rezmondo,0931701,09:09317:M,False
0932301001,17,62,09,Burgos,09323,Rojas,0932301,09:09323:M,False
0932601001,17,209,09,Burgos,09326,Rubena,0932601,09:09326:M,False
0932801001,17,72,09,Burgos,09328,Rucandio,0932801,09:09328:M,False
0932901001,17,129,09,Burgos,09329,Salas de Bureba,0932901,09:09329:M,False
0933201001,17,206,09,Burgos,09332,Saldaña de Burgos,0933201,09:09332:M,False
0933501001,17,84,09,Burgos,09335,San Adrián de Juarros,0933501,09:09335:M,False
0935101001,17,70,09,Burgos,09351,Santa María del Invierno,0935101,09:09351:M,False
0935301001,17,101,09,Burgos,09353,Santa María Ribarredonda,0935301,09:09353:M,False
0935401001,17,37,09,Burgos,09354,Santa Olalla de Bureba,0935401,09:09354:M,False
0936001001,17,26,09,Burgos,09360,San Vicente del Valle,0936001,09:09360:M,False
0936101001,17,130,09,Burgos,09361,Sargentes de la Lora,0936101,09:09361:M,False
0936201001,17,264,09,Burgos,09362,Sarracín,0936201,09:09362:M,False
0936801001,17,23,09,Burgos,09368,Sordillos,0936801,09:09368:M,False
0937301001,17,414,09,Burgos,09373,Sotresgudo,0937301,09:09373:M,False
0937401001,17,115,09,Burgos,09374,Susinos del Páramo,0937401,09:09374:M,False
0938201001,17,27,09,Burgos,09382,Tobar,0938201,09:09382:M,False
0939201001,17,47,09,Burgos,09392,Tosantos,0939201,09:09392:M,False
0939401001,17,722,09,Burgos,09394,Trespaderne,0939401,09:09394:M,False
0939501001,17,126,09,Burgos,09395,Tubilla del Agua,0939501,09:09395:M,False
0939801001,17,53,09,Burgos,09398,Úrbel del Castillo,0939801,09:09398:M,False
0940601001,17,372,09,Burgos,09406,Valdorros,0940601,09:09406:M,False
0940801001,17,41,09,Burgos,09408,Vallarta de Bureba,0940801,09:09408:M,False
0940901001,17,116,09,Burgos,09409,Valle de Manzanedo,0940901,09:09409:M,False
0941101001,17,163,09,Burgos,09411,Valle de Oca,0941101,09:09411:M,False
0941501001,17,341,09,Burgos,09415,Valle de Valdelucio,0941501,09:09415:M,False
0941601001,17,46,09,Burgos,09416,Valle de Zamanzas,0941601,09:09416:M,False
0942201001,17,26,09,Burgos,09422,"Vid de Bureba, La",0942201,09:09422:M,False
0942301001,17,23,09,Burgos,09423,Vileña,0942301,09:09423:M,False
0942401001,17,38,09,Burgos,09424,Viloria de Rioja,0942401,09:09424:M,False
0942701001,17,914,09,Burgos,09427,Villadiego,0942701,09:09427:M,False
0942701002,17,540,09,Burgos,09427,Villadiego,0942701,09:09427:M,False
0942901001,17,60,09,Burgos,09429,Villaescusa la Sombría,0942901,09:09429:M,False
0943101001,17,117,09,Burgos,09431,Villafranca Montes de Oca,0943101,09:09431:M,False
0944401001,17,59,09,Burgos,09444,Villamayor de Treviño,0944401,09:09444:M,False
0944501001,17,44,09,Burgos,09445,Villambistia,0944501,09:09445:M,False
0944601001,17,9,09,Burgos,09446,Villamedianilla,0944601,09:09446:M,False
0944901001,17,117,09,Burgos,09449,Villanueva de Argaño,0944901,09:09449:M,False
0945401001,17,43,09,Burgos,09454,Villanueva de Teba,0945401,09:09454:M,False
0946001001,17,178,09,Burgos,09460,Villasandino,0946001,09:09460:M,False
0946301001,17,270,09,Burgos,09463,Villasur de Herreros,0946301,09:09463:M,False
0947301001,17,83,09,Burgos,09473,Villegas,0947301,09:09473:M,False
0948201001,17,29,09,Burgos,09482,Zarzosa de Río Pisuerga,0948201,09:09482:M,False
0990401001,17,551,09,Burgos,09904,Valle de las Navas,0990401,09:09904:M,False
0990501001,17,404,09,Burgos,09905,Valle de Sedano,0990501,09:09905:M,False
0990601001,17,1405,09,Burgos,09906,Merindad de Río Ubierna,0990601,09:09906:M,False
0990801001,17,486,09,Burgos,09908,Valle de Losa,0990801,09:09908:M,False
2408902006,18,954,24,León,24089,León,2408902,24:24089:U1,True
2408903002,18,1189,24,León,24089,León,2408903,24:24089:U1,True
2408903003,18,1033,24,León,24089,León,2408903,24:24089:U1,True
2408903005,18,1053,24,León,24089,León,2408903,24:24089:U1,True
2408903006,18,988,24,León,24089,León,2408903,24:24089:U1,True
2408903007,18,1760,24,León,24089,León,2408903,24:24089:U1,True
2408903008,18,1652,24,León,24089,León,2408903,24:24089:U1,True
2408903011,18,1159,24,León,24089,León,2408903,24:24089:U1,True
2408903012,18,802,24,León,24089,León,2408903,24:24089:U1,True
2408903013,18,648,24,León,24089,León,2408903,24:24089:U1,True
2408903014,18,945,24,León,24089,León,2408903,24:24089:U1,True
2408903020,18,1259,24,León,24089,León,2408903,24:24089:U1,True
2408904002,18,1094,24,León,24089,León,2408904,24:24089:U1,True
2408904003,18,985,24,León,24089,León,2408904,24:24089:U1,True
2408904004,18,892,24,León,24089,León,2408904,24:24089:U1,True
2408904005,18,2230,24,León,24089,León,2408904,24:24089:U1,True
2408904007,18,793,24,León,24089,León,2408904,24:24089:U1,True
2408904009,18,803,24,León,24089,León,2408904,24:24089:U1,True
2408904011,18,1197,24,León,24089,León,2408904,24:24089:U1,True
2408904012,18,1249,24,León,24089,León,2408904,24:24089:U1,True
2408904013,18,1116,24,León,24089,León,2408904,24:24089:U1,True
2408904015,18,2930,24,León,24089,León,2408904,24:24089:U1,True
2408910002,18,1227,24,León,24089,León,2408910,24:24089:U1,True
2408910006,18,1335,24,León,24089,León,2408910,24:24089:U1,True
2408910007,18,1804,24,León,24089,León,2408910,24:24089:U1,True
2408905002,19,1206,24,León,24089,León,2408905,24:24089:U2,True
2408905010,19,840,24,León,24089,León,2408905,24:24089:U2,True
2408906001,19,1042,24,León,24089,León,2408906,24:24089:U2,True
2408906002,19,1131,24,León,24089,León,2408906,24:24089:U2,True
2408906003,19,1499,24,León,24089,León,2408906,24:24089:U2,True
2408906004,19,788,24,León,24089,León,2408906,24:24089:U2,True
2408906005,19,745,24,León,24089,León,2408906,24:24089:U2,True
2408906006,19,972,24,León,24089,León,2408906,24:24089:U2,True
2408906007,19,2305,24,León,24089,León,2408906,24:24089:U2,True
2408906008,19,691,24,León,24089,León,2408906,24:24089:U2,True
2408906009,19,2732,24,León,24089,León,2408906,24:24089:U2,True
2408906010,19,1240,24,León,24089,León,2408906,24:24089:U2,True
2408906011,19,1147,24,León,24089,León,2408906,24:24089:U2,True
2408906014,19,858,24,León,24089,León,2408906,24:24089:U2,True
2408906015,19,1138,24,León,24089,León,2408906,24:24089:U2,True
2408906016,19,819,24,León,24089,León,2408906,24:24089:U2,True
2408907001,19,1163,24,León,24089,León,2408907,24:24089:U2,True
2408907003,19,1875,24,León,24089,León,2408907,24:24089:U2,True
2408907007,19,1637,24,León,24089,León,2408907,24:24089:U2,True
2408908001,19,970,24,León,24089,León,2408908,24:24089:U2,True
2408908002,19,1913,24,León,24089,León,2408908,24:24089:U2,True
2408909001,19,2185,24,León,24089,León,2408909,24:24089:U2,True
2408909002,19,693,24,León,24089,León,2408909,24:24089:U2,True
2408909003,19,1057,24,León,24089,León,2408909,24:24089:U2,True
2408901001,20,1363,24,León,24089,León,2408901,24:24089:U3,True
2408901002,20,1502,24,León,24089,León,2408901,24:24089:U3,True
2408901003,20,1004,24,León,24089,León,2408901,24:24089:U3,True
2408901004,20,758,24,León,24089,León,2408901,24:24089:U3,True
2408901005,20,1280,24,León,24089,León,2408901,24:24089:U3,True
2408902001,20,1227,24,León,24089,León,2408902,24:24089:U3,True
2408902004,20,1016,24,León,24089,León,2408902,24:24089:U3,True
2408902005,20,1099,24,León,24089,León,2408902,24:24089:U3,True
2408902009,20,786,24,León,24089,León,2408902,24:24089:U3,True
2408904001,20,1253,24,León,24089,León,2408904,24:24089:U3,True
2408904006,20,1488,24,León,24089,León,2408904,24:24089:U3,True
2408904008,20,1020,24,León,24089,León,2408904,24:24089:U3,True
2408904010,20,1570,24,León,24089,León,2408904,24:24089:U3,True
2408905001,20,1688,24,León,24089,León,2408905,24:24089:U3,True
2408905003,20,1034,24,León,24089,León,2408905,24:24089:U3,True
2408905004,20,1115,24,León,24089,León,2408905,24:24089:U3,True
2408905005,20,1480,24,León,24089,León,2408905,24:24089:U3,True
2408905006,20,1317,24,León,24089,León,2408905,24:24089:U3,True
2408905007,20,832,24,León,24089,León,2408905,24:24089:U3,True
2408905008,20,857,24,León,24089,León,2408905,24:24089:U3,True
2408905009,20,780,24,León,24089,León,2408905,24:24089:U3,True
2408905011,20,1110,24,León,24089,León,2408905,24:24089:U3,True
2408906013,20,747,24,León,24089,León,2408906,24:24089:U3,True
2408910001,20,1255,24,León,24089,León,2408910,24:24089:U3,True
2408910003,20,846,24,León,24089,León,2408910,24:24089:U3,True
2408910004,20,1281,24,León,24089,León,2408910,24:24089:U3,True
2408910005,20,1348,24,León,24089,León,2408910,24:24089:U3,True
2411502001,21,1479,24,León,24115,Ponferrada,2411502,24:24115:U1,True
2411502005,21,1471,24,León,24115,Ponferrada,2411502,24:24115:U1,True
2411502006,21,1093,24,León,24115,Ponferrada,2411502,24:24115:U1,True
2411502007,21,1493,24,León,24115,Ponferrada,2411502,24:24115:U1,True
2411502009,21,975,24,León,24115,Ponferrada,2411502,24:24115:U1,True
2411502010,21,1256,24,León,24115,Ponferrada,2411502,24:24115:U1,True
2411502011,21,858,24,León,24115,Ponferrada,2411502,24:24115:U1,True
2411502014,21,698,24,León,24115,Ponferrada,2411502,24:24115:U1,True
2411502016,21,2497,24,León,24115,Ponferrada,2411502,24:24115:U1,True
2411502017,21,1714,24,León,24115,Ponferrada,2411502,24:24115:U1,True
2411503001,21,1703,24,León,24115,Ponferrada,2411503,24:24115:U1,True
2411503003,21,2281,24,León,24115,Ponferrada,2411503,24:24115:U1,True
2411503004,21,1153,24,León,24115,Ponferrada,2411503,24:24115:U1,True
2411503005,21,1348,24,León,24115,Ponferrada,2411503,24:24115:U1,True
2411503006,21,1037,24,León,24115,Ponferrada,2411503,24:24115:U1,True
2411503007,21,1431,24,León,24115,Ponferrada,2411503,24:24115:U1,True
2411504002,21,628,24,León,24115,Ponferrada,2411504,24:24115:U1,True
2411505001,21,2060,24,León,24115,Ponferrada,2411505,24:24115:U1,True
2411505002,21,957,24,León,24115,Ponferrada,2411505,24:24115:U1,True
2411505004,21,1891,24,León,24115,Ponferrada,2411505,24:24115:U1,True
2411505006,21,1693,24,León,24115,Ponferrada,2411505,24:24115:U1,True
2411505007,21,1675,24,León,24115,Ponferrada,2411505,24:24115:U1,True
2400201001,22,315,24,León,24002,Algadefe,2400201,24:24002:M,False
2400501001,22,322,24,León,24005,"Antigua, La",2400501,24:24005:M,False
2400601001,22,531,24,León,24006,Ardón,2400601,24:24006:M,False
2401701001,22,514,24,León,24017,Bercianos del Páramo,2401701,24:24017:M,False
2401801001,22,179,24,León,24018,Bercianos del Real Camino,2401801,24:24018:M,False
2402401001,22,698,24,León,24024,"Burgo Ranero, El",2402401,24:24024:M,False
2402801001,22,406,24,León,24028,Cabreros del Río,2402801,24:24028:M,False
2403201001,22,111,24,León,24032,Campazas,2403201,24:24032:M,False
2403301001,22,206,24,León,24033,Campo de Villavidel,2403301,24:24033:M,False
2404201001,22,58,24,León,24042,Castilfalé,2404201,24:24042:M,False
2405001001,22,106,24,León,24050,Castrotierra de Valmadrigal,2405001,24:24050:M,False
2405401001,22,444,24,León,24054,Cimanes de la Vega,2405401,24:24054:M,False
2405801001,22,173,24,León,24058,Corbillos de los Oteros,2405801,24:24058:M,False
2406201001,22,141,24,León,24062,Cubillas de los Oteros,2406201,24:24062:M,False
2407301001,22,487,24,León,24073,Fresno de la Vega,2407301,24:24073:M,False
2407401001,22,72,24,León,24074,Fuentes de Carbajal,2407401,24:24074:M,False
2407701001,22,241,24,León,24077,Gordaliza del Pino,2407701,24:24077:M,False
2407801001,22,308,24,León,24078,Gordoncillo,2407801,24:24078:M,False
2408101001,22,123,24,León,24081,Gusendos de los Oteros,2408101,24:24081:M,False
2408401001,22,136,24,León,24084,Izagre,2408401,24:24084:M,False
2408601001,22,245,24,León,24086,Joarilla de las Matas,2408601,24:24086:M,False
2408801001,22,1058,24,León,24088,Laguna de Negrillos,2408801,24:24088:M,False
2409401001,22,1703,24,León,24094,Mansilla de las Mulas,2409401,24:24094:M,False
2409501001,22,318,24,León,24095,Mansilla Mayor,2409501,24:24095:M,False
2409701001,22,213,24,León,24097,Matadeón de los Oteros,2409701,24:24097:M,False
2409901001,22,158,24,León,24099,Matanza,2409901,24:24099:M,False
2410501001,22,1964,24,León,24105,Onzonilla,2410501,24:24105:M,False
2410701001,22,245,24,León,24107,Pajares de los Oteros,2410701,24:24107:M,False
2411301001,22,369,24,León,24113,Pobladura de Pelayo García,2411301,24:24113:M,False
2414101001,22,82,24,León,24141,San Adrián del Valle,2414101,24:24141:M,False
2414901001,22,193,24,León,24149,San Millán de los Caballeros,2414901,24:24149:M,False
2415301001,22,284,24,León,24153,Santa Cristina de Valmadrigal,2415301,24:24153:M,False
2416001001,22,763,24,León,24160,Santas Martas,2416001,24:24160:M,False
2416801001,22,485,24,León,24168,Toral de los Guzmanes,2416801,24:24168:M,False
2417801001,22,58,24,León,24178,Valdemora,2417801,24:24178:M,False
2418001001,22,1177,24,León,24180,Valdepolo,2418001,24:24180:M,False
2418101001,22,484,24,León,24181,Valderas,2418101,24:24181:M,False
2418101002,22,1007,24,León,24181,Valderas,2418101,24:24181:M,False
2418701001,22,899,24,León,24187,Valdevimbre,2418701,24:24187:M,False
2418801001,22,1664,24,León,24188,Valencia de Don Juan,2418801,24:24188:M,False
2418801002,22,1531,24,León,24188,Valencia de Don Juan,2418801,24:24188:M,False
2418801003,22,1944,24,León,24188,Valencia de Don Juan,2418801,24:24188:M,False
2419001001,22,148,24,León,24190,Valverde-Enrique,2419001,24:24190:M,False
2419101001,22,102,24,León,24191,Vallecillo,2419101,24:24191:M,False
2419701001,22,842,24,León,24197,Vega de Infanzones,2419701,24:24197:M,False
2420301001,22,85,24,León,24203,Villabraz,2420301,24:24203:M,False
2420701001,22,290,24,León,24207,Villademor de la Vega,2420701,24:24207:M,False
2421101001,22,269,24,León,24211,Villamandos,2421101,24:24211:M,False
2421201001,22,1087,24,León,24212,Villamañán,2421201,24:24212:M,False
2421701001,22,121,24,León,24217,Villamoratiel de las Matas,2421701,24:24217:M,False
2421801001,22,488,24,León,24218,Villanueva de las Manzanas,2421801,24:24218:M,False
2422101001,22,763,24,León,24221,Villaquejida,2422101,24:24221:M,False
2422701001,22,1812,24,León,24227,Villaturiel,2422701,24:24227:M,False
2490201001,22,354,24,León,24902,Villaornate y Castro,2490201,24:24902:M,False
2401001001,23,2210,24,León,24010,"Bañeza, La",2401001,24:24010:M,False
2401001002,23,1428,24,León,24010,"Bañeza, La",2401001,24:24010:M,False
2401001003,23,2163,24,León,24010,"Bañeza, La",2401001,24:24010:M,False
2401001004,23,1893,24,León,24010,"Bañeza, La",2401001,24:24010:M,False
2401001005,23,1295,24,León,24010,"Bañeza, La",2401001,24:24010:M,False
2401001006,23,1337,24,León,24010,"Bañeza, La",2401001,24:24010:M,False
2401501001,23,1645,24,León,24015,Benavides,2401501,24:24015:M,False
2401501002,23,674,24,León,24015,Benavides,2401501,24:24015:M,False
2405301001,23,438,24,León,24053,Cebrones del Río,2405301,24:24053:M,False
2406501001,23,2141,24,León,24065,Chozas de Abajo,2406501,24:24065:M,False
2406501002,23,580,24,León,24065,Chozas de Abajo,2406501,24:24065:M,False
2408201001,23,950,24,León,24082,Hospital de Órbigo,2408201,24:24082:M,False
2408701001,23,608,24,León,24087,Laguna Dalga,2408701,24:24087:M,False
2415001001,23,217,24,León,24150,San Pedro Bercianos,2415001,24:24150:M,False
2415701001,23,1377,24,León,24157,Santa María del Páramo,2415701,24:24157:M,False
2415701002,23,1621,24,León,24157,Santa María del Páramo,2415701,24:24157:M,False
2415901001,23,1716,24,León,24159,Santa Marina del Rey,2415901,24:24159:M,False
2416201001,23,2065,24,León,24162,Santovenia de la Valdoncina,2416201,24:24162:M,False
2417601001,23,305,24,León,24176,Valdefuentes del Páramo,2417601,24:24176:M,False
2420501001,23,1267,24,León,24205,Villadangos del Páramo,2420501,24:24205:M,False
2422301001,23,870,24,León,24223,Villarejo de Órbigo,2422301,24:24223:M,False
2422301002,23,1994,24,León,24223,Villarejo de Órbigo,2422301,24:24223:M,False
2402301001,24,303,24,León,24023,Brazuelo,2402301,24:24023:M,False
2403901001,24,1275,24,León,24039,Carrizo,2403901,24:24039:M,False
2403901002,24,965,24,León,24039,Carrizo,2403901,24:24039:M,False
2405501001,24,720,24,León,24055,Cimanes del Tejar,2405501,24:24055:M,False
2407001001,24,1612,24,León,24070,Fabero,2407001,24:24070:M,False
2407001002,24,940,24,León,24070,Fabero,2407001,24:24070:M,False
2407001003,24,831,24,León,24070,Fabero,2407001,24:24070:M,False
2407001004,24,597,24,León,24070,Fabero,2407001,24:24070:M,False
2408301001,24,1016,24,León,24083,Igüeña,2408301,24:24083:M,False
2409201001,24,783,24,León,24092,Llamas de la Ribera,2409201,24:24092:M,False
2409301001,24,345,24,León,24093,Magaz de Cepeda,2409301,24:24093:M,False
2412301001,24,700,24,León,24123,Quintana del Castillo,2412301,24:24123:M,False
2413201001,24,574,24,León,24132,Riello,2413201,24:24132:M,False
2413301001,24,408,24,León,24133,Rioseco de Tapia,2413301,24:24133:M,False
2414801001,24,967,24,León,24148,San Justo de la Vega,2414801,24:24148:M,False
2414801002,24,798,24,León,24148,San Justo de la Vega,2414801,24:24148:M,False
2415801001,24,327,24,León,24158,Santa María de Ordás,2415801,24:24158:M,False
2416901001,24,1505,24,León,24169,Toreno,2416901,24:24169:M,False
2416901002,24,664,24,León,24169,Toreno,2416901,24:24169:M,False
2416901003,24,677,24,León,24169,Toreno,2416901,24:24169:M,False
2417301001,24,976,24,León,24173,Turcia,2417301,24:24173:M,False
2418401001,24,168,24,León,24184,Valdesamario,2418401,24:24184:M,False
2418901001,24,2398,24,León,24189,Valverde de la Virgen,2418901,24:24189:M,False
2418901002,24,2183,24,León,24189,Valverde de la Virgen,2418901,24:24189:M,False
2418901003,24,1538,24,León,24189,Valverde de la Virgen,2418901,24:24189:M,False
2418901004,24,698,24,León,24189,Valverde de la Virgen,2418901,24:24189:M,False
2418901005,24,1126,24,León,24189,Valverde de la Virgen,2418901,24:24189:M,False
2419601001,24,1366,24,León,24196,Vega de Espinareda,2419601,24:24196:M,False
2419601002,24,636,24,León,24196,Vega de Espinareda,2419601,24:24196:M,False
2421401001,24,653,24,León,24214,Villamejil,2421401,24:24214:M,False
2421901001,24,516,24,León,24219,Villaobispo de Otero,2421901,24:24219:M,False
2422401001,24,556,24,León,24224,Villares de Órbigo,2422401,24:24224:M,False
2402101001,25,1729,24,León,24021,Boñar,2402101,24:24021:M,False
2407901001,25,886,24,León,24079,Gradefes,2407901,24:24079:M,False
2409801001,25,1222,24,León,24098,Matallana de Torío,2409801,24:24098:M,False
2415101001,25,504,24,León,24151,Santa Colomba de Curueño,2415101,24:24151:M,False
2417501001,25,2362,24,León,24175,Valdefresno,2417501,24:24175:M,False
2417901001,25,311,24,León,24179,Valdepiélago,2417901,24:24179:M,False
2419301001,25,382,24,León,24193,"Vecilla, La",2419301,24:24193:M,False
2419901001,25,432,24,León,24199,Vegaquemada,2419901,24:24199:M,False
2420101001,25,1172,24,León,24201,Vegas del Condado,2420101,24:24201:M,False
2422201001,25,2385,24,León,24222,Villaquilambre,2422201,24:24222:M,False
2422201002,25,1969,24,León,24222,Villaquilambre,2422201,24:24222:M,False
2422201003,25,1280,24,León,24222,Villaquilambre,2422201,24:24222:M,False
2422201004,25,1090,24,León,24222,Villaquilambre,2422201,24:24222:M,False
2422201005,25,1286,24,León,24222,Villaquilambre,2422201,24:24222:M,False
2422201006,25,775,24,León,24222,Villaquilambre,2422201,24:24222:M,False
2422201007,25,1550,24,León,24222,Villaquilambre,2422201,24:24222:M,False
2422202001,25,2429,24,León,24222,Villaquilambre,2422202,24:24222:M,False
2422202002,25,2245,24,León,24222,Villaquilambre,2422202,24:24222:M,False
2422202003,25,2223,24,León,24222,Villaquilambre,2422202,24:24222:M,False
2422202004,25,1736,24,León,24222,Villaquilambre,2422202,24:24222:M,False
2422501001,25,1155,24,León,24225,Villasabariego,2422501,24:24225:M,False
2400701001,26,805,24,León,24007,Arganza,2400701,24:24007:M,False
2400901001,26,268,24,León,24009,Balboa,2400901,24:24009:M,False
2401101001,26,140,24,León,24011,Barjas,2401101,24:24011:M,False
2401601001,26,455,24,León,24016,Benuza,2401601,24:24016:M,False
2402201001,26,298,24,León,24022,Borrenes,2402201,24:24022:M,False
2402701001,26,1297,24,León,24027,Cabañas Raras,2402701,24:24027:M,False
2403001001,26,1602,24,León,24030,Cacabelos,2403001,24:24030:M,False
2403001002,26,1625,24,León,24030,Cacabelos,2403001,24:24030:M,False
2403001003,26,727,24,León,24030,Cacabelos,2403001,24:24030:M,False
2403001004,26,784,24,León,24030,Cacabelos,2403001,24:24030:M,False
2403401001,26,1788,24,León,24034,Camponaraya,2403401,24:24034:M,False
2403401002,26,824,24,León,24034,Camponaraya,2403401,24:24034:M,False
2403401003,26,1453,24,León,24034,Camponaraya,2403401,24:24034:M,False
2403801001,26,1885,24,León,24038,Carracedelo,2403801,24:24038:M,False
2403801002,26,1541,24,León,24038,Carracedelo,2403801,24:24038:M,False
2404101001,26,478,24,León,24041,Carucedo,2404101,24:24041:M,False
2404301001,26,100,24,León,24043,Castrillo de Cabrera,2404301,24:24043:M,False
2404701001,26,627,24,León,24047,Castrocontrigo,2404701,24:24047:M,False
2405901001,26,797,24,León,24059,Corullón,2405901,24:24059:M,False
2406701001,26,636,24,León,24067,Encinedo,2406701,24:24067:M,False
2409001001,26,358,24,León,24090,Lucillo,2409001,24:24090:M,False
2409101001,26,539,24,León,24091,Luyego,2409101,24:24091:M,False
2410301001,26,271,24,León,24103,Oencia,2410301,24:24103:M,False
2411901001,26,684,24,León,24119,Priaranza del Bierzo,2411901,24:24119:M,False
2412201001,26,1380,24,León,24122,Puente de Domingo Flórez,2412201,24:24122:M,False
2412501001,26,402,24,León,24125,Quintana y Congosto,2412501,24:24125:M,False
2414301001,26,529,24,León,24143,Sancedo,2414301,24:24143:M,False
2416501001,26,273,24,León,24165,Sobrado,2416501,24:24165:M,False
2417101001,26,323,24,León,24171,Trabadelo,2417101,24:24171:M,False
2417201001,26,369,24,León,24172,Truchas,2417201,24:24172:M,False
2419801001,26,555,24,León,24198,Vega de Valcarce,2419801,24:24198:M,False
2420601001,26,1749,24,León,24206,Toral de los Vados,2420601,24:24206:M,False
2420901001,26,928,24,León,24209,Villafranca del Bierzo,2420901,24:24209:M,False
2420901002,26,1668,24,León,24209,Villafranca del Bierzo,2420901,24:24209:M,False
2421601001,26,676,24,León,24216,Villamontán de la Valduerna,2421601,24:24216:M,False
2408902002,27,1064,24,León,24089,León,2408902,24:24089:R,False
2408902003,27,1036,24,León,24089,León,2408902,24:24089:R,False
2408902007,27,851,24,León,24089,León,2408902,24:24089:R,False
2408902008,27,789,24,León,24089,León,2408902,24:24089:R,False
2408902010,27,788,24,León,24089,León,2408902,24:24089:R,False
2408903001,27,1512,24,León,24089,León,2408903,24:24089:R,False
2408903004,27,1319,24,León,24089,León,2408903,24:24089:R,False
2408903009,27,1313,24,León,24089,León,2408903,24:24089:R,False
2408903010,27,1401,24,León,24089,León,2408903,24:24089:R,False
2408903015,27,2361,24,León,24089,León,2408903,24:24089:R,False
2408903016,27,1453,24,León,24089,León,2408903,24:24089:R,False
2408903017,27,1553,24,León,24089,León,2408903,24:24089:R,False
2408903018,27,1219,24,León,24089,León,2408903,24:24089:R,False
2408903019,27,1196,24,León,24089,León,2408903,24:24089:R,False
2408906012,27,865,24,León,24089,León,2408906,24:24089:R,False
2408907002,27,1039,24,León,24089,León,2408907,24:24089:R,False
2408907004,27,1119,24,León,24089,León,2408907,24:24089:R,False
2408907005,27,2258,24,León,24089,León,2408907,24:24089:R,False
2408907006,27,1546,24,León,24089,León,2408907,24:24089:R,False
2408907008,27,1137,24,León,24089,León,2408907,24:24089:R,False
2408907009,27,667,24,León,24089,León,2408907,24:24089:R,False
2408907010,27,1283,24,León,24089,León,2408907,24:24089:R,False
2408907011,27,1604,24,León,24089,León,2408907,24:24089:R,False
2408907012,27,1184,24,León,24089,León,2408907,24:24089:R,False
2408907013,27,735,24,León,24089,León,2408907,24:24089:R,False
2400101001,28,178,24,León,24001,Acebedo,2400101,24:24001:M,False
2400401001,28,567,24,León,24004,Almanza,2400401,24:24004:M,False
2402001001,28,410,24,León,24020,Boca de Huérgano,2402001,24:24020:M,False
2402501001,28,282,24,León,24025,Burón,2402501,24:24025:M,False
2403101001,28,214,24,León,24031,Calzada del Coto,2403101,24:24031:M,False
2403701001,28,356,24,León,24037,Cármenes,2403701,24:24037:M,False
2405101001,28,373,24,León,24051,Cea,2405101,24:24051:M,False
2405201001,28,146,24,León,24052,Cebanico,2405201,24:24052:M,False
2405601001,28,1514,24,León,24056,Cistierna,2405601,24:24056:M,False
2405601002,28,1341,24,León,24056,Cistierna,2405601,24:24056:M,False
2406001001,28,492,24,León,24060,Crémenes,2406001,24:24060:M,False
2406301001,28,379,24,León,24063,Cubillas de Rueda,2406301,24:24063:M,False
2406801001,28,413,24,León,24068,"Ercina, La",2406801,24:24068:M,False
2406901001,28,32,24,León,24069,Escobar de Campos,2406901,24:24069:M,False
2407601001,28,1653,24,León,24076,Garrafe de Torío,2407601,24:24076:M,False
2408001001,28,206,24,León,24080,Grajal de Campos,2408001,24:24080:M,False
2409601001,28,104,24,León,24096,Maraña,2409601,24:24096:M,False
2410601001,28,214,24,León,24106,Oseja de Sajambre,2410601,24:24106:M,False
2411401001,28,1365,24,León,24114,"Pola de Gordón, La",2411401,24:24114:M,False
2411401002,28,845,24,León,24114,"Pola de Gordón, La",2411401,24:24114:M,False
2411401003,28,624,24,León,24114,"Pola de Gordón, La",2411401,24:24114:M,False
2411601001,28,394,24,León,24116,Posada de Valdeón,2411601,24:24116:M,False
2411801001,28,109,24,León,24118,Prado de la Guzpeña,2411801,24:24118:M,False
2412001001,28,340,24,León,24120,Prioro,2412001,24:24120:M,False
2412101001,28,640,24,León,24121,Puebla de Lillo,2412101,24:24121:M,False
2412901001,28,120,24,León,24129,Reyero,2412901,24:24129:M,False
2413001001,28,476,24,León,24130,Riaño,2413001,24:24130:M,False
2413401001,28,1191,24,León,24134,"Robla, La",2413401,24:24134:M,False
2413401002,28,810,24,León,24134,"Robla, La",2413401,24:24134:M,False
2413401003,28,1590,24,León,24134,"Robla, La",2413401,24:24134:M,False
2413701001,28,1018,24,León,24137,Sabero,2413701,24:24137:M,False
2413901001,28,720,24,León,24139,Sahagún,2413901,24:24139:M,False
2413901002,28,1660,24,León,24139,Sahagún,2413901,24:24139:M,False
2415601001,28,207,24,León,24156,Santa María del Monte de Cea,2415601,24:24156:M,False
2416301001,28,1584,24,León,24163,Sariegos,2416301,24:24163:M,False
2416301002,28,1107,24,León,24163,Sariegos,2416301,24:24163:M,False
2416301003,28,1657,24,León,24163,Sariegos,2416301,24:24163:M,False
2416301004,28,1134,24,León,24163,Sariegos,2416301,24:24163:M,False
2417701001,28,485,24,León,24177,Valdelugueros,2417701,24:24177:M,False
2418301001,28,817,24,León,24183,Valderrueda,2418301,24:24183:M,False
2419401001,28,248,24,León,24194,Vegacervera,2419401,24:24194:M,False
2421301001,28,131,24,León,24213,Villamartín de Don Sancho,2421301,24:24213:M,False
2421501001,28,134,24,León,24215,Villamol,2421501,24:24215:M,False
2422601001,28,180,24,León,24226,Villaselán,2422601,24:24226:M,False
2422901001,28,363,24,León,24229,Villazanzo de Valderaduey,2422901,24:24229:M,False
2411501001,29,1642,24,León,24115,Ponferrada,2411501,24:24115:R,False
2411501002,29,1259,24,León,24115,Ponferrada,2411501,24:24115:R,False
2411501003,29,1432,24,León,24115,Ponferrada,2411501,24:24115:R,False
2411501004,29,1209,24,León,24115,Ponferrada,2411501,24:24115:R,False
2411501005,29,1564,24,León,24115,Ponferrada,2411501,24:24115:R,False
2411501006,29,1676,24,León,24115,Ponferrada,2411501,24:24115:R,False
2411501007,29,1529,24,León,24115,Ponferrada,2411501,24:24115:R,False
2411501008,29,1352,24,León,24115,Ponferrada,2411501,24:24115:R,False
2411501009,29,1131,24,León,24115,Ponferrada,2411501,24:24115:R,False
2411501010,29,906,24,León,24115,Ponferrada,2411501,24:24115:R,False
2411501011,29,900,24,León,24115,Ponferrada,2411501,24:24115:R,False
2411501012,29,1729,24,León,24115,Ponferrada,2411501,24:24115:R,False
2411502002,29,1363,24,León,24115,Ponferrada,2411502,24:24115:R,False
2411502003,29,1237,24,León,24115,Ponferrada,2411502,24:24115:R,False
2411502004,29,1262,24,León,24115,Ponferrada,2411502,24:24115:R,False
2411502008,29,1288,24,León,24115,Ponferrada,2411502,24:24115:R,False
2411502012,29,972,24,León,24115,Ponferrada,2411502,24:24115:R,False
2411502013,29,1803,24,León,24115,Ponferrada,2411502,24:24115:R,False
2411502015,29,1330,24,León,24115,Ponferrada,2411502,24:24115:R,False
2411503002,29,2048,24,León,24115,Ponferrada,2411503,24:24115:R,False
2411504001,29,1444,24,León,24115,Ponferrada,2411504,24:24115:R,False
2411505003,29,1293,24,León,24115,Ponferrada,2411505,24:24115:R,False
2411505005,29,736,24,León,24115,Ponferrada,2411505,24:24115:R,False
2411506001,29,616,24,León,24115,Ponferrada,2411506,24:24115:R,False
2414201001,30,2178,24,León,24142,San Andrés del Rabanedo,2414201,24:24142:M,False
2414201002,30,2401,24,León,24142,San Andrés del Rabanedo,2414201,24:24142:M,False
2414201003,30,2389,24,León,24142,San Andrés del Rabanedo,2414201,24:24142:M,False
2414202001,30,2360,24,León,24142,San Andrés del Rabanedo,2414202,24:24142:M,False
2414202002,30,2300,24,León,24142,San Andrés del Rabanedo,2414202,24:24142:M,False
2414202003,30,1195,24,León,24142,San Andrés del Rabanedo,2414202,24:24142:M,False
2414202004,30,1369,24,León,24142,San Andrés del Rabanedo,2414202,24:24142:M,False
2414202005,30,1324,24,León,24142,San Andrés del Rabanedo,2414202,24:24142:M,False
2414202006,30,1110,24,León,24142,San Andrés del Rabanedo,2414202,24:24142:M,False
2414202007,30,1470,24,León,24142,San Andrés del Rabanedo,2414202,24:24142:M,False
2414202008,30,1763,24,León,24142,San Andrés del Rabanedo,2414202,24:24142:M,False
2414202009,30,1599,24,León,24142,San Andrés del Rabanedo,2414202,24:24142:M,False
2414202010,30,1487,24,León,24142,San Andrés del Rabanedo,2414202,24:24142:M,False
2414202011,30,1292,24,León,24142,San Andrés del Rabanedo,2414202,24:24142:M,False
2414202012,30,1571,24,León,24142,San Andrés del Rabanedo,2414202,24:24142:M,False
2414202013,30,1309,24,León,24142,San Andrés del Rabanedo,2414202,24:24142:M,False
2414203001,30,641,24,León,24142,San Andrés del Rabanedo,2414203,24:24142:M,False
2414203002,30,1216,24,León,24142,San Andrés del Rabanedo,2414203,24:24142:M,False
2414203003,30,1022,24,León,24142,San Andrés del Rabanedo,2414203,24:24142:M,False
2400301001,31,552,24,León,24003,Alija del Infantado,2400301,24:24003:M,False
2400801001,31,1193,24,León,24008,Astorga,2400801,24:24008:M,False
2400801002,31,1016,24,León,24008,Astorga,2400801,24:24008:M,False
2400802001,31,1490,24,León,24008,Astorga,2400802,24:24008:M,False
2400802002,31,1591,24,León,24008,Astorga,2400802,24:24008:M,False
2400802003,31,1384,24,León,24008,Astorga,2400802,24:24008:M,False
2400803001,31,1817,24,León,24008,Astorga,2400803,24:24008:M,False
2400803002,31,1809,24,León,24008,Astorga,2400803,24:24008:M,False
2402601001,31,1058,24,León,24026,Bustillo del Páramo,2402601,24:24026:M,False
2404401001,31,138,24,León,24044,Castrillo de la Valduerna,2404401,24:24044:M,False
2404601001,31,898,24,León,24046,Castrocalbón,2404601,24:24046:M,False
2404901001,31,1571,24,León,24049,Castropodame,2404901,24:24049:M,False
2406601001,31,421,24,León,24066,Destriana,2406601,24:24066:M,False
2407101001,31,972,24,León,24071,Folgoso de la Ribera,2407101,24:24071:M,False
2410001001,31,866,24,León,24100,Molinaseca,2410001,24:24100:M,False
2410801001,31,346,24,León,24108,Palacios de la Valduerna,2410801,24:24108:M,False
2411701001,31,373,24,León,24117,Pozuelo del Páramo,2411701,24:24117:M,False
2412401001,31,295,24,León,24124,Quintana del Marco,2412401,24:24124:M,False
2412701001,31,263,24,León,24127,Regueras de Arriba,2412701,24:24127:M,False
2413101001,31,700,24,León,24131,Riego de la Vega,2413101,24:24131:M,False
2413601001,31,502,24,León,24136,Roperuelos del Páramo,2413601,24:24136:M,False
2414401001,31,611,24,León,24144,San Cristóbal de la Polantera,2414401,24:24144:M,False
2414601001,31,239,24,León,24146,San Esteban de Nogales,2414601,24:24146:M,False
2415201001,31,468,24,León,24152,Santa Colomba de Somoza,2415201,24:24152:M,False
2415401001,31,1026,24,León,24154,Santa Elena de Jamuz,2415401,24:24154:M,False
2415501001,31,435,24,León,24155,Santa María de la Isla,2415501,24:24155:M,False
2416101001,31,356,24,León,24161,Santiago Millas,2416101,24:24161:M,False
2416601001,31,1482,24,León,24166,Soto de la Vega,2416601,24:24166:M,False
2417001001,31,974,24,León,24170,Torre del Bierzo,2417001,24:24170:M,False
2417001002,31,949,24,León,24170,Torre del Bierzo,2417001,24:24170:M,False
2417401001,31,453,24,León,24174,Urdiales del Páramo,2417401,24:24174:M,False
2418201001,31,423,24,León,24182,Valderrey,2418201,24:24182:M,False
2418501001,31,493,24,León,24185,Val de San Lorenzo,2418501,24:24185:M,False
2421001001,31,629,24,León,24210,Villagatón,2421001,24:24210:M,False
2422801001,31,560,24,León,24228,Villazala,2422801,24:24228:M,False
2423001001,31,383,24,León,24230,Zotes del Páramo,2423001,24:24230:M,False
2401201001,32,300,24,León,24012,"Barrios de Luna, Los",2401201,24:24012:M,False
2401401001,32,749,24,León,24014,Bembibre,2401401,24:24014:M,False
2401401002,32,1779,24,León,24014,Bembibre,2401401,24:24014:M,False
2401401003,32,1721,24,León,24014,Bembibre,2401401,24:24014:M,False
2401401004,32,841,24,León,24014,Bembibre,2401401,24:24014:M,False
2401401005,32,643,24,León,24014,Bembibre,2401401,24:24014:M,False
2401401006,32,878,24,León,24014,Bembibre,2401401,24:24014:M,False
2401401007,32,1464,24,León,24014,Bembibre,2401401,24:24014:M,False
2401901001,32,311,24,León,24019,Berlanga del Bierzo,2401901,24:24019:M,False
2402901001,32,689,24,León,24029,Cabrillanes,2402901,24:24029:M,False
2403601001,32,257,24,León,24036,Valle de Ancares,2403601,24:24036:M,False
2404001001,32,433,24,León,24040,Carrocera,2404001,24:24040:M,False
2405701001,32,1425,24,León,24057,Congosto,2405701,24:24057:M,False
2406101001,32,2074,24,León,24061,Cuadros,2406101,24:24061:M,False
2406401001,32,1749,24,León,24064,Cubillos del Sil,2406401,24:24064:M,False
2410101001,32,338,24,León,24101,Murias de Paredes,2410101,24:24101:M,False
2410201001,32,603,24,León,24102,Noceda del Bierzo,2410201,24:24102:M,False
2410401001,32,271,24,León,24104,"Omañas, Las",2410401,24:24104:M,False
2410901001,32,861,24,León,24109,Palacios del Sil,2410901,24:24109:M,False
2411001001,32,1148,24,León,24110,Páramo del Sil,2411001,24:24110:M,False
2411201001,32,276,24,León,24112,Peranzanes,2411201,24:24112:M,False
2414501001,32,587,24,León,24145,San Emiliano,2414501,24:24145:M,False
2416401001,32,371,24,León,24164,Sena de Luna,2416401,24:24164:M,False
2416701001,32,702,24,León,24167,Soto y Amío,2416701,24:24167:M,False
2420201001,32,800,24,León,24202,Villablino,2420201,24:24202:M,False
2420201002,32,1058,24,León,24202,Villablino,2420201,24:24202:M,False
2420201003,32,671,24,León,24202,Villablino,2420201,24:24202:M,False
2420201004,32,999,24,León,24202,Villablino,2420201,24:24202:M,False
2420201005,32,537,24,León,24202,Villablino,2420201,24:24202:M,False
2420201006,32,1124,24,León,24202,Villablino,2420201,24:24202:M,False
2420202001,32,1334,24,León,24202,Villablino,2420202,24:24202:M,False
2420203001,32,1064,24,León,24202,Villablino,2420203,24:24202:M,False
2490101001,32,867,24,León,24901,Villamanín,2490101,24:24901:M,False
3412003001,33,636,34,Palencia,34120,Palencia,3412003,34:34120:U1,True
3412003002,33,869,34,Palencia,34120,Palencia,3412003,34:34120:U1,True
3412003004,33,1020,34,Palencia,34120,Palencia,3412003,34:34120:U1,True
3412004001,33,1016,34,Palencia,34120,Palencia,3412004,34:34120:U1,True
3412004003,33,797,34,Palencia,34120,Palencia,3412004,34:34120:U1,True
3412004004,33,1143,34,Palencia,34120,Palencia,3412004,34:34120:U1,True
3412004005,33,2013,34,Palencia,34120,Palencia,3412004,34:34120:U1,True
3412004007,33,1615,34,Palencia,34120,Palencia,3412004,34:34120:U1,True
3412004008,33,822,34,Palencia,34120,Palencia,3412004,34:34120:U1,True
3412005004,33,1610,34,Palencia,34120,Palencia,3412005,34:34120:U1,True
3412005006,33,1154,34,Palencia,34120,Palencia,3412005,34:34120:U1,True
3412005007,33,1199,34,Palencia,34120,Palencia,3412005,34:34120:U1,True
3412005008,33,1075,34,Palencia,34120,Palencia,3412005,34:34120:U1,True
3412005014,33,1653,34,Palencia,34120,Palencia,3412005,34:34120:U1,True
3412006001,33,1690,34,Palencia,34120,Palencia,3412006,34:34120:U1,True
3412006002,33,1637,34,Palencia,34120,Palencia,3412006,34:34120:U1,True
3412006003,33,2125,34,Palencia,34120,Palencia,3412006,34:34120:U1,True
3412006004,33,2191,34,Palencia,34120,Palencia,3412006,34:34120:U1,True
3412006006,33,1594,34,Palencia,34120,Palencia,3412006,34:34120:U1,True
3412006007,33,1640,34,Palencia,34120,Palencia,3412006,34:34120:U1,True
3412001004,34,928,34,Palencia,34120,Palencia,3412001,34:34120:U2,True
3412001005,34,836,34,Palencia,34120,Palencia,3412001,34:34120:U2,True
3412005003,34,1277,34,Palencia,34120,Palencia,3412005,34:34120:U2,True
3412005005,34,1304,34,Palencia,34120,Palencia,3412005,34:34120:U2,True
3412005009,34,781,34,Palencia,34120,Palencia,3412005,34:34120:U2,True
3412005010,34,1224,34,Palencia,34120,Palencia,3412005,34:34120:U2,True
3412005011,34,1092,34,Palencia,34120,Palencia,3412005,34:34120:U2,True
3412005012,34,1110,34,Palencia,34120,Palencia,3412005,34:34120:U2,True
3412005013,34,1192,34,Palencia,34120,Palencia,3412005,34:34120:U2,True
3412005015,34,891,34,Palencia,34120,Palencia,3412005,34:34120:U2,True
3412005016,34,1624,34,Palencia,34120,Palencia,3412005,34:34120:U2,True
3412007005,34,1741,34,Palencia,34120,Palencia,3412007,34:34120:U2,True
3412007007,34,888,34,Palencia,34120,Palencia,3412007,34:34120:U2,True
3412007008,34,967,34,Palencia,34120,Palencia,3412007,34:34120:U2,True
3412007009,34,1168,34,Palencia,34120,Palencia,3412007,34:34120:U2,True
3412007010,34,1464,34,Palencia,34120,Palencia,3412007,34:34120:U2,True
3412007011,34,951,34,Palencia,34120,Palencia,3412007,34:34120:U2,True
3412007012,34,1650,34,Palencia,34120,Palencia,3412007,34:34120:U2,True
3412007016,34,1619,34,Palencia,34120,Palencia,3412007,34:34120:U2,True
3412007017,34,1075,34,Palencia,34120,Palencia,3412007,34:34120:U2,True
3412007018,34,931,34,Palencia,34120,Palencia,3412007,34:34120:U2,True
3412007019,34,956,34,Palencia,34120,Palencia,3412007,34:34120:U2,True
3412007020,34,2191,34,Palencia,34120,Palencia,3412007,34:34120:U2,True
3400101001,35,38,34,Palencia,34001,Abarca de Campos,3400101,34:34001:M,False
3401001001,35,589,34,Palencia,34010,Ampudia,3401001,34:34010:M,False
3403101001,35,28,34,Palencia,34031,Belmonte de Campos,3403101,34:34031:M,False
3403301001,35,17,34,Palencia,34033,Boada de Campos,3403301,34:34033:M,False
3404801001,35,54,34,Palencia,34048,Castil de Vela,3404801,34:34048:M,False
3405301001,35,193,34,Palencia,34053,Castromocho,3405301,34:34053:M,False
3406901001,35,1060,34,Palencia,34069,Dueñas,3406901,34:34069:M,False
3406901002,35,1544,34,Palencia,34069,Dueñas,3406901,34:34069:M,False
3410601001,35,109,34,Palencia,34106,Meneses de Campos,3410601,34:34106:M,False
3412001001,35,1562,34,Palencia,34120,Palencia,3412001,34:34120:R,False
3412001003,35,988,34,Palencia,34120,Palencia,3412001,34:34120:R,False
3412002001,35,1981,34,Palencia,34120,Palencia,3412002,34:34120:R,False
3412002002,35,1083,34,Palencia,34120,Palencia,3412002,34:34120:R,False
3412002003,35,1735,34,Palencia,34120,Palencia,3412002,34:34120:R,False
3412003005,35,1331,34,Palencia,34120,Palencia,3412003,34:34120:R,False
3412004002,35,932,34,Palencia,34120,Palencia,3412004,34:34120:R,False
3412004006,35,636,34,Palencia,34120,Palencia,3412004,34:34120:R,False
3412004009,35,1070,34,Palencia,34120,Palencia,3412004,34:34120:R,False
3412005001,35,1952,34,Palencia,34120,Palencia,3412005,34:34120:R,False
3412007001,35,1560,34,Palencia,34120,Palencia,3412007,34:34120:R,False
3412007002,35,849,34,Palencia,34120,Palencia,3412007,34:34120:R,False
3412007003,35,2262,34,Palencia,34120,Palencia,3412007,34:34120:R,False
3412007004,35,1874,34,Palencia,34120,Palencia,3412007,34:34120:R,False
3412007006,35,1426,34,Palencia,34120,Palencia,3412007,34:34120:R,False
3412007015,35,769,34,Palencia,34120,Palencia,3412007,34:34120:R,False
3416701001,35,91,34,Palencia,34167,Santa Cecilia del Alcor,3416701,34:34167:M,False
3418401001,35,41,34,Palencia,34184,Torremormojón,3418401,34:34184:M,False
3424001001,35,74,34,Palencia,34240,Villerías de Campos,3424001,34:34240:M,False
3400301001,36,165,34,Palencia,34003,Abia de las Torres,3400301,34:34003:M,False
3400901001,36,36,34,Palencia,34009,Amayuelas de Arriba,3400901,34:34009:M,False
3401101001,36,418,34,Palencia,34011,Amusco,3401101,34:34011:M,False
3401501001,36,45,34,Palencia,34015,Arconada,3401501,34:34015:M,False
3402001001,36,48,34,Palencia,34020,Ayuela,3402001,34:34020:M,False
3402501001,36,52,34,Palencia,34025,Bárcena de Campos,3402501,34:34025:M,False
3402701001,36,1168,34,Palencia,34027,Barruelo de Santullán,3402701,34:34027:M,False
3402801001,36,136,34,Palencia,34028,Báscones de Ojeda,3402801,34:34028:M,False
3403401001,36,109,34,Palencia,34034,Boadilla del Camino,3403401,34:34034:M,False
3403501001,36,95,34,Palencia,34035,Boadilla de Rioseco,3403501,34:34035:M,False
3403701001,36,291,34,Palencia,34037,Buenavista de Valdavia,3403701,34:34037:M,False
3403801001,36,258,34,Palencia,34038,Bustillo de la Vega,3403801,34:34038:M,False
3403901001,36,58,34,Palencia,34039,Bustillo del Páramo de Carrión,3403901,34:34039:M,False
3404101001,36,82,34,Palencia,34041,Calahorra de Boedo,3404101,34:34041:M,False
3404201001,36,307,34,Palencia,34042,Calzada de los Molinos,3404201,34:34042:M,False
3404601001,36,64,34,Palencia,34046,Cardeñosa de Volpejera,3404601,34:34046:M,False
3404901001,36,322,34,Palencia,34049,Castrejón de la Peña,3404901,34:34049:M,False
3405201001,36,167,34,Palencia,34052,Castrillo de Villavega,3405201,34:34052:M,False
3405501001,36,242,34,Palencia,34055,Cervatos de la Cueza,3405501,34:34055:M,False
3405601001,36,1698,34,Palencia,34056,Cervera de Pisuerga,3405601,34:34056:M,False
3405601003,36,578,34,Palencia,34056,Cervera de Pisuerga,3405601,34:34056:M,False
3405901001,36,426,34,Palencia,34059,Cisneros,3405901,34:34059:M,False
3406101001,36,89,34,Palencia,34061,Collazos de Boedo,3406101,34:34061:M,False
3406201001,36,132,34,Palencia,34062,Congosto de Valdavia,3406201,34:34062:M,False
3406701001,36,130,34,Palencia,34067,Dehesa de Montejo,3406701,34:34067:M,False
3406801001,36,40,34,Palencia,34068,Dehesa de Romanos,3406801,34:34068:M,False
3407101001,36,164,34,Palencia,34071,Espinosa de Villagonzalo,3407101,34:34071:M,False
3407301001,36,169,34,Palencia,34073,Fresno del Río,3407301,34:34073:M,False
3408001001,36,708,34,Palencia,34080,Guardo,3408001,34:34080:M,False
3408001002,36,1489,34,Palencia,34080,Guardo,3408001,34:34080:M,False
3408002001,36,1097,34,Palencia,34080,Guardo,3408002,34:34080:M,False
3408002002,36,945,34,Palencia,34080,Guardo,3408002,34:34080:M,False
3408002003,36,1261,34,Palencia,34080,Guardo,3408002,34:34080:M,False
3409101001,36,117,34,Palencia,34091,Lagartos,3409101,34:34091:M,False
3409301001,36,85,34,Palencia,34093,"Vid de Ojeda, La",3409301,34:34093:M,False
3409401001,36,59,34,Palencia,34094,Ledigos,3409401,34:34094:M,False
3409601001,36,40,34,Palencia,34096,Lomas,3409601,34:34096:M,False
3410001001,36,142,34,Palencia,34100,Mantinos,3410001,34:34100:M,False
3410101001,36,60,34,Palencia,34101,Marcilla de Campos,3410101,34:34101:M,False
3410701001,36,67,34,Palencia,34107,Micieces de Ojeda,3410701,34:34107:M,False
3410901001,36,55,34,Palencia,34109,Moratinos,3410901,34:34109:M,False
3411001001,36,81,34,Palencia,34110,Mudá,3411001,34:34110:M,False
3411201001,36,47,34,Palencia,34112,Nogal de las Huertas,3411201,34:34112:M,False
3411301001,36,39,34,Palencia,34113,Olea de Boedo,3411301,34:34113:M,False
3411401001,36,165,34,Palencia,34114,Olmos de Ojeda,3411401,34:34114:M,False
3412201001,36,104,34,Palencia,34122,Páramo de Boedo,3412201,34:34122:M,False
3412401001,36,59,34,Palencia,34124,Payo de Ojeda,3412401,34:34124:M,False
3412601001,36,281,34,Palencia,34126,Pedrosa de la Vega,3412601,34:34126:M,False
3412901001,36,162,34,Palencia,34129,Pino del Río,3412901,34:34129:M,False
3413001001,36,186,34,Palencia,34130,Piña de Campos,3413001,34:34130:M,False
3413101001,36,44,34,Palencia,34131,Población de Arroyo,3413101,34:34131:M,False
3413201001,36,119,34,Palencia,34132,Población de Campos,3413201,34:34132:M,False
3413401001,36,41,34,Palencia,34134,Polentinos,3413401,34:34134:M,False
3413601001,36,161,34,Palencia,34136,Poza de la Vega,3413601,34:34136:M,False
3413701001,36,21,34,Palencia,34137,Pozo de Urama,3413701,34:34137:M,False
3413901001,36,180,34,Palencia,34139,Prádanos de Ojeda,3413901,34:34139:M,False
3414001001,36,79,34,Palencia,34140,"Puebla de Valdavia, La",3414001,34:34140:M,False
3414301001,36,168,34,Palencia,34143,Quintanilla de Onsoña,3414301,34:34143:M,False
3414701001,36,194,34,Palencia,34147,Renedo de la Vega,3414701,34:34147:M,False
3414901001,36,27,34,Palencia,34149,Requena de Campos,3414901,34:34149:M,False
3415101001,36,140,34,Palencia,34151,Respenda de la Peña,3415101,34:34151:M,False
3415201001,36,127,34,Palencia,34152,Revenga de Campos,3415201,34:34152:M,False
3415401001,36,75,34,Palencia,34154,Revilla de Collazos,3415401,34:34154:M,False
3415601001,36,52,34,Palencia,34156,Riberos de la Cueza,3415601,34:34156:M,False
3415701001,36,1095,34,Palencia,34157,Saldaña,3415701,34:34157:M,False
3415701002,36,1222,34,Palencia,34157,Saldaña,3415701,34:34157:M,False
3415701003,36,531,34,Palencia,34157,Saldaña,3415701,34:34157:M,False
3415801001,36,346,34,Palencia,34158,Salinas de Pisuerga,3415801,34:34158:M,False
3416001001,36,142,34,Palencia,34160,San Cebrián de Mudá,3416001,34:34160:M,False
3416101001,36,20,34,Palencia,34161,San Cristóbal de Boedo,3416101,34:34161:M,False
3416301001,36,44,34,Palencia,34163,San Mamés de Campos,3416301,34:34163:M,False
3416501001,36,53,34,Palencia,34165,San Román de la Cuba,3416501,34:34165:M,False
3416801001,36,51,34,Palencia,34168,Santa Cruz de Boedo,3416801,34:34168:M,False
3416901001,36,391,34,Palencia,34169,Santervás de la Vega,3416901,34:34169:M,False
3417001001,36,42,34,Palencia,34170,Santibáñez de Ecla,3417001,34:34170:M,False
3417101001,36,892,34,Palencia,34171,Santibáñez de la Peña,3417101,34:34171:M,False
3417501001,36,90,34,Palencia,34175,"Serna, La",3417501,34:34175:M,False
3417601001,36,154,34,Palencia,34176,Sotobañado y Priorato,3417601,34:34176:M,False
3417901001,36,21,34,Palencia,34179,Tabanera de Valdavia,3417901,34:34179:M,False
3418001001,36,71,34,Palencia,34180,Támara de Campos,3418001,34:34180:M,False
3418501001,36,73,34,Palencia,34185,Triollo,3418501,34:34185:M,False
3419001001,36,47,34,Palencia,34190,Valderrábano,3419001,34:34190:M,False
3419201001,36,77,34,Palencia,34192,Valde-Ucieza,3419201,34:34192:M,False
3419901001,36,1104,34,Palencia,34199,Velilla del Río Carrión,3419901,34:34199:M,False
3420201001,36,32,34,Palencia,34202,Villabasta de Valdavia,3420201,34:34202:M,False
3420401001,36,44,34,Palencia,34204,Villacidaler,3420401,34:34204:M,False
3420801001,36,47,34,Palencia,34208,Villaeles de Valdavia,3420801,34:34208:M,False
3421101001,36,214,34,Palencia,34211,Villaherreros,3421101,34:34211:M,False
3421401001,36,194,34,Palencia,34214,Villalba de Guardo,3421401,34:34214:M,False
3421501001,36,160,34,Palencia,34215,Villalcázar de Sirga,3421501,34:34215:M,False
3421801001,36,519,34,Palencia,34218,Villaluenga de la Vega,3421801,34:34218:M,False
3422201001,36,109,34,Palencia,34222,Villameriel,3422201,34:34222:M,False
3422301001,36,241,34,Palencia,34223,Villamoronta,3422301,34:34223:M,False
3422401001,36,36,34,Palencia,34224,Villamuera de la Cueza,3422401,34:34224:M,False
3422701001,36,67,34,Palencia,34227,Villanueva del Rebollar,3422701,34:34227:M,False
3422801001,36,92,34,Palencia,34228,Villanuño de Valdavia,3422801,34:34228:M,False
3422901001,36,46,34,Palencia,34229,Villaprovedo,3422901,34:34229:M,False
3423001001,36,26,34,Palencia,34230,Villarmentero de Campos,3423001,34:34230:M,False
3423101001,36,171,34,Palencia,34231,Villarrabé,3423101,34:34231:M,False
3423301001,36,127,34,Palencia,34233,Villasarracino,3423301,34:34233:M,False
3423401001,36,64,34,Palencia,34234,Villasila de Valdavia,3423401,34:34234:M,False
3423601001,36,148,34,Palencia,34236,Villaturde,3423601,34:34236:M,False
3424501001,36,295,34,Palencia,34245,Villota del Páramo,3424501,34:34245:M,False
3424601001,36,62,34,Palencia,34246,Villovieco,3424601,34:34246:M,False
3490301001,36,196,34,Palencia,34903,Loma de Ucieza,3490301,34:34903:M,False
3490401001,36,296,34,Palencia,34904,"Pernía, La",3490401,34:34904:M,False
3401801001,37,226,34,Palencia,34018,Autilla del Pino,3401801,34:34018:M,False
3401901001,37,125,34,Palencia,34019,Autillo de Campos,3401901,34:34019:M,False
3402301001,37,1908,34,Palencia,34023,Venta de Baños,3402301,34:34023:M,False
3402301002,37,1187,34,Palencia,34023,Venta de Baños,3402301,34:34023:M,False
3402301003,37,1013,34,Palencia,34023,Venta de Baños,3402301,34:34023:M,False
3402301005,37,875,34,Palencia,34023,Venta de Baños,3402301,34:34023:M,False
3402301006,37,1396,34,Palencia,34023,Venta de Baños,3402301,34:34023:M,False
3402401001,37,21,34,Palencia,34024,Baquerín de Campos,3402401,34:34024:M,False
3404501001,37,68,34,Palencia,34045,Capillas,3404501,34:34045:M,False
3407201001,37,137,34,Palencia,34072,Frechilla,3407201,34:34072:M,False
3407601001,37,582,34,Palencia,34076,Fuentes de Nava,3407601,34:34076:M,False
3407701001,37,494,34,Palencia,34077,Fuentes de Valdepero,3407701,34:34077:M,False
3407901001,37,1527,34,Palencia,34079,Grijota,3407901,34:34079:M,False
3407901002,37,1311,34,Palencia,34079,Grijota,3407901,34:34079:M,False
3408101001,37,57,34,Palencia,34081,Guaza de Campos,3408101,34:34081:M,False
3408801001,37,413,34,Palencia,34088,Husillos,3408801,34:34088:M,False
3409801001,37,1065,34,Palencia,34098,Magaz de Pisuerga,3409801,34:34098:M,False
3410201001,37,202,34,Palencia,34102,Mazariegos,3410201,34:34102:M,False
3410301001,37,78,34,Palencia,34103,Mazuecos de Valdeginate,3410301,34:34103:M,False
3412301001,37,980,34,Palencia,34123,Paredes de Nava,3412301,34:34123:M,False
3412301002,37,949,34,Palencia,34123,Paredes de Nava,3412301,34:34123:M,False
3412501001,37,73,34,Palencia,34125,Pedraza de Campos,3412501,34:34125:M,False
3414601001,37,58,34,Palencia,34146,Reinoso de Cerrato,3414601,34:34146:M,False
3420601001,37,862,34,Palencia,34206,Villada,3420601,34:34206:M,False
3421601001,37,45,34,Palencia,34216,Villalcón,3421601,34:34216:M,False
3421701001,37,1956,34,Palencia,34217,Villalobón,3421701,34:34217:M,False
3422001001,37,168,34,Palencia,34220,Villamartín de Campos,3422001,34:34220:M,False
3422501001,37,1267,34,Palencia,34225,Villamuriel de Cerrato,3422501,34:34225:M,False
3422501002,37,2147,34,Palencia,34225,Villamuriel de Cerrato,3422501,34:34225:M,False
3422501003,37,1874,34,Palencia,34225,Villamuriel de Cerrato,3422501,34:34225:M,False
3422501004,37,1208,34,Palencia,34225,Villamuriel de Cerrato,3422501,34:34225:M,False
3423201001,37,781,34,Palencia,34232,Villarramiel,3423201,34:34232:M,False
3423701001,37,629,34,Palencia,34237,Villaumbrales,3423701,34:34237:M,False
3490201001,37,155,34,Palencia,34902,Valle del Retortillo,3490201,34:34902:M,False
3400401001,38,962,34,Palencia,34004,Aguilar de Campoo,3400401,34:34004:M,False
3400401002,38,1084,34,Palencia,34004,Aguilar de Campoo,3400401,34:34004:M,False
3400402001,38,895,34,Palencia,34004,Aguilar de Campoo,3400402,34:34004:M,False
3400402002,38,1135,34,Palencia,34004,Aguilar de Campoo,3400402,34:34004:M,False
3400402003,38,2190,34,Palencia,34004,Aguilar de Campoo,3400402,34:34004:M,False
3400403001,38,666,34,Palencia,34004,Aguilar de Campoo,3400403,34:34004:M,False
3400501001,38,912,34,Palencia,34005,Alar del Rey,3400501,34:34005:M,False
3400601001,38,80,34,Palencia,34006,Alba de Cerrato,3400601,34:34006:M,False
3401201001,38,332,34,Palencia,34012,Antigüedad,3401201,34:34012:M,False
3401701001,38,1043,34,Palencia,34017,Astudillo,3401701,34:34017:M,False
3402201001,38,1225,34,Palencia,34022,Baltanás,3402201,34:34022:M,False
3402901001,38,738,34,Palencia,34029,Becerril de Campos,3402901,34:34029:M,False
3403201001,38,45,34,Palencia,34032,Berzosilla,3403201,34:34032:M,False
3403601001,38,253,34,Palencia,34036,Brañosera,3403601,34:34036:M,False
3404701001,38,827,34,Palencia,34047,Carrión de los Condes,3404701,34:34047:M,False
3404701002,38,1166,34,Palencia,34047,Carrión de los Condes,3404701,34:34047:M,False
3405001001,38,184,34,Palencia,34050,Castrillo de Don Juan,3405001,34:34050:M,False
3405101001,38,91,34,Palencia,34051,Castrillo de Onielo,3405101,34:34051:M,False
3405701001,38,466,34,Palencia,34057,Cevico de la Torre,3405701,34:34057:M,False
3405801001,38,175,34,Palencia,34058,Cevico Navero,3405801,34:34058:M,False
3406001001,38,129,34,Palencia,34060,Cobos de Cerrato,3406001,34:34060:M,False
3406301001,38,134,34,Palencia,34063,Cordovilla la Real,3406301,34:34063:M,False
3406601001,38,59,34,Palencia,34066,Cubillas de Cerrato,3406601,34:34066:M,False
3407001001,38,119,34,Palencia,34070,Espinosa de Cerrato,3407001,34:34070:M,False
3407401001,38,725,34,Palencia,34074,Frómista,3407401,34:34074:M,False
3408201001,38,72,34,Palencia,34082,Hérmedes de Cerrato,3408201,34:34082:M,False
3408301001,38,1057,34,Palencia,34083,Herrera de Pisuerga,3408301,34:34083:M,False
3408301002,38,816,34,Palencia,34083,Herrera de Pisuerga,3408301,34:34083:M,False
3408401001,38,150,34,Palencia,34084,Herrera de Valdecañas,3408401,34:34084:M,False
3408601001,38,107,34,Palencia,34086,Hontoria de Cerrato,3408601,34:34086:M,False
3408701001,38,172,34,Palencia,34087,Hornillos de Cerrato,3408701,34:34087:M,False
3408901001,38,147,34,Palencia,34089,Itero de la Vega,3408901,34:34089:M,False
3409201001,38,278,34,Palencia,34092,Lantadilla,3409201,34:34092:M,False
3409901001,38,62,34,Palencia,34099,Manquillos,3409901,34:34099:M,False
3410401001,38,273,34,Palencia,34104,Melgar de Yuso,3410401,34:34104:M,False
3410801001,38,609,34,Palencia,34108,Monzón de Campos,3410801,34:34108:M,False
3411601001,38,57,34,Palencia,34116,Osornillo,3411601,34:34116:M,False
3412101001,38,213,34,Palencia,34121,Palenzuela,3412101,34:34121:M,False
3412701001,38,112,34,Palencia,34127,Perales,3412701,34:34127:M,False
3413301001,38,104,34,Palencia,34133,Población de Cerrato,3413301,34:34133:M,False
3413501001,38,487,34,Palencia,34135,Pomar de Valdivia,3413501,34:34135:M,False
3414101001,38,255,34,Palencia,34141,Quintana del Puente,3414101,34:34141:M,False
3415501001,38,149,34,Palencia,34155,Ribas de Campos,3415501,34:34155:M,False
3415901001,38,402,34,Palencia,34159,San Cebrián de Campos,3415901,34:34159:M,False
3417401001,38,186,34,Palencia,34174,Santoyo,3417401,34:34174:M,False
3417701001,38,167,34,Palencia,34177,Soto de Cerrato,3417701,34:34177:M,False
3417801001,38,132,34,Palencia,34178,Tabanera de Cerrato,3417801,34:34178:M,False
3418101001,38,506,34,Palencia,34181,Tariego de Cerrato,3418101,34:34181:M,False
3418201001,38,967,34,Palencia,34182,Torquemada,3418201,34:34182:M,False
3418601001,38,49,34,Palencia,34186,Valbuena de Pisuerga,3418601,34:34186:M,False
3418901001,38,57,34,Palencia,34189,Valdeolmillos,3418901,34:34189:M,False
3419601001,38,77,34,Palencia,34196,Valle de Cerrato,3419601,34:34196:M,False
3420101001,38,162,34,Palencia,34201,Vertavillo,3420101,34:34201:M,False
3420501001,38,48,34,Palencia,34205,Villaconancio,3420501,34:34205:M,False
3421001001,38,96,34,Palencia,34210,Villahán,3421001,34:34210:M,False
3421301001,38,67,34,Palencia,34213,Villalaco,3421301,34:34213:M,False
3422101001,38,177,34,Palencia,34221,Villamediana,3422101,34:34221:M,False
3423801001,38,358,34,Palencia,34238,Villaviudas,3423801,34:34238:M,False
3424101001,38,22,34,Palencia,34241,Villodre,3424101,34:34241:M,False
3424201001,38,100,34,Palencia,34242,Villodrigo,3424201,34:34242:M,False
3424301001,38,334,34,Palencia,34243,Villoldo,3424301,34:34243:M,False
3490101001,38,1178,34,Palencia,34901,Osorno la Mayor,3490101,34:34901:M,False
3727402008,39,1211,37,Salamanca,37274,Salamanca,3727402,37:37274:U1,True
3727402012,39,1209,37,Salamanca,37274,Salamanca,3727402,37:37274:U1,True
3727406001,39,1343,37,Salamanca,37274,Salamanca,3727406,37:37274:U1,True
3727406002,39,1252,37,Salamanca,37274,Salamanca,3727406,37:37274:U1,True
3727406003,39,1362,37,Salamanca,37274,Salamanca,3727406,37:37274:U1,True
3727406004,39,707,37,Salamanca,37274,Salamanca,3727406,37:37274:U1,True
3727406005,39,1148,37,Salamanca,37274,Salamanca,3727406,37:37274:U1,True
3727406006,39,1112,37,Salamanca,37274,Salamanca,3727406,37:37274:U1,True
3727406007,39,1041,37,Salamanca,37274,Salamanca,3727406,37:37274:U1,True
3727406009,39,1046,37,Salamanca,37274,Salamanca,3727406,37:37274:U1,True
3727406010,39,1408,37,Salamanca,37274,Salamanca,3727406,37:37274:U1,True
3727406011,39,2042,37,Salamanca,37274,Salamanca,3727406,37:37274:U1,True
3727406012,39,1167,37,Salamanca,37274,Salamanca,3727406,37:37274:U1,True
3727406013,39,1594,37,Salamanca,37274,Salamanca,3727406,37:37274:U1,True
3727406014,39,1416,37,Salamanca,37274,Salamanca,3727406,37:37274:U1,True
3727406015,39,881,37,Salamanca,37274,Salamanca,3727406,37:37274:U1,True
3727406016,39,1019,37,Salamanca,37274,Salamanca,3727406,37:37274:U1,True
3727406017,39,1696,37,Salamanca,37274,Salamanca,3727406,37:37274:U1,True
3727406019,39,1305,37,Salamanca,37274,Salamanca,3727406,37:37274:U1,True
3727406020,39,2000,37,Salamanca,37274,Salamanca,3727406,37:37274:U1,True
3727406021,39,1798,37,Salamanca,37274,Salamanca,3727406,37:37274:U1,True
3727406023,39,1371,37,Salamanca,37274,Salamanca,3727406,37:37274:U1,True
3727401001,40,917,37,Salamanca,37274,Salamanca,3727401,37:37274:U2,True
3727401002,40,1102,37,Salamanca,37274,Salamanca,3727401,37:37274:U2,True
3727401005,40,1098,37,Salamanca,37274,Salamanca,3727401,37:37274:U2,True
3727401007,40,993,37,Salamanca,37274,Salamanca,3727401,37:37274:U2,True
3727401009,40,956,37,Salamanca,37274,Salamanca,3727401,37:37274:U2,True
3727401010,40,916,37,Salamanca,37274,Salamanca,3727401,37:37274:U2,True
3727402001,40,1363,37,Salamanca,37274,Salamanca,3727402,37:37274:U2,True
3727402002,40,1438,37,Salamanca,37274,Salamanca,3727402,37:37274:U2,True
3727402003,40,1283,37,Salamanca,37274,Salamanca,3727402,37:37274:U2,True
3727402004,40,1352,37,Salamanca,37274,Salamanca,3727402,37:37274:U2,True
3727402005,40,1484,37,Salamanca,37274,Salamanca,3727402,37:37274:U2,True
3727402006,40,1157,37,Salamanca,37274,Salamanca,3727402,37:37274:U2,True
3727402007,40,1252,37,Salamanca,37274,Salamanca,3727402,37:37274:U2,True
3727402009,40,885,37,Salamanca,37274,Salamanca,3727402,37:37274:U2,True
3727402010,40,1393,37,Salamanca,37274,Salamanca,3727402,37:37274:U2,True
3727402011,40,800,37,Salamanca,37274,Salamanca,3727402,37:37274:U2,True
3727402013,40,905,37,Salamanca,37274,Salamanca,3727402,37:37274:U2,True
3727402014,40,828,37,Salamanca,37274,Salamanca,3727402,37:37274:U2,True
3727402015,40,853,37,Salamanca,37274,Salamanca,3727402,37:37274:U2,True
3727402016,40,802,37,Salamanca,37274,Salamanca,3727402,37:37274:U2,True
3727402017,40,665,37,Salamanca,37274,Salamanca,3727402,37:37274:U2,True
3727402018,40,1774,37,Salamanca,37274,Salamanca,3727402,37:37274:U2,True
3727402019,40,806,37,Salamanca,37274,Salamanca,3727402,37:37274:U2,True
3727402020,40,1345,37,Salamanca,37274,Salamanca,3727402,37:37274:U2,True
3727403004,40,1063,37,Salamanca,37274,Salamanca,3727403,37:37274:U2,True
3727404006,40,1079,37,Salamanca,37274,Salamanca,3727404,37:37274:U2,True
3727404017,40,1126,37,Salamanca,37274,Salamanca,3727404,37:37274:U2,True
3727401003,41,811,37,Salamanca,37274,Salamanca,3727401,37:37274:U3,True
3727401004,41,845,37,Salamanca,37274,Salamanca,3727401,37:37274:U3,True
3727401008,41,676,37,Salamanca,37274,Salamanca,3727401,37:37274:U3,True
3727404001,41,821,37,Salamanca,37274,Salamanca,3727404,37:37274:U3,True
3727404003,41,813,37,Salamanca,37274,Salamanca,3727404,37:37274:U3,True
3727404004,41,1303,37,Salamanca,37274,Salamanca,3727404,37:37274:U3,True
3727404005,41,1324,37,Salamanca,37274,Salamanca,3727404,37:37274:U3,True
3727404018,41,783,37,Salamanca,37274,Salamanca,3727404,37:37274:U3,True
3727404020,41,785,37,Salamanca,37274,Salamanca,3727404,37:37274:U3,True
3727405002,41,1010,37,Salamanca,37274,Salamanca,3727405,37:37274:U3,True
3727405003,41,837,37,Salamanca,37274,Salamanca,3727405,37:37274:U3,True
3727405004,41,932,37,Salamanca,37274,Salamanca,3727405,37:37274:U3,True
3727405009,41,1456,37,Salamanca,37274,Salamanca,3727405,37:37274:U3,True
3727405010,41,1075,37,Salamanca,37274,Salamanca,3727405,37:37274:U3,True
3727405011,41,1748,37,Salamanca,37274,Salamanca,3727405,37:37274:U3,True
3727405012,41,1482,37,Salamanca,37274,Salamanca,3727405,37:37274:U3,True
3727405013,41,1241,37,Salamanca,37274,Salamanca,3727405,37:37274:U3,True
3727405014,41,2170,37,Salamanca,37274,Salamanca,3727405,37:37274:U3,True
3727405015,41,1004,37,Salamanca,37274,Salamanca,3727405,37:37274:U3,True
3727405017,41,1226,37,Salamanca,37274,Salamanca,3727405,37:37274:U3,True
3727405018,41,878,37,Salamanca,37274,Salamanca,3727405,37:37274:U3,True
3727405019,41,1075,37,Salamanca,37274,Salamanca,3727405,37:37274:U3,True
3727405022,41,778,37,Salamanca,37274,Salamanca,3727405,37:37274:U3,True
3727405025,41,1176,37,Salamanca,37274,Salamanca,3727405,37:37274:U3,True
3727405026,41,911,37,Salamanca,37274,Salamanca,3727405,37:37274:U3,True
3727406008,41,1201,37,Salamanca,37274,Salamanca,3727406,37:37274:U3,True
3727406022,41,723,37,Salamanca,37274,Salamanca,3727406,37:37274:U3,True
3727401011,42,1487,37,Salamanca,37274,Salamanca,3727401,37:37274:U4,True
3727404002,42,1120,37,Salamanca,37274,Salamanca,3727404,37:37274:U4,True
3727404008,42,1114,37,Salamanca,37274,Salamanca,3727404,37:37274:U4,True
3727404009,42,1481,37,Salamanca,37274,Salamanca,3727404,37:37274:U4,True
3727404010,42,2110,37,Salamanca,37274,Salamanca,3727404,37:37274:U4,True
3727404011,42,1175,37,Salamanca,37274,Salamanca,3727404,37:37274:U4,True
3727404012,42,1753,37,Salamanca,37274,Salamanca,3727404,37:37274:U4,True
3727404013,42,1366,37,Salamanca,37274,Salamanca,3727404,37:37274:U4,True
3727404014,42,985,37,Salamanca,37274,Salamanca,3727404,37:37274:U4,True
3727404016,42,1313,37,Salamanca,37274,Salamanca,3727404,37:37274:U4,True
3727404019,42,2251,37,Salamanca,37274,Salamanca,3727404,37:37274:U4,True
3727404021,42,1386,37,Salamanca,37274,Salamanca,3727404,37:37274:U4,True
3727404022,42,1561,37,Salamanca,37274,Salamanca,3727404,37:37274:U4,True
3727404023,42,1006,37,Salamanca,37274,Salamanca,3727404,37:37274:U4,True
3727404025,42,1765,37,Salamanca,37274,Salamanca,3727404,37:37274:U4,True
3727405001,42,1330,37,Salamanca,37274,Salamanca,3727405,37:37274:U4,True
3727405005,42,1535,37,Salamanca,37274,Salamanca,3727405,37:37274:U4,True
3727405006,42,1258,37,Salamanca,37274,Salamanca,3727405,37:37274:U4,True
3727405007,42,1092,37,Salamanca,37274,Salamanca,3727405,37:37274:U4,True
3727405008,42,1469,37,Salamanca,37274,Salamanca,3727405,37:37274:U4,True
3700301001,43,93,37,Salamanca,37003,Ahigal de los Aceiteros,3700301,37:37003:M,False
3700901001,43,204,37,Salamanca,37009,Alba de Yeltes,3700901,37:37009:M,False
3701401001,43,1096,37,Salamanca,37014,Aldeadávila de la Ribera,3701401,37:37014:M,False
3702601001,43,175,37,Salamanca,37026,Aldehuela de Yeltes,3702601,37:37026:M,False
3704201001,43,45,37,Salamanca,37042,Barceo,3704201,37:37042:M,False
3704401001,43,410,37,Salamanca,37044,Barruecopardo,3704401,37:37044:M,False
3704901001,43,131,37,Salamanca,37049,Bermellar,3704901,37:37049:M,False
3705201001,43,259,37,Salamanca,37052,Boada,3705201,37:37052:M,False
3705401001,43,247,37,Salamanca,37054,"Bodón, El",3705401,37:37054:M,False
3705501001,43,122,37,Salamanca,37055,Bogajo,3705501,37:37055:M,False
3705601001,43,49,37,Salamanca,37056,"Bouza, La",3705601,37:37056:M,False
3705801001,43,56,37,Salamanca,37058,Brincones,3705801,37:37058:M,False
3706501001,43,222,37,Salamanca,37065,Cabeza del Caballo,3706501,37:37065:M,False
3706801001,43,316,37,Salamanca,37068,Cabrillas,3706801,37:37068:M,False
3708801001,43,188,37,Salamanca,37088,Carrascal del Obispo,3708801,37:37088:M,False
3709101001,43,169,37,Salamanca,37091,Casillas de Flores,3709101,37:37091:M,False
3709601001,43,197,37,Salamanca,37096,Castillejo de Martín Viejo,3709601,37:37096:M,False
3709701001,43,33,37,Salamanca,37097,Castraz,3709701,37:37097:M,False
3710001001,43,64,37,Salamanca,37100,Cerezal de Peñahorcada,3710001,37:37100:M,False
3710101001,43,108,37,Salamanca,37101,Cerralbo,3710101,37:37101:M,False
3710601001,43,233,37,Salamanca,37106,Cipérez,3710601,37:37106:M,False
3710701001,43,575,37,Salamanca,37107,Ciudad Rodrigo,3710701,37:37107:M,False
3710701002,43,550,37,Salamanca,37107,Ciudad Rodrigo,3710701,37:37107:M,False
3710702001,43,1219,37,Salamanca,37107,Ciudad Rodrigo,3710702,37:37107:M,False
3710702002,43,985,37,Salamanca,37107,Ciudad Rodrigo,3710702,37:37107:M,False
3710702003,43,1246,37,Salamanca,37107,Ciudad Rodrigo,3710702,37:37107:M,False
3710702004,43,1596,37,Salamanca,37107,Ciudad Rodrigo,3710702,37:37107:M,False
3710702005,43,1193,37,Salamanca,37107,Ciudad Rodrigo,3710702,37:37107:M,False
3710702006,43,1094,37,Salamanca,37107,Ciudad Rodrigo,3710702,37:37107:M,False
3710702007,43,1226,37,Salamanca,37107,Ciudad Rodrigo,3710702,37:37107:M,False
3710702008,43,964,37,Salamanca,37107,Ciudad Rodrigo,3710702,37:37107:M,False
3710703001,43,1085,37,Salamanca,37107,Ciudad Rodrigo,3710703,37:37107:M,False
3711301001,43,373,37,Salamanca,37113,"Cubo de Don Sancho, El",3711301,37:37113:M,False
3711501001,43,116,37,Salamanca,37115,Dios le Guarde,3711501,37:37115:M,False
3712301001,43,146,37,Salamanca,37123,Encinasola de los Comendadores,3712301,37:37123:M,False
3713201001,43,296,37,Salamanca,37132,"Fregeneda, La",3713201,37:37132:M,False
3713601001,43,635,37,Salamanca,37136,Fuenteguinaldo,3713601,37:37136:M,False
3713701001,43,86,37,Salamanca,37137,Fuenteliante,3713701,37:37137:M,False
3714501001,43,260,37,Salamanca,37145,Gallegos de Argañán,3714501,37:37145:M,False
3715401001,43,120,37,Salamanca,37154,Guadramiro,3715401,37:37154:M,False
3716001001,43,561,37,Salamanca,37160,Hinojosa de Duero,3716001,37:37160:M,False
3717301001,43,868,37,Salamanca,37173,Lumbrales,3717301,37:37173:M,False
3717302001,43,637,37,Salamanca,37173,Lumbrales,3717302,37:37173:M,False
3717701001,43,281,37,Salamanca,37177,"Maíllo, El",3717701,37:37177:M,False
3718401001,43,240,37,Salamanca,37184,Masueco,3718401,37:37184:M,False
3719001001,43,170,37,Salamanca,37190,Mieza,3719001,37:37190:M,False
3719101001,43,88,37,Salamanca,37191,"Milano, El",3719101,37:37191:M,False
3720401001,43,233,37,Salamanca,37204,Morasverdes,3720401,37:37204:M,False
3720801001,43,74,37,Salamanca,37208,Moronta,3720801,37:37208:M,False
3721101001,43,187,37,Salamanca,37211,Narros de Matalayegua,3721101,37:37211:M,False
3722301001,43,87,37,Salamanca,37223,Olmedo de Camaces,3722301,37:37223:M,False
3724301001,43,69,37,Salamanca,37243,"Peña, La",3724301,37:37243:M,False
3725001001,43,300,37,Salamanca,37250,Pereña de la Ribera,3725001,37:37250:M,False
3725701001,43,48,37,Salamanca,37257,Pozos de Hinojo,3725701,37:37257:M,False
3726401001,43,52,37,Salamanca,37264,Puerto Seguro,3726401,37:37264:M,False
3726601001,43,61,37,Salamanca,37266,"Redonda, La",3726601,37:37266:M,False
3726701001,43,172,37,Salamanca,37267,Retortillo,3726701,37:37267:M,False
3727201001,43,174,37,Salamanca,37272,Saelices el Chico,3727201,37:37272:M,False
3727501001,43,96,37,Salamanca,37275,Saldeana,3727501,37:37275:M,False
3728001001,43,66,37,Salamanca,37280,Sanchón de la Ribera,3728001,37:37280:M,False
3728901001,43,198,37,Salamanca,37289,San Muñoz,3728901,37:37289:M,False
3730201001,43,242,37,Salamanca,37302,Saucelle,3730201,37:37302:M,False
3730401001,43,154,37,Salamanca,37304,Sepulcro-Hilario,3730401,37:37304:M,False
3731101001,43,171,37,Salamanca,37311,Sobradillo,3731101,37:37311:M,False
3731601001,43,784,37,Salamanca,37316,Tamames,3731601,37:37316:M,False
3732101001,43,125,37,Salamanca,37321,Tenebrón,3732101,37:37321:M,False
3733701001,43,126,37,Salamanca,37337,Valderrodrigo,3733701,37:37337:M,False
3734001001,43,120,37,Salamanca,37340,Valsalabroso,3734001,37:37340:M,False
3734401001,43,231,37,Salamanca,37344,Vecinos,3734401,37:37344:M,False
3734601001,43,273,37,Salamanca,37346,"Veguillas, Las",3734601,37:37346:M,False
3734901001,43,95,37,Salamanca,37349,"Vídola, La",3734901,37:37349:M,False
3735001001,43,374,37,Salamanca,37350,Vilvestre,3735001,37:37350:M,False
3735601001,43,94,37,Salamanca,37356,Villar de Argañán,3735601,37:37356:M,False
3735901001,43,152,37,Salamanca,37359,Villar de la Yegua,3735901,37:37359:M,False
3736001001,43,213,37,Salamanca,37360,Villar de Peralonso,3736001,37:37360:M,False
3736101001,43,79,37,Salamanca,37361,Villar de Samaniego,3736101,37:37361:M,False
3736301001,43,102,37,Salamanca,37363,Villares de Yeltes,3736301,37:37363:M,False
3736401001,43,727,37,Salamanca,37364,Villarino de los Aires,3736401,37:37364:M,False
3736701001,43,158,37,Salamanca,37367,Villasbuenas,3736701,37:37367:M,False
3737301001,43,676,37,Salamanca,37373,Villavieja de Yeltes,3737301,37:37373:M,False
3737601001,43,1206,37,Salamanca,37376,Vitigudino,3737601,37:37376:M,False
3737601002,43,1136,37,Salamanca,37376,Vitigudino,3737601,37:37376:M,False
3737701001,43,223,37,Salamanca,37377,Yecla de Yeltes,3737701,37:37377:M,False
3738101001,43,136,37,Salamanca,37381,"Zarza de Pumareda, La",3738101,37:37381:M,False
3701301001,44,89,37,Salamanca,37013,Aldeacipreste,3701301,37:37013:M,False
3702401001,44,100,37,Salamanca,37024,Aldeavieja de Tormes,3702401,37:37024:M,False
3703501001,44,159,37,Salamanca,37035,Armenteros,3703501,37:37035:M,False
3703601001,44,52,37,Salamanca,37036,San Miguel del Robledo,3703601,37:37036:M,False
3704601001,44,1488,37,Salamanca,37046,Béjar,3704601,37:37046:M,False
3704601003,44,719,37,Salamanca,37046,Béjar,3704601,37:37046:M,False
3704602001,44,899,37,Salamanca,37046,Béjar,3704602,37:37046:M,False
3704602002,44,1032,37,Salamanca,37046,Béjar,3704602,37:37046:M,False
3704603001,44,976,37,Salamanca,37046,Béjar,3704603,37:37046:M,False
3704603002,44,1204,37,Salamanca,37046,Béjar,3704603,37:37046:M,False
3704603003,44,1234,37,Salamanca,37046,Béjar,3704603,37:37046:M,False
3704604001,44,699,37,Salamanca,37046,Béjar,3704604,37:37046:M,False
3704604002,44,998,37,Salamanca,37046,Béjar,3704604,37:37046:M,False
3704604003,44,668,37,Salamanca,37046,Béjar,3704604,37:37046:M,False
3704604004,44,1094,37,Salamanca,37046,Béjar,3704604,37:37046:M,False
3704604005,44,979,37,Salamanca,37046,Béjar,3704604,37:37046:M,False
3706301001,44,55,37,Salamanca,37063,"Cabeza de Béjar, La",3706301,37:37063:M,False
3707101001,44,80,37,Salamanca,37071,"Calzada de Béjar, La",3707101,37:37071:M,False
3707801001,44,832,37,Salamanca,37078,Candelario,3707801,37:37078:M,False
3708001001,44,282,37,Salamanca,37080,Cantagallo,3708001,37:37080:M,False
3710201001,44,364,37,Salamanca,37102,"Cerro, El",3710201,37:37102:M,False
3710301001,44,476,37,Salamanca,37103,Cespedosa de Tormes,3710301,37:37103:M,False
3710901001,44,178,37,Salamanca,37109,Colmenar de Montemayor,3710901,37:37109:M,False
3711201001,44,158,37,Salamanca,37112,Cristóbal,3711201,37:37112:M,False
3712401001,44,201,37,Salamanca,37124,Endrinal,3712401,37:37124:M,False
3713301001,44,94,37,Salamanca,37133,Fresnedoso,3713301,37:37133:M,False
3713401001,44,193,37,Salamanca,37134,Fresno Alhándiga,3713401,37:37134:M,False
3713801001,44,257,37,Salamanca,37138,Fuenterroble de Salvatierra,3713801,37:37138:M,False
3713901001,44,238,37,Salamanca,37139,Fuentes de Béjar,3713901,37:37139:M,False
3714601001,44,109,37,Salamanca,37146,Gallegos de Solmirón,3714601,37:37146:M,False
3714701001,44,186,37,Salamanca,37147,Garcibuey,3714701,37:37147:M,False
3715501001,44,82,37,Salamanca,37155,Guijo de Ávila,3715501,37:37155:M,False
3715601001,44,1990,37,Salamanca,37156,Guijuelo,3715601,37:37156:M,False
3715601002,44,2033,37,Salamanca,37156,Guijuelo,3715601,37:37156:M,False
3715601003,44,1460,37,Salamanca,37156,Guijuelo,3715601,37:37156:M,False
3715801001,44,222,37,Salamanca,37158,Herguijuela de la Sierra,3715801,37:37158:M,False
3716101001,44,107,37,Salamanca,37161,Horcajo de Montemayor,3716101,37:37161:M,False
3716201001,44,198,37,Salamanca,37162,Horcajo Medianero,3716201,37:37162:M,False
3716301001,44,32,37,Salamanca,37163,"Hoya, La",3716301,37:37163:M,False
3716801001,44,417,37,Salamanca,37168,Lagunilla,3716801,37:37168:M,False
3717101001,44,477,37,Salamanca,37171,Ledrada,3717101,37:37171:M,False
3717201001,44,926,37,Salamanca,37172,Linares de Riofrío,3717201,37:37172:M,False
3718801001,44,163,37,Salamanca,37188,"Maya, La",3718801,37:37188:M,False
3719301001,44,361,37,Salamanca,37193,Miranda del Castañar,3719301,37:37193:M,False
3719501001,44,43,37,Salamanca,37195,Molinillo,3719501,37:37195:M,False
3720001001,44,188,37,Salamanca,37200,Montejo,3720001,37:37200:M,False
3720101001,44,245,37,Salamanca,37201,Montemayor del Río,3720101,37:37201:M,False
3721201001,44,140,37,Salamanca,37212,Navacarros,3721201,37:37212:M,False
3721301001,44,73,37,Salamanca,37213,Nava de Béjar,3721301,37:37213:M,False
3721701001,44,63,37,Salamanca,37217,Navalmoral de Béjar,3721701,37:37217:M,False
3721801001,44,45,37,Salamanca,37218,Navamorales,3721801,37:37218:M,False
3724201001,44,72,37,Salamanca,37242,Pelayos,3724201,37:37242:M,False
3724401001,44,149,37,Salamanca,37244,Peñacaballera,3724401,37:37244:M,False
3725101001,44,121,37,Salamanca,37251,Peromingo,3725101,37:37251:M,False
3725201001,44,88,37,Salamanca,37252,Pinedas,3725201,37:37252:M,False
3725901001,44,32,37,Salamanca,37259,Puebla de San Medel,3725901,37:37259:M,False
3726101001,44,235,37,Salamanca,37261,Puente del Congosto,3726101,37:37261:M,False
3726301001,44,343,37,Salamanca,37263,Puerto de Béjar,3726301,37:37263:M,False
3727701001,44,66,37,Salamanca,37277,Salvatierra de Tormes,3727701,37:37277:M,False
3728201001,44,211,37,Salamanca,37282,Sanchotello,3728201,37:37282:M,False
3728401001,44,344,37,Salamanca,37284,San Esteban de la Sierra,3728401,37:37284:M,False
3728701001,44,311,37,Salamanca,37287,San Miguel de Valero,3728701,37:37287:M,False
3729701001,44,447,37,Salamanca,37297,Santibáñez de Béjar,3729701,37:37297:M,False
3729801001,44,143,37,Salamanca,37298,Santibáñez de la Sierra,3729801,37:37298:M,False
3730001001,44,570,37,Salamanca,37300,"Santos, Los",3730001,37:37300:M,False
3731201001,44,256,37,Salamanca,37312,Sorihuela,3731201,37:37312:M,False
3731301001,44,501,37,Salamanca,37313,Sotoserrano,3731301,37:37313:M,False
3731501001,44,77,37,Salamanca,37315,"Tala, La",3731501,37:37315:M,False
3731901001,44,83,37,Salamanca,37319,"Tejado, El",3731901,37:37319:M,False
3733101001,44,183,37,Salamanca,37331,Valdefuentes de Sangusín,3733101,37:37331:M,False
3733201001,44,84,37,Salamanca,37332,Valdehijaderos,3733201,37:37332:M,False
3733301001,44,186,37,Salamanca,37333,Valdelacasa,3733301,37:37333:M,False
3733401001,44,66,37,Salamanca,37334,Valdelageve,3733401,37:37334:M,False
3733901001,44,273,37,Salamanca,37339,Valero,3733901,37:37339:M,False
3734101001,44,57,37,Salamanca,37341,Valverde de Valdelacasa,3734101,37:37341:M,False
3734301001,44,67,37,Salamanca,37343,Vallejera de Riofrío,3734301,37:37343:M,False
3735501001,44,174,37,Salamanca,37355,Villanueva del Conde,3735501,37:37355:M,False
3701601001,45,730,37,Salamanca,37016,Aldealengua,3701601,37:37016:M,False
3701701001,45,237,37,Salamanca,37017,Aldeanueva de Figueroa,3701701,37:37017:M,False
3703301001,45,89,37,Salamanca,37033,Arcediano,3703301,37:37033:M,False
3706701001,45,2099,37,Salamanca,37067,Cabrerizos,3706701,37:37067:M,False
3706701002,45,2121,37,Salamanca,37067,Cabrerizos,3706701,37:37067:M,False
3707301001,45,723,37,Salamanca,37073,Calzada de Valdunciel,3707301,37:37073:M,False
3709201001,45,744,37,Salamanca,37092,Castellanos de Moriscos,3709201,37:37092:M,False
3709201002,45,2404,37,Salamanca,37092,Castellanos de Moriscos,3709201,37:37092:M,False
3713001001,45,207,37,Salamanca,37130,Forfoleda,3713001,37:37130:M,False
3718501001,45,727,37,Salamanca,37185,Castellanos de Villiquera,3718501,37:37185:M,False
3720201001,45,1325,37,Salamanca,37202,Monterrubio de Armuña,3720201,37:37202:M,False
3720701001,45,580,37,Salamanca,37207,Moriscos,3720701,37:37207:M,False
3722201001,45,78,37,Salamanca,37222,Negrilla de Palencia,3722201,37:37222:M,False
3722501001,45,111,37,Salamanca,37225,Pajares de la Laguna,3722501,37:37225:M,False
3722901001,45,141,37,Salamanca,37229,Palencia de Negrilla,3722901,37:37229:M,False
3723801001,45,147,37,Salamanca,37238,Pedrosillo el Ralo,3723801,37:37238:M,False
3727801001,45,1176,37,Salamanca,37278,San Cristóbal de la Cuesta,3727801,37:37278:M,False
3729401001,45,1633,37,Salamanca,37294,Santa Marta de Tormes,3729401,37:37294:M,False
3729401002,45,1393,37,Salamanca,37294,Santa Marta de Tormes,3729401,37:37294:M,False
3729401003,45,1918,37,Salamanca,37294,Santa Marta de Tormes,3729401,37:37294:M,False
3729401004,45,1366,37,Salamanca,37294,Santa Marta de Tormes,3729401,37:37294:M,False
3729401005,45,1116,37,Salamanca,37294,Santa Marta de Tormes,3729401,37:37294:M,False
3729401006,45,2149,37,Salamanca,37294,Santa Marta de Tormes,3729401,37:37294:M,False
3729401007,45,1094,37,Salamanca,37294,Santa Marta de Tormes,3729401,37:37294:M,False
3729401008,45,1586,37,Salamanca,37294,Santa Marta de Tormes,3729401,37:37294:M,False
3729401009,45,1033,37,Salamanca,37294,Santa Marta de Tormes,3729401,37:37294:M,False
3729401010,45,1661,37,Salamanca,37294,Santa Marta de Tormes,3729401,37:37294:M,False
3731801001,45,193,37,Salamanca,37318,Tardáguila,3731801,37:37318:M,False
3732301001,45,518,37,Salamanca,37323,Topas,3732301,37:37323:M,False
3733501001,45,387,37,Salamanca,37335,Valdelosa,3733501,37:37335:M,False
3733801001,45,124,37,Salamanca,37338,Valdunciel,3733801,37:37338:M,False
3734701001,45,567,37,Salamanca,37347,"Vellés, La",3734701,37:37347:M,False
3737201001,45,129,37,Salamanca,37372,Villaverde de Guareña,3737201,37:37372:M,False
3727401006,46,1484,37,Salamanca,37274,Salamanca,3727401,37:37274:R,False
3727403001,46,689,37,Salamanca,37274,Salamanca,3727403,37:37274:R,False
3727403002,46,1945,37,Salamanca,37274,Salamanca,3727403,37:37274:R,False
3727403003,46,813,37,Salamanca,37274,Salamanca,3727403,37:37274:R,False
3727403005,46,1500,37,Salamanca,37274,Salamanca,3727403,37:37274:R,False
3727403006,46,655,37,Salamanca,37274,Salamanca,3727403,37:37274:R,False
3727403007,46,1362,37,Salamanca,37274,Salamanca,3727403,37:37274:R,False
3727403008,46,878,37,Salamanca,37274,Salamanca,3727403,37:37274:R,False
3727403009,46,1949,37,Salamanca,37274,Salamanca,3727403,37:37274:R,False
3727403010,46,1254,37,Salamanca,37274,Salamanca,3727403,37:37274:R,False
3727403011,46,1191,37,Salamanca,37274,Salamanca,3727403,37:37274:R,False
3727403012,46,810,37,Salamanca,37274,Salamanca,3727403,37:37274:R,False
3727403013,46,1545,37,Salamanca,37274,Salamanca,3727403,37:37274:R,False
3727403014,46,1421,37,Salamanca,37274,Salamanca,3727403,37:37274:R,False
3727403015,46,972,37,Salamanca,37274,Salamanca,3727403,37:37274:R,False
3727403016,46,882,37,Salamanca,37274,Salamanca,3727403,37:37274:R,False
3727403017,46,2191,37,Salamanca,37274,Salamanca,3727403,37:37274:R,False
3727403018,46,2400,37,Salamanca,37274,Salamanca,3727403,37:37274:R,False
3727403019,46,1090,37,Salamanca,37274,Salamanca,3727403,37:37274:R,False
3727403020,46,1549,37,Salamanca,37274,Salamanca,3727403,37:37274:R,False
3727404024,46,2599,37,Salamanca,37274,Salamanca,3727404,37:37274:R,False
3700201001,47,123,37,Salamanca,37002,Agallas,3700201,37:37002:M,False
3700501001,47,67,37,Salamanca,37005,"Alameda de Gardón, La",3700501,37:37005:M,False
3700601001,47,94,37,Salamanca,37006,"Alamedilla, La",3700601,37:37006:M,False
3701001001,47,1035,37,Salamanca,37010,"Alberca, La",3701001,37:37010:M,False
3701101001,47,94,37,Salamanca,37011,"Alberguería de Argañán, La",3701101,37:37011:M,False
3701501001,47,247,37,Salamanca,37015,Aldea del Obispo,3701501,37:37015:M,False
3702301001,47,2666,37,Salamanca,37023,Aldeatejada,3702301,37:37023:M,False
3702501001,47,259,37,Salamanca,37025,Aldehuela de la Bóveda,3702501,37:37025:M,False
3702701001,47,300,37,Salamanca,37027,Almenara de Tormes,3702701,37:37027:M,False
3703701001,47,102,37,Salamanca,37037,"Atalaya, La",3703701,37:37037:M,False
3703901001,47,277,37,Salamanca,37039,Bañobárez,3703901,37:37039:M,False
3707401001,47,145,37,Salamanca,37074,Campillo de Azaba,3707401,37:37074:M,False
3708601001,47,110,37,Salamanca,37086,Carpio de Azaba,3708601,37:37086:M,False
3708701001,47,1454,37,Salamanca,37087,Carrascal de Barregas,3708701,37:37087:M,False
3709801001,47,286,37,Salamanca,37098,Cepeda,3709801,37:37098:M,False
3711901001,47,94,37,Salamanca,37119,"Encina, La",3711901,37:37119:M,False
3712701001,47,212,37,Salamanca,37127,Espeja,3712701,37:37127:M,False
3713501001,47,1298,37,Salamanca,37135,"Fuente de San Esteban, La",3713501,37:37135:M,False
3714001001,47,995,37,Salamanca,37140,Fuentes de Oñoro,3714001,37:37140:M,False
3715701001,47,65,37,Salamanca,37157,Herguijuela de Ciudad Rodrigo,3715701,37:37157:M,False
3716601001,47,189,37,Salamanca,37166,Ituero de Azaba,3716601,37:37166:M,False
3717601001,47,128,37,Salamanca,37176,Madroñal,3717601,37:37176:M,False
3718101001,47,251,37,Salamanca,37181,Martiago,3718101,37:37181:M,False
3718301001,47,383,37,Salamanca,37183,Martín de Yeltes,3718301,37:37183:M,False
3718701001,47,607,37,Salamanca,37187,Matilla de los Caños del Río,3718701,37:37187:M,False
3719601001,47,50,37,Salamanca,37196,Monforte de la Sierra,3719601,37:37196:M,False
3719901001,47,129,37,Salamanca,37199,Monsagro,3719901,37:37199:M,False
3722101001,47,364,37,Salamanca,37221,Navasfrías,3722101,37:37221:M,False
3723301001,47,52,37,Salamanca,37233,Pastores,3723301,37:37233:M,False
3723401001,47,302,37,Salamanca,37234,"Payo, El",3723401,37:37234:M,False
3724501001,47,297,37,Salamanca,37245,Peñaparda,3724501,37:37245:M,False
3725301001,47,147,37,Salamanca,37253,"Pino de Tormes, El",3725301,37:37253:M,False
3725801001,47,145,37,Salamanca,37258,Puebla de Azaba,3725801,37:37258:M,False
3726901001,47,452,37,Salamanca,37269,Robleda,3726901,37:37269:M,False
3727901001,47,717,37,Salamanca,37279,Sancti-Spíritus,3727901,37:37279:M,False
3728501001,47,355,37,Salamanca,37285,San Felices de los Gallegos,3728501,37:37285:M,False
3730301001,47,178,37,Salamanca,37303,"Sahugo, El",3730301,37:37303:M,False
3730601001,47,239,37,Salamanca,37306,Serradilla del Arroyo,3730601,37:37306:M,False
3730701001,47,135,37,Salamanca,37307,Serradilla del Llano,3730701,37:37307:M,False
3734201001,47,266,37,Salamanca,37342,Valverdón,3734201,37:37342:M,False
3735401001,47,1671,37,Salamanca,37354,Villamayor,3735401,37:37354:M,False
3735401002,47,1165,37,Salamanca,37354,Villamayor,3735401,37:37354:M,False
3735401003,47,2062,37,Salamanca,37354,Villamayor,3735401,37:37354:M,False
3735401004,47,1097,37,Salamanca,37354,Villamayor,3735401,37:37354:M,False
3735401005,47,1745,37,Salamanca,37354,Villamayor,3735401,37:37354:M,False
3735701001,47,253,37,Salamanca,37357,Villar de Ciervo,3735701,37:37357:M,False
3736201001,47,1420,37,Salamanca,37362,Villares de la Reina,3736201,37:37362:M,False
3736201002,47,2101,37,Salamanca,37362,Villares de la Reina,3736201,37:37362:M,False
3736201003,47,1623,37,Salamanca,37362,Villares de la Reina,3736201,37:37362:M,False
3736201004,47,1640,37,Salamanca,37362,Villares de la Reina,3736201,37:37362:M,False
3737101001,47,231,37,Salamanca,37371,Villasrubias,3737101,37:37371:M,False
3737801001,47,70,37,Salamanca,37378,Zamarra,3737801,37:37378:M,False
3738001001,47,50,37,Salamanca,37380,Zarapicos,3738001,37:37380:M,False
3700701001,48,444,37,Salamanca,37007,Alaraz,3700701,37:37007:M,False
3701201001,48,130,37,Salamanca,37012,Alconada,3701201,37:37012:M,False
3702001001,48,519,37,Salamanca,37020,Aldearrubia,3702001,37:37020:M,False
3702201001,48,243,37,Salamanca,37022,Aldeaseca de la Frontera,3702201,37:37022:M,False
3702901001,48,191,37,Salamanca,37029,Anaya de Alba,3702901,37:37029:M,False
3703101001,48,318,37,Salamanca,37031,Arabayona de Mógica,3703101,37:37031:M,False
3703801001,48,933,37,Salamanca,37038,Babilafuente,3703801,37:37038:M,False
3704701001,48,262,37,Salamanca,37047,Beleña,3704701,37:37047:M,False
3705701001,48,187,37,Salamanca,37057,Bóveda del Río Almar,3705701,37:37057:M,False
3706201001,48,74,37,Salamanca,37062,Cabezabellosa de la Calzada,3706201,37:37062:M,False
3706901001,48,1242,37,Salamanca,37069,Calvarrasa de Abajo,3706901,37:37069:M,False
3707001001,48,603,37,Salamanca,37070,Calvarrasa de Arriba,3707001,37:37070:M,False
3707701001,48,241,37,Salamanca,37077,"Campo de Peñaranda, El",3707701,37:37077:M,False
3708101001,48,883,37,Salamanca,37081,Cantalapiedra,3708101,37:37081:M,False
3708201001,48,803,37,Salamanca,37082,Cantalpino,3708201,37:37082:M,False
3708301001,48,188,37,Salamanca,37083,Cantaracillo,3708301,37:37083:M,False
3710801001,48,96,37,Salamanca,37108,Coca de Alba,3710801,37:37108:M,False
3711001001,48,105,37,Salamanca,37110,Cordovilla,3711001,37:37110:M,False
3711401001,48,68,37,Salamanca,37114,Chagarcía Medianero,3711401,37:37114:M,False
3712101001,48,615,37,Salamanca,37121,Encinas de Abajo,3712101,37:37121:M,False
3712201001,48,223,37,Salamanca,37122,Encinas de Arriba,3712201,37:37122:M,False
3712801001,48,244,37,Salamanca,37128,Espino de la Orbada,3712801,37:37128:M,False
3714101001,48,135,37,Salamanca,37141,Gajates,3714101,37:37141:M,False
3714301001,48,401,37,Salamanca,37143,Galinduste,3714301,37:37143:M,False
3714401001,48,323,37,Salamanca,37144,Galisancho,3714401,37:37144:M,False
3714801001,48,412,37,Salamanca,37148,Garcihernández,3714801,37:37148:M,False
3715201001,48,413,37,Salamanca,37152,Gomecello,3715201,37:37152:M,False
3716401001,48,285,37,Salamanca,37164,Huerta,3716401,37:37164:M,False
3716901001,48,177,37,Salamanca,37169,Larrodrigo,3716901,37:37169:M,False
3717401001,48,1009,37,Salamanca,37174,Macotera,3717401,37:37174:M,False
3717501001,48,443,37,Salamanca,37175,Machacón,3717501,37:37175:M,False
3717801001,48,74,37,Salamanca,37178,Malpartida,3717801,37:37178:M,False
3717901001,48,192,37,Salamanca,37179,Mancera de Abajo,3717901,37:37179:M,False
3720601001,48,94,37,Salamanca,37206,Moríñigo,3720601,37:37206:M,False
3721501001,48,147,37,Salamanca,37215,Nava de Sotrobal,3721501,37:37215:M,False
3722401001,48,177,37,Salamanca,37224,"Orbada, La",3722401,37:37224:M,False
3722801001,48,283,37,Salamanca,37228,Palaciosrubios,3722801,37:37228:M,False
3723101001,48,237,37,Salamanca,37231,Parada de Rubiales,3723101,37:37231:M,False
3723201001,48,381,37,Salamanca,37232,Paradinas de San Juan,3723201,37:37232:M,False
3723501001,48,217,37,Salamanca,37235,Pedraza de Alba,3723501,37:37235:M,False
3723701001,48,315,37,Salamanca,37237,Pedrosillo de los Aires,3723701,37:37237:M,False
3723901001,48,202,37,Salamanca,37239,"Pedroso de la Armuña, El",3723901,37:37239:M,False
3724001001,48,1426,37,Salamanca,37240,Pelabravo,3724001,37:37240:M,False
3724601001,48,1584,37,Salamanca,37246,Peñaranda de Bracamonte,3724601,37:37246:M,False
3724601002,48,1875,37,Salamanca,37246,Peñaranda de Bracamonte,3724601,37:37246:M,False
3724602001,48,1659,37,Salamanca,37246,Peñaranda de Bracamonte,3724602,37:37246:M,False
3724602002,48,1046,37,Salamanca,37246,Peñaranda de Bracamonte,3724602,37:37246:M,False
3724701001,48,171,37,Salamanca,37247,Peñarandilla,3724701,37:37247:M,False
3725401001,48,173,37,Salamanca,37254,Pitiegua,3725401,37:37254:M,False
3725601001,48,196,37,Salamanca,37256,Poveda de las Cintas,3725601,37:37256:M,False
3726501001,48,196,37,Salamanca,37265,Rágama,3726501,37:37265:M,False
3727601001,48,106,37,Salamanca,37276,Salmoral,3727601,37:37276:M,False
3728801001,48,346,37,Salamanca,37288,San Morales,3728801,37:37288:M,False
3729601001,48,280,37,Salamanca,37296,Santiago de la Puebla,3729601,37:37296:M,False
3731001001,48,191,37,Salamanca,37310,Sieteiglesias de Tormes,3731001,37:37310:M,False
3731701001,48,261,37,Salamanca,37317,Tarazona de Guareña,3731701,37:37317:M,False
3732201001,48,670,37,Salamanca,37322,Terradillos,3732201,37:37322:M,False
3732201002,48,2647,37,Salamanca,37322,Terradillos,3732201,37:37322:M,False
3732401001,48,308,37,Salamanca,37324,Tordillos,3732401,37:37324:M,False
3734801001,48,97,37,Salamanca,37348,Ventosa del Río Almar,3734801,37:37348:M,False
3735101001,48,256,37,Salamanca,37351,Villaflores,3735101,37:37351:M,False
3735201001,48,213,37,Salamanca,37352,Villagonzalo de Tormes,3735201,37:37352:M,False
3735801001,48,193,37,Salamanca,37358,Villar de Gallimazo,3735801,37:37358:M,False
3737401001,48,1241,37,Salamanca,37374,Villoria,3737401,37:37374:M,False
3737501001,48,732,37,Salamanca,37375,Villoruela,3737501,37:37375:M,False
3738201001,48,139,37,Salamanca,37382,Zorita de la Frontera,3738201,37:37382:M,False
3700101001,49,148,37,Salamanca,37001,Abusejo,3700101,37:37001:M,False
3700401001,49,30,37,Salamanca,37004,Ahigal de Villarino,3700401,37:37004:M,False
3700801001,49,1507,37,Salamanca,37008,Alba de Tormes,3700801,37:37008:M,False
3700801002,49,1531,37,Salamanca,37008,Alba de Tormes,3700801,37:37008:M,False
3700801003,49,2062,37,Salamanca,37008,Alba de Tormes,3700801,37:37008:M,False
3701801001,49,88,37,Salamanca,37018,Aldeanueva de la Sierra,3701801,37:37018:M,False
3701901001,49,143,37,Salamanca,37019,Aldearrodrigo,3701901,37:37019:M,False
3702101001,49,65,37,Salamanca,37021,Aldeaseca de Alba,3702101,37:37021:M,False
3702801001,49,129,37,Salamanca,37028,Almendra,3702801,37:37028:M,False
3703001001,49,84,37,Salamanca,37030,Añover de Tormes,3703001,37:37030:M,False
3703201001,49,748,37,Salamanca,37032,Arapiles,3703201,37:37032:M,False
3703401001,49,85,37,Salamanca,37034,"Arco, El",3703401,37:37034:M,False
3704001001,49,395,37,Salamanca,37040,Barbadillo,3704001,37:37040:M,False
3704101001,49,70,37,Salamanca,37041,Barbalos,3704101,37:37041:M,False
3704501001,49,23,37,Salamanca,37045,"Bastida, La",3704501,37:37045:M,False
3705001001,49,75,37,Salamanca,37050,Berrocal de Huebra,3705001,37:37050:M,False
3705101001,49,74,37,Salamanca,37051,Berrocal de Salvatierra,3705101,37:37051:M,False
3705901001,49,109,37,Salamanca,37059,Buenamadre,3705901,37:37059:M,False
3706001001,49,369,37,Salamanca,37060,Buenavista,3706001,37:37060:M,False
3706101001,49,230,37,Salamanca,37061,"Cabaco, El",3706101,37:37061:M,False
3707201001,49,129,37,Salamanca,37072,Calzada de Don Diego,3707201,37:37072:M,False
3707901001,49,63,37,Salamanca,37079,Canillas de Abajo,3707901,37:37079:M,False
3708501001,49,1934,37,Salamanca,37085,Carbajosa de la Sagrada,3708501,37:37085:M,False
3708501002,49,2012,37,Salamanca,37085,Carbajosa de la Sagrada,3708501,37:37085:M,False
3708501003,49,1971,37,Salamanca,37085,Carbajosa de la Sagrada,3708501,37:37085:M,False
3708501004,49,1868,37,Salamanca,37085,Carbajosa de la Sagrada,3708501,37:37085:M,False
3708901001,49,69,37,Salamanca,37089,Casafranca,3708901,37:37089:M,False
3709001001,49,63,37,Salamanca,37090,"Casas del Conde, Las",3709001,37:37090:M,False
3709901001,49,55,37,Salamanca,37099,Cereceda de la Sierra,3709901,37:37099:M,False
3710401001,49,22,37,Salamanca,37104,Cilleros de la Bastida,3710401,37:37104:M,False
3711601001,49,63,37,Salamanca,37116,Doñinos de Ledesma,3711601,37:37116:M,False
3711701001,49,2280,37,Salamanca,37117,Doñinos de Salamanca,3711701,37:37117:M,False
3711801001,49,139,37,Salamanca,37118,Éjeme,3711801,37:37118:M,False
3712001001,49,110,37,Salamanca,37120,Encina de San Silvestre,3712001,37:37120:M,False
3712501001,49,234,37,Salamanca,37125,Escurial de la Sierra,3712501,37:37125:M,False
3712601001,49,32,37,Salamanca,37126,Espadaña,3712601,37:37126:M,False
3712901001,49,247,37,Salamanca,37129,Florida de Liébana,3712901,37:37129:M,False
3713101001,49,163,37,Salamanca,37131,Frades de la Sierra,3713101,37:37131:M,False
3714201001,49,721,37,Salamanca,37142,Galindo y Perahuy,3714201,37:37142:M,False
3714901001,49,52,37,Salamanca,37149,Garcirrey,3714901,37:37149:M,False
3715001001,49,30,37,Salamanca,37150,Gejuelo del Barro,3715001,37:37150:M,False
3715101001,49,140,37,Salamanca,37151,Golpejas,3715101,37:37151:M,False
3715901001,49,60,37,Salamanca,37159,Herguijuela del Campo,3715901,37:37159:M,False
3716501001,49,30,37,Salamanca,37165,Iruelos,3716501,37:37165:M,False
3716701001,49,179,37,Salamanca,37167,Juzbado,3716701,37:37167:M,False
3717001001,49,1486,37,Salamanca,37170,Ledesma,3717001,37:37170:M,False
3718001001,49,54,37,Salamanca,37180,"Manzano, El",3718001,37:37180:M,False
3718201001,49,91,37,Salamanca,37182,Martinamor,3718201,37:37182:M,False
3718601001,49,98,37,Salamanca,37186,"Mata de Ledesma, La",3718601,37:37186:M,False
3718901001,49,101,37,Salamanca,37189,Membribe de la Sierra,3718901,37:37189:M,False
3719201001,49,449,37,Salamanca,37192,Miranda de Azán,3719201,37:37192:M,False
3719401001,49,234,37,Salamanca,37194,Mogarraz,3719401,37:37194:M,False
3719701001,49,89,37,Salamanca,37197,Monleón,3719701,37:37197:M,False
3719801001,49,241,37,Salamanca,37198,Monleras,3719801,37:37198:M,False
3720301001,49,150,37,Salamanca,37203,Monterrubio de la Sierra,3720301,37:37203:M,False
3720501001,49,223,37,Salamanca,37205,Morille,3720501,37:37205:M,False
3720901001,49,517,37,Salamanca,37209,Mozárbez,3720901,37:37209:M,False
3721401001,49,115,37,Salamanca,37214,Nava de Francia,3721401,37:37214:M,False
3721601001,49,313,37,Salamanca,37216,Navales,3721601,37:37216:M,False
3721901001,49,153,37,Salamanca,37219,Navarredonda de la Rinconada,3721901,37:37219:M,False
3722601001,49,143,37,Salamanca,37226,Palacios del Arzobispo,3722601,37:37226:M,False
3723001001,49,264,37,Salamanca,37230,Parada de Arriba,3723001,37:37230:M,False
3723601001,49,123,37,Salamanca,37236,Pedrosillo de Alba,3723601,37:37236:M,False
3724101001,49,161,37,Salamanca,37241,Pelarrodríguez,3724101,37:37241:M,False
3724801001,49,168,37,Salamanca,37248,Peralejos de Abajo,3724801,37:37248:M,False
3724901001,49,38,37,Salamanca,37249,Peralejos de Arriba,3724901,37:37249:M,False
3725501001,49,67,37,Salamanca,37255,Pizarral,3725501,37:37255:M,False
3726001001,49,135,37,Salamanca,37260,Puebla de Yeltes,3726001,37:37260:M,False
3726201001,49,66,37,Salamanca,37262,Puertas,3726201,37:37262:M,False
3726801001,49,97,37,Salamanca,37268,"Rinconada de la Sierra, La",3726801,37:37268:M,False
3727001001,49,187,37,Salamanca,37270,Robliza de Cojos,3727001,37:37270:M,False
3727101001,49,316,37,Salamanca,37271,Rollán,3727101,37:37271:M,False
3727301001,49,80,37,Salamanca,37273,"Sagrada, La",3727301,37:37273:M,False
3728101001,49,41,37,Salamanca,37281,Sanchón de la Sagrada,3728101,37:37281:M,False
3728301001,49,110,37,Salamanca,37283,Sando,3728301,37:37283:M,False
3728601001,49,232,37,Salamanca,37286,San Martín del Castañar,3728601,37:37286:M,False
3729001001,49,144,37,Salamanca,37290,San Pedro del Valle,3729001,37:37290:M,False
3729101001,49,274,37,Salamanca,37291,San Pedro de Rozados,3729101,37:37291:M,False
3729201001,49,87,37,Salamanca,37292,San Pelayo de Guareña,3729201,37:37292:M,False
3729301001,49,91,37,Salamanca,37293,Santa María de Sando,3729301,37:37293:M,False
3729901001,49,225,37,Salamanca,37299,Santiz,3729901,37:37299:M,False
3730101001,49,99,37,Salamanca,37301,Sardón de los Frailes,3730101,37:37301:M,False
3730501001,49,216,37,Salamanca,37305,Sequeros,3730501,37:37305:M,False
3730901001,49,41,37,Salamanca,37309,"Sierpe, La",3730901,37:37309:M,False
3731401001,49,97,37,Salamanca,37314,Tabera de Abajo,3731401,37:37314:M,False
3732001001,49,97,37,Salamanca,37320,Tejeda y Segoyuela,3732001,37:37320:M,False
3732501001,49,88,37,Salamanca,37325,"Tornadizo, El",3732501,37:37325:M,False
3732701001,49,192,37,Salamanca,37327,Torresmenudas,3732701,37:37327:M,False
3732801001,49,159,37,Salamanca,37328,Trabanca,3732801,37:37328:M,False
3732901001,49,34,37,Salamanca,37329,Tremedal de Tormes,3732901,37:37329:M,False
3733001001,49,296,37,Salamanca,37330,Valdecarros,3733001,37:37330:M,False
3733601001,49,58,37,Salamanca,37336,Valdemierque,3733601,37:37336:M,False
3734501001,49,141,37,Salamanca,37345,Vega de Tirados,3734501,37:37345:M,False
3735301001,49,107,37,Salamanca,37353,Villalba de los Llanos,3735301,37:37353:M,False
3736501001,49,139,37,Salamanca,37365,Villarmayor,3736501,37:37365:M,False
3736601001,49,38,37,Salamanca,37366,Villarmuerto,3736601,37:37366:M,False
3736801001,49,22,37,Salamanca,37368,Villasdardo,3736801,37:37368:M,False
3736901001,49,140,37,Salamanca,37369,Villaseco de los Gamitos,3736901,37:37369:M,False
3737001001,49,297,37,Salamanca,37370,Villaseco de los Reyes,3737001,37:37370:M,False
3737901001,49,192,37,Salamanca,37379,Zamayón,3737901,37:37379:M,False
4019403001,50,914,40,Segovia,40194,Segovia,4019403,40:40194:U1,True
4019403002,50,924,40,Segovia,40194,Segovia,4019403,40:40194:U1,True
4019403003,50,1208,40,Segovia,40194,Segovia,4019403,40:40194:U1,True
4019403004,50,754,40,Segovia,40194,Segovia,4019403,40:40194:U1,True
4019403007,50,943,40,Segovia,40194,Segovia,4019403,40:40194:U1,True
4019404001,50,1552,40,Segovia,40194,Segovia,4019404,40:40194:U1,True
4019404002,50,1463,40,Segovia,40194,Segovia,4019404,40:40194:U1,True
4019404003,50,1008,40,Segovia,40194,Segovia,4019404,40:40194:U1,True
4019404004,50,988,40,Segovia,40194,Segovia,4019404,40:40194:U1,True
4019404005,50,836,40,Segovia,40194,Segovia,4019404,40:40194:U1,True
4019404006,50,1595,40,Segovia,40194,Segovia,4019404,40:40194:U1,True
4019404009,50,1877,40,Segovia,40194,Segovia,4019404,40:40194:U1,True
4019405001,50,970,40,Segovia,40194,Segovia,4019405,40:40194:U1,True
4019405002,50,1533,40,Segovia,40194,Segovia,4019405,40:40194:U1,True
4019405003,50,1720,40,Segovia,40194,Segovia,4019405,40:40194:U1,True
4019405004,50,1294,40,Segovia,40194,Segovia,4019405,40:40194:U1,True
4019405006,50,1167,40,Segovia,40194,Segovia,4019405,40:40194:U1,True
4019406001,50,1888,40,Segovia,40194,Segovia,4019406,40:40194:U1,True
4019406002,50,1023,40,Segovia,40194,Segovia,4019406,40:40194:U1,True
4019406003,50,1031,40,Segovia,40194,Segovia,4019406,40:40194:U1,True
4019406004,50,1131,40,Segovia,40194,Segovia,4019406,40:40194:U1,True
4019406005,50,1315,40,Segovia,40194,Segovia,4019406,40:40194:U1,True
4000101001,51,848,40,Segovia,40001,Abades,4000101,40:40001:M,False
4011101001,51,55,40,Segovia,40111,Lastras del Pozo,4011101,40:40111:M,False
4013101001,51,51,40,Segovia,40131,Monterrubio,4013101,40:40131:M,False
4018101001,51,1535,40,Segovia,40181,Real Sitio de San Ildefonso,4018101,40:40181:M,False
4018101002,51,1249,40,Segovia,40181,Real Sitio de San Ildefonso,4018101,40:40181:M,False
4018101003,51,1596,40,Segovia,40181,Real Sitio de San Ildefonso,4018101,40:40181:M,False
4018102001,51,826,40,Segovia,40181,Real Sitio de San Ildefonso,4018102,40:40181:M,False
4019401001,51,854,40,Segovia,40194,Segovia,4019401,40:40194:R,False
4019401002,51,1314,40,Segovia,40194,Segovia,4019401,40:40194:R,False
4019401003,51,1127,40,Segovia,40194,Segovia,4019401,40:40194:R,False
4019402001,51,1406,40,Segovia,40194,Segovia,4019402,40:40194:R,False
4019402002,51,762,40,Segovia,40194,Segovia,4019402,40:40194:R,False
4019403005,51,962,40,Segovia,40194,Segovia,4019403,40:40194:R,False
4019403006,51,1027,40,Segovia,40194,Segovia,4019403,40:40194:R,False
4019403008,51,969,40,Segovia,40194,Segovia,4019403,40:40194:R,False
4019403009,51,992,40,Segovia,40194,Segovia,4019403,40:40194:R,False
4019404007,51,1225,40,Segovia,40194,Segovia,4019404,40:40194:R,False
4019404008,51,1188,40,Segovia,40194,Segovia,4019404,40:40194:R,False
4019404010,51,2214,40,Segovia,40194,Segovia,4019404,40:40194:R,False
4019405005,51,1044,40,Segovia,40194,Segovia,4019405,40:40194:R,False
4019405007,51,1826,40,Segovia,40194,Segovia,4019405,40:40194:R,False
4019405008,51,1618,40,Segovia,40194,Segovia,4019405,40:40194:R,False
4019407001,51,1243,40,Segovia,40194,Segovia,4019407,40:40194:R,False
4019407002,51,1910,40,Segovia,40194,Segovia,4019407,40:40194:R,False
4019407003,51,1926,40,Segovia,40194,Segovia,4019407,40:40194:R,False
4019407004,51,1448,40,Segovia,40194,Segovia,4019407,40:40194:R,False
4021101001,51,63,40,Segovia,40211,Valdeprados,4021101,40:40211:M,False
4022301001,51,373,40,Segovia,40223,Vegas de Matute,4022301,40:40223:M,False
4090101001,51,609,40,Segovia,40901,Ortigosa del Monte,4090101,40:40901:M,False
4090301001,51,97,40,Segovia,40903,Marazoleja,4090301,40:40903:M,False
4090401001,51,435,40,Segovia,40904,Navas de Riofrío,4090401,40:40904:M,False
4000201001,52,39,40,Segovia,40002,Adrada de Pirón,4000201,40:40002:M,False
4000501001,52,23,40,Segovia,40005,Alconada de Maderuelo,4000501,40:40005:M,False
4000601001,52,15,40,Segovia,40006,Aldealcorvo,4000601,40:40006:M,False
4000701001,52,79,40,Segovia,40007,Aldealengua de Pedraza,4000701,40:40007:M,False
4000801001,52,52,40,Segovia,40008,Aldealengua de Santa María,4000801,40:40008:M,False
4000901001,52,44,40,Segovia,40009,Aldeanueva de la Serrezuela,4000901,40:40009:M,False
4001401001,52,64,40,Segovia,40014,Aldehorno,4001401,40:40014:M,False
4001601001,52,55,40,Segovia,40016,Aldeonte,4001601,40:40016:M,False
4001901001,52,31,40,Segovia,40019,Arahuetes,4001901,40:40019:M,False
4002001001,52,179,40,Segovia,40020,Arcones,4002001,40:40020:M,False
4002101001,52,18,40,Segovia,40021,Arevalillo de Cega,4002101,40:40021:M,False
4002401001,52,1100,40,Segovia,40024,Ayllón,4002401,40:40024:M,False
4002501001,52,142,40,Segovia,40025,Barbolla,4002501,40:40025:M,False
4002601001,52,137,40,Segovia,40026,Basardilla,4002601,40:40026:M,False
4002901001,52,34,40,Segovia,40029,Bercimuel,4002901,40:40029:M,False
4003101001,52,1343,40,Segovia,40031,Bernuy de Porreros,4003101,40:40031:M,False
4003201001,52,746,40,Segovia,40032,Boceguillas,4003201,40:40032:M,False
4003301001,52,97,40,Segovia,40033,Brieva,4003301,40:40033:M,False
4003401001,52,78,40,Segovia,40034,Caballar,4003401,40:40034:M,False
4003501001,52,203,40,Segovia,40035,Cabañas de Polendos,4003501,40:40035:M,False
4003901001,52,256,40,Segovia,40039,Campo de San Pedro,4003901,40:40039:M,False
4004401001,52,142,40,Segovia,40044,Carrascal del Río,4004401,40:40044:M,False
4004501001,52,156,40,Segovia,40045,Casla,4004501,40:40045:M,False
4004601001,52,122,40,Segovia,40046,Castillejo de Mesleón,4004601,40:40046:M,False
4004701001,52,41,40,Segovia,40047,Castro de Fuentidueña,4004701,40:40047:M,False
4004801001,52,27,40,Segovia,40048,Castrojimeno,4004801,40:40048:M,False
4004901001,52,31,40,Segovia,40049,Castroserna de Abajo,4004901,40:40049:M,False
4005101001,52,24,40,Segovia,40051,Castroserracín,4005101,40:40051:M,False
4005201001,52,80,40,Segovia,40052,Cedillo de la Torre,4005201,40:40052:M,False
4005301001,52,152,40,Segovia,40053,Cerezo de Abajo,4005301,40:40053:M,False
4005401001,52,119,40,Segovia,40054,Cerezo de Arriba,4005401,40:40054:M,False
4005501001,52,41,40,Segovia,40055,Cilleruelo de San Mamés,4005501,40:40055:M,False
4005901001,52,115,40,Segovia,40059,Collado Hermoso,4005901,40:40059:M,False
4006001001,52,73,40,Segovia,40060,Condado de Castilnovo,4006001,40:40060:M,False
4006101001,52,75,40,Segovia,40061,Corral de Ayllón,4006101,40:40061:M,False
4006201001,52,74,40,Segovia,40062,Cubillo,4006201,40:40062:M,False
4007001001,52,172,40,Segovia,40070,Duruelo,4007001,40:40070:M,False
4007101001,52,39,40,Segovia,40071,Encinas,4007101,40:40071:M,False
4007701001,52,1622,40,Segovia,40077,Espirdo,4007701,40:40077:M,False
4007901001,52,290,40,Segovia,40079,Fresno de Cantespino,4007901,40:40079:M,False
4008001001,52,80,40,Segovia,40080,Fresno de la Fuente,4008001,40:40080:M,False
4008801001,52,310,40,Segovia,40088,Fuenterrebollo,4008801,40:40088:M,False
4009101001,52,96,40,Segovia,40091,Fuentesoto,4009101,40:40091:M,False
4009301001,52,96,40,Segovia,40093,Gallegos,4009301,40:40093:M,False
4009701001,52,253,40,Segovia,40097,Grajera,4009701,40:40097:M,False
4009901001,52,49,40,Segovia,40099,Honrubia de la Cuesta,4009901,40:40099:M,False
4010901001,52,83,40,Segovia,40109,Languilla,4010901,40:40109:M,False
4011201001,52,2341,40,Segovia,40112,"Lastrilla, La",4011201,40:40112:M,False
4011201002,52,2429,40,Segovia,40112,"Lastrilla, La",4011201,40:40112:M,False
4011501001,52,101,40,Segovia,40115,Maderuelo,4011501,40:40115:M,False
4012301001,52,207,40,Segovia,40123,Matabuena,4012301,40:40123:M,False
4012501001,52,72,40,Segovia,40125,"Matilla, La",4012501,40:40125:M,False
4013001001,52,122,40,Segovia,40130,Montejo de la Vega de la Serrezuela,4013001,40:40130:M,False
4013201001,52,37,40,Segovia,40132,Moral de Hornuez,4013201,40:40132:M,False
4013601001,52,145,40,Segovia,40136,Muñoveros,4013601,40:40136:M,False
4013901001,52,283,40,Segovia,40139,Navafría,4013901,40:40139:M,False
4014001001,52,90,40,Segovia,40140,Navalilla,4014001,40:40140:M,False
4014201001,52,62,40,Segovia,40142,Navares de Ayuso,4014201,40:40142:M,False
4014301001,52,90,40,Segovia,40143,Navares de Enmedio,4014301,40:40143:M,False
4014401001,52,22,40,Segovia,40144,Navares de las Cuevas,4014401,40:40144:M,False
4015001001,52,61,40,Segovia,40150,Orejana,4015001,40:40150:M,False
4015401001,52,22,40,Segovia,40154,Pajarejos,4015401,40:40154:M,False
4015501001,52,1589,40,Segovia,40155,Palazuelos de Eresma,4015501,40:40155:M,False
4015501002,52,1519,40,Segovia,40155,Palazuelos de Eresma,4015501,40:40155:M,False
4015501003,52,1195,40,Segovia,40155,Palazuelos de Eresma,4015501,40:40155:M,False
4015501004,52,1811,40,Segovia,40155,Palazuelos de Eresma,4015501,40:40155:M,False
4015601001,52,334,40,Segovia,40156,Pedraza,4015601,40:40156:M,False
4015701001,52,45,40,Segovia,40157,Pelayos del Arroyo,4015701,40:40157:M,False
4016101001,52,57,40,Segovia,40161,Carabias,4016101,40:40161:M,False
4016201001,52,468,40,Segovia,40162,Prádena,4016201,40:40162:M,False
4016301001,52,56,40,Segovia,40163,Puebla de Pedraza,4016301,40:40163:M,False
4016501001,52,70,40,Segovia,40165,Rebollo,4016501,40:40165:M,False
4016801001,52,28,40,Segovia,40168,Riaguas de San Bartolomé,4016801,40:40168:M,False
4017001001,52,2131,40,Segovia,40170,Riaza,4017001,40:40170:M,False
4017101001,52,40,40,Segovia,40171,Ribota,4017101,40:40171:M,False
4017201001,52,29,40,Segovia,40172,Riofrío de Riaza,4017201,40:40172:M,False
4018301001,52,120,40,Segovia,40183,San Miguel de Bernuy,4018301,40:40183:M,False
4018401001,52,314,40,Segovia,40184,San Pedro de Gaíllos,4018401,40:40184:M,False
4018601001,52,45,40,Segovia,40186,Santa Marta del Cerro,4018601,40:40186:M,False
4018801001,52,81,40,Segovia,40188,Santiuste de Pedraza,4018801,40:40188:M,False
4019001001,52,51,40,Segovia,40190,Santo Domingo de Pirón,4019001,40:40190:M,False
4019101001,52,232,40,Segovia,40191,Santo Tomé del Puerto,4019101,40:40191:M,False
4019301001,52,242,40,Segovia,40193,Sebúlcor,4019301,40:40193:M,False
4019601001,52,39,40,Segovia,40196,Sequera de Fresno,4019601,40:40196:M,False
4019801001,52,30,40,Segovia,40198,Sotillo,4019801,40:40198:M,False
4019901001,52,130,40,Segovia,40199,Sotosalbos,4019901,40:40199:M,False
4020201001,52,53,40,Segovia,40202,Torreadrada,4020201,40:40202:M,False
4020301001,52,1497,40,Segovia,40203,Torrecaballeros,4020301,40:40203:M,False
4020601001,52,165,40,Segovia,40206,Torre Val de San Pedro,4020601,40:40206:M,False
4020701001,52,1127,40,Segovia,40207,Trescasas,4020701,40:40207:M,False
4021001001,52,105,40,Segovia,40210,Urueñas,4021001,40:40210:M,False
4021201001,52,28,40,Segovia,40212,Valdevacas de Montejo,4021201,40:40212:M,False
4021301001,52,84,40,Segovia,40213,Valdevacas y Guijar,4021301,40:40213:M,False
4021401001,52,208,40,Segovia,40214,Valseca,4021401,40:40214:M,False
4021501001,52,75,40,Segovia,40215,Valtiendas,4021501,40:40215:M,False
4021801001,52,79,40,Segovia,40218,Valle de Tabladillo,4021801,40:40218:M,False
4022001001,52,61,40,Segovia,40220,Valleruela de Pedraza,4022001,40:40220:M,False
4022101001,52,48,40,Segovia,40221,Valleruela de Sepúlveda,4022101,40:40221:M,False
4022201001,52,211,40,Segovia,40222,Veganzones,4022201,40:40222:M,False
4022401001,52,17,40,Segovia,40224,Ventosilla y Tejadilla,4022401,40:40224:M,False
4022901001,52,22,40,Segovia,40229,Villaverde de Montejo,4022901,40:40229:M,False
4090601001,52,1664,40,Segovia,40906,San Cristóbal de Segovia,4090601,40:40906:M,False
4090601002,52,1490,40,Segovia,40906,San Cristóbal de Segovia,4090601,40:40906:M,False
4000301001,53,114,40,Segovia,40003,Adrados,4000301,40:40003:M,False
4001001001,53,105,40,Segovia,40010,Aldeanueva del Codonal,4001001,40:40010:M,False
4001201001,53,274,40,Segovia,40012,Aldea Real,4001201,40:40012:M,False
4001301001,53,61,40,Segovia,40013,Aldeasoña,4001301,40:40013:M,False
4001501001,53,25,40,Segovia,40015,Aldehuela del Codonal,4001501,40:40015:M,False
4001701001,53,105,40,Segovia,40017,Anaya,4001701,40:40017:M,False
4001801001,53,68,40,Segovia,40018,Añe,4001801,40:40018:M,False
4002201001,53,252,40,Segovia,40022,Armuña,4002201,40:40022:M,False
4002801001,53,100,40,Segovia,40028,Bercial,4002801,40:40028:M,False
4004101001,53,1527,40,Segovia,40041,Cantimpalos,4004101,40:40041:M,False
4005701001,53,639,40,Segovia,40057,Coca,4005701,40:40057:M,False
4005701002,53,1071,40,Segovia,40057,Coca,4005701,40:40057:M,False
4005801001,53,294,40,Segovia,40058,Codorniz,4005801,40:40058:M,False
4006301001,53,812,40,Segovia,40063,Cuéllar,4006301,40:40063:M,False
4006301002,53,1585,40,Segovia,40063,Cuéllar,4006301,40:40063:M,False
4006301003,53,720,40,Segovia,40063,Cuéllar,4006301,40:40063:M,False
4006302001,53,1901,40,Segovia,40063,Cuéllar,4006302,40:40063:M,False
4006302002,53,1647,40,Segovia,40063,Cuéllar,4006302,40:40063:M,False
4006302003,53,853,40,Segovia,40063,Cuéllar,4006302,40:40063:M,False
4006302004,53,1933,40,Segovia,40063,Cuéllar,4006302,40:40063:M,False
4006501001,53,766,40,Segovia,40065,Chañe,4006501,40:40065:M,False
4006901001,53,73,40,Segovia,40069,Donhierro,4006901,40:40069:M,False
4007201001,53,363,40,Segovia,40072,Encinillas,4007201,40:40072:M,False
4007401001,53,272,40,Segovia,40074,Escarabajosa de Cabezas,4007401,40:40074:M,False
4007501001,53,172,40,Segovia,40075,Escobar de Polendos,4007501,40:40075:M,False
4007801001,53,161,40,Segovia,40078,Fresneda de Cuéllar,4007801,40:40078:M,False
4008101001,53,121,40,Segovia,40081,Frumales,4008101,40:40081:M,False
4008201001,53,105,40,Segovia,40082,Fuente de Santa Cruz,4008201,40:40082:M,False
4008301001,53,393,40,Segovia,40083,Fuente el Olmo de Fuentidueña,4008301,40:40083:M,False
4008401001,53,51,40,Segovia,40084,Fuente el Olmo de Íscar,4008401,40:40084:M,False
4008701001,53,64,40,Segovia,40087,Fuentepiñel,4008701,40:40087:M,False
4008901001,53,219,40,Segovia,40089,Fuentesaúco de Fuentidueña,4008901,40:40089:M,False
4009401001,53,513,40,Segovia,40094,Garcillán,4009401,40:40094:M,False
4009501001,53,611,40,Segovia,40095,Gomezserracín,4009501,40:40095:M,False
4010001001,53,276,40,Segovia,40100,Hontalbilla,4010001,40:40100:M,False
4010101001,53,1678,40,Segovia,40101,Hontanares de Eresma,4010101,40:40101:M,False
4010301001,53,174,40,Segovia,40103,"Huertos, Los",4010301,40:40103:M,False
4010501001,53,57,40,Segovia,40105,Juarros de Riomoros,4010501,40:40105:M,False
4010601001,53,187,40,Segovia,40106,Juarros de Voltoya,4010601,40:40106:M,False
4010801001,53,110,40,Segovia,40108,Laguna de Contreras,4010801,40:40108:M,False
4011001001,53,298,40,Segovia,40110,Lastras de Cuéllar,4011001,40:40110:M,False
4011801001,53,58,40,Segovia,40118,Marazuela,4011801,40:40118:M,False
4011901001,53,279,40,Segovia,40119,Martín Miguel,4011901,40:40119:M,False
4012001001,53,307,40,Segovia,40120,Martín Muñoz de la Dehesa,4012001,40:40120:M,False
4012101001,53,259,40,Segovia,40121,Martín Muñoz de las Posadas,4012101,40:40121:M,False
4012201001,53,774,40,Segovia,40122,Marugán,4012201,40:40122:M,False
4012401001,53,261,40,Segovia,40124,Mata de Cuéllar,4012401,40:40124:M,False
4012601001,53,57,40,Segovia,40126,Melque de Cercos,4012601,40:40126:M,False
4012701001,53,42,40,Segovia,40127,Membibre de la Hoz,4012701,40:40127:M,False
4012901001,53,157,40,Segovia,40129,Montejo de Arévalo,4012901,40:40129:M,False
4014501001,53,1302,40,Segovia,40145,Navas de Oro,4014501,40:40145:M,False
4014801001,53,258,40,Segovia,40148,Nieva,4014801,40:40148:M,False
4014901001,53,490,40,Segovia,40149,Olombrada,4014901,40:40149:M,False
4015801001,53,23,40,Segovia,40158,Perosillo,4015801,40:40158:M,False
4015901001,53,205,40,Segovia,40159,Pinarejos,4015901,40:40159:M,False
4016001001,53,97,40,Segovia,40160,Pinarnegrillo,4016001,40:40160:M,False
4016401001,53,186,40,Segovia,40164,Rapariegos,4016401,40:40164:M,False
4016601001,53,327,40,Segovia,40166,Remondo,4016601,40:40166:M,False
4017301001,53,260,40,Segovia,40173,Roda de Eresma,4017301,40:40173:M,False
4017601001,53,459,40,Segovia,40176,Samboal,4017601,40:40176:M,False
4017701001,53,161,40,Segovia,40177,San Cristóbal de Cuéllar,4017701,40:40177:M,False
4017801001,53,81,40,Segovia,40178,San Cristóbal de la Vega,4017801,40:40178:M,False
4017901001,53,1046,40,Segovia,40179,Sanchonuño,4017901,40:40179:M,False
4018001001,53,280,40,Segovia,40180,Sangarcía,4018001,40:40180:M,False
4018201001,53,260,40,Segovia,40182,San Martín y Mudrián,4018201,40:40182:M,False
4018901001,53,534,40,Segovia,40189,Santiuste de San Juan Bautista,4018901,40:40189:M,False
4019201001,53,134,40,Segovia,40192,Sauquillo de Cabezas,4019201,40:40192:M,False
4020001001,53,55,40,Segovia,40200,Tabanera la Luenga,4020001,40:40200:M,False
4020101001,53,37,40,Segovia,40201,Tolocirio,4020101,40:40201:M,False
4020401001,53,190,40,Segovia,40204,Torrecilla del Pinar,4020401,40:40204:M,False
4020501001,53,257,40,Segovia,40205,Torreiglesias,4020501,40:40205:M,False
4021601001,53,1101,40,Segovia,40216,Valverde del Majano,4021601,40:40216:M,False
4021901001,53,745,40,Segovia,40219,Vallelado,4021901,40:40219:M,False
4022801001,53,579,40,Segovia,40228,Villaverde de Íscar,4022801,40:40228:M,False
4023001001,53,129,40,Segovia,40230,Villeguillo,4023001,40:40230:M,False
4023101001,53,126,40,Segovia,40231,Yanguas de Eresma,4023101,40:40231:M,False
4023401001,53,408,40,Segovia,40234,Zarzuela del Pinar,4023401,40:40234:M,False
4090201001,53,102,40,Segovia,40902,Cozuelos de Fuentidueña,4090201,40:40902:M,False
4000401001,54,573,40,Segovia,40004,Aguilafuente,4000401,40:40004:M,False
4003001001,54,462,40,Segovia,40030,Bernardos,4003001,40:40030:M,False
4003601001,54,655,40,Segovia,40036,Cabezuela,4003601,40:40036:M,False
4003701001,54,23,40,Segovia,40037,Calabazas de Fuentidueña,4003701,40:40037:M,False
4004001001,54,800,40,Segovia,40040,Cantalejo,4004001,40:40040:M,False
4004001002,54,1718,40,Segovia,40040,Cantalejo,4004001,40:40040:M,False
4004002001,54,1097,40,Segovia,40040,Cantalejo,4004002,40:40040:M,False
4004301001,54,1563,40,Segovia,40043,Carbonero el Mayor,4004301,40:40043:M,False
4004301002,54,898,40,Segovia,40043,Carbonero el Mayor,4004301,40:40043:M,False
4005601001,54,25,40,Segovia,40056,Cobos de Fuentidueña,4005601,40:40056:M,False
4006801001,54,28,40,Segovia,40068,Domingo García,4006801,40:40068:M,False
4007301001,54,474,40,Segovia,40073,Escalona del Prado,4007301,40:40073:M,False
4007601001,54,1898,40,Segovia,40076,"Espinar, El",4007601,40:40076:M,False
4007601002,54,1105,40,Segovia,40076,"Espinar, El",4007601,40:40076:M,False
4007601003,54,1554,40,Segovia,40076,"Espinar, El",4007601,40:40076:M,False
4007601004,54,964,40,Segovia,40076,"Espinar, El",4007601,40:40076:M,False
4007602001,54,1068,40,Segovia,40076,"Espinar, El",4007602,40:40076:M,False
4007602002,54,1019,40,Segovia,40076,"Espinar, El",4007602,40:40076:M,False
4007602003,54,713,40,Segovia,40076,"Espinar, El",4007602,40:40076:M,False
4007603001,54,644,40,Segovia,40076,"Espinar, El",4007603,40:40076:M,False
4007604001,54,1445,40,Segovia,40076,"Espinar, El",4007604,40:40076:M,False
4008601001,54,763,40,Segovia,40086,Fuentepelayo,4008601,40:40086:M,False
4009201001,54,126,40,Segovia,40092,Fuentidueña,4009201,40:40092:M,False
4010401001,54,492,40,Segovia,40104,Ituero y Lama,4010401,40:40104:M,False
4010701001,54,105,40,Segovia,40107,Labajos,4010701,40:40107:M,False
4011301001,54,541,40,Segovia,40113,"Losa, La",4011301,40:40113:M,False
4012801001,54,137,40,Segovia,40128,Migueláñez,4012801,40:40128:M,False
4013401001,54,914,40,Segovia,40134,Mozoncillo,4013401,40:40134:M,False
4013501001,54,296,40,Segovia,40135,Muñopedro,4013501,40:40135:M,False
4013801001,54,1048,40,Segovia,40138,Nava de la Asunción,4013801,40:40138:M,False
4013801002,54,1739,40,Segovia,40138,Nava de la Asunción,4013801,40:40138:M,False
4014101001,54,1047,40,Segovia,40141,Navalmanzano,4014101,40:40141:M,False
4014601001,54,385,40,Segovia,40146,Navas de San Antonio,4014601,40:40146:M,False
4015101001,54,51,40,Segovia,40151,Ortigosa de Pestaño,4015101,40:40151:M,False
4015201001,54,986,40,Segovia,40152,Otero de Herreros,4015201,40:40152:M,False
4017401001,54,334,40,Segovia,40174,Sacramenia,4017401,40:40174:M,False
4018501001,54,910,40,Segovia,40185,Santa María la Real de Nieva,4018501,40:40185:M,False
4019501001,54,977,40,Segovia,40195,Sepúlveda,4019501,40:40195:M,False
4020801001,54,1005,40,Segovia,40208,Turégano,4020801,40:40208:M,False
4022501001,54,1559,40,Segovia,40225,Villacastín,4022501,40:40225:M,False
4023301001,54,507,40,Segovia,40233,Zarzuela del Monte,4023301,40:40233:M,False
4090501001,54,130,40,Segovia,40905,Cuevas de Provanco,4090501,40:40905:M,False
4217301001,55,1760,42,Soria,42173,Soria,4217301,42:42173:U1,True
4217301002,55,1707,42,Soria,42173,Soria,4217301,42:42173:U1,True
4217301003,55,1146,42,Soria,42173,Soria,4217301,42:42173:U1,True
4217301004,55,1503,42,Soria,42173,Soria,4217301,42:42173:U1,True
4217302001,55,1093,42,Soria,42173,Soria,4217302,42:42173:U1,True
4217302002,55,1158,42,Soria,42173,Soria,4217302,42:42173:U1,True
4217302003,55,1558,42,Soria,42173,Soria,4217302,42:42173:U1,True
4217302004,55,1984,42,Soria,42173,Soria,4217302,42:42173:U1,True
4217302005,55,1615,42,Soria,42173,Soria,4217302,42:42173:U1,True
4217302006,55,2004,42,Soria,42173,Soria,4217302,42:42173:U1,True
4217302007,55,1667,42,Soria,42173,Soria,4217302,42:42173:U1,True
4217302008,55,1003,42,Soria,42173,Soria,4217302,42:42173:U1,True
4217302011,55,1919,42,Soria,42173,Soria,4217302,42:42173:U1,True
4217302014,55,2872,42,Soria,42173,Soria,4217302,42:42173:U1,True
4217302015,55,1126,42,Soria,42173,Soria,4217302,42:42173:U1,True
4217303001,55,1386,42,Soria,42173,Soria,4217303,42:42173:U1,True
4217303002,55,1445,42,Soria,42173,Soria,4217303,42:42173:U1,True
4217303003,55,2418,42,Soria,42173,Soria,4217303,42:42173:U1,True
4200101001,56,285,42,Soria,42001,Abejar,4200101,42:42001:M,False
4200601001,56,197,42,Soria,42006,Alconaba,4200601,42:42006:M,False
4200701001,56,114,42,Soria,42007,Alcubilla de Avellaneda,4200701,42:42007:M,False
4201001001,56,22,42,Soria,42010,Aldealices,4201001,42:42010:M,False
4201101001,56,18,42,Soria,42011,Aldealpozo,4201101,42:42011:M,False
4201201001,56,29,42,Soria,42012,Aldealseñor,4201201,42:42012:M,False
4201301001,56,27,42,Soria,42013,Aldehuela de Periáñez,4201301,42:42013:M,False
4201401001,56,59,42,Soria,42014,"Aldehuelas, Las",4201401,42:42014:M,False
4201901001,56,602,42,Soria,42019,Almarza,4201901,42:42019:M,False
4202201001,56,233,42,Soria,42022,Almenar de Soria,4202201,42:42022:M,False
4202701001,56,71,42,Soria,42027,Arévalo de la Sierra,4202701,42:42027:M,False
4202801001,56,115,42,Soria,42028,Ausejo de la Sierra,4202801,42:42028:M,False
4203601001,56,36,42,Soria,42036,Blacos,4203601,42:42036:M,False
4204201001,56,68,42,Soria,42042,Buitrago,4204201,42:42042:M,False
4204501001,56,290,42,Soria,42045,Cabrejas del Pinar,4204501,42:42045:M,False
4204601001,56,43,42,Soria,42046,Calatañazor,4204601,42:42046:M,False
4205201001,56,13,42,Soria,42052,Caracena,4205201,42:42052:M,False
4205301001,56,18,42,Soria,42053,Carrascosa de Abajo,4205301,42:42053:M,False
4205401001,56,19,42,Soria,42054,Carrascosa de la Sierra,4205401,42:42054:M,False
4205501001,56,145,42,Soria,42055,Casarejos,4205501,42:42055:M,False
4205601001,56,37,42,Soria,42056,Castilfrío de la Sierra,4205601,42:42056:M,False
4205801001,56,101,42,Soria,42058,Castillejo de Robledo,4205801,42:42058:M,False
4206001001,56,27,42,Soria,42060,Cerbón,4206001,42:42060:M,False
4206101001,56,313,42,Soria,42061,Cidones,4206101,42:42061:M,False
4206201001,56,14,42,Soria,42062,Cigudosa,4206201,42:42062:M,False
4206501001,56,21,42,Soria,42065,Cirujales del Río,4206501,42:42065:M,False
4206901001,56,1562,42,Soria,42069,Covaleda,4206901,42:42069:M,False
4207001001,56,22,42,Soria,42070,Cubilla,4207001,42:42070:M,False
4207801001,56,1036,42,Soria,42078,Duruelo de la Sierra,4207801,42:42078:M,False
4208001001,56,162,42,Soria,42080,Espeja de San Marcelino,4208001,42:42080:M,False
4208101001,56,127,42,Soria,42081,Espejón,4208101,42:42081:M,False
4208201001,56,13,42,Soria,42082,Estepa de San Juan,4208201,42:42082:M,False
4208401001,56,16,42,Soria,42084,Fresno de Caracena,4208401,42:42084:M,False
4208501001,56,148,42,Soria,42085,Fuentearmegil,4208501,42:42085:M,False
4208601001,56,29,42,Soria,42086,Fuentecambrón,4208601,42:42086:M,False
4208701001,56,65,42,Soria,42087,Fuentecantos,4208701,42:42087:M,False
4208901001,56,66,42,Soria,42089,Fuentelsaz de Soria,4208901,42:42089:M,False
4209201001,56,47,42,Soria,42092,Fuentes de Magaña,4209201,42:42092:M,False
4209301001,56,56,42,Soria,42093,Fuentestrún,4209301,42:42093:M,False
4209401001,56,793,42,Soria,42094,Garray,4209401,42:42094:M,False
4209701001,56,18,42,Soria,42097,Gormaz,4209701,42:42097:M,False
4209801001,56,12,42,Soria,42098,Herrera de Soria,4209801,42:42098:M,False
4210001001,56,24,42,Soria,42100,Hinojosa del Campo,4210001,42:42100:M,False
4210301001,56,695,42,Soria,42103,Langa de Duero,4210301,42:42103:M,False
4210501001,56,48,42,Soria,42105,Liceras,4210501,42:42105:M,False
4210601001,56,12,42,Soria,42106,"Losilla, La",4210601,42:42106:M,False
4210701001,56,60,42,Soria,42107,Magaña,4210701,42:42107:M,False
4211601001,56,43,42,Soria,42116,Miño de San Esteban,4211601,42:42116:M,False
4211701001,56,162,42,Soria,42117,Molinos de Duero,4211701,42:42117:M,False
4212001001,56,136,42,Soria,42120,Montejo de Tiermes,4212001,42:42120:M,False
4212101001,56,43,42,Soria,42121,Montenegro de Cameros,4212101,42:42121:M,False
4212401001,56,53,42,Soria,42124,Muriel de la Fuente,4212401,42:42124:M,False
4212501001,56,73,42,Soria,42125,Muriel Viejo,4212501,42:42125:M,False
4212701001,56,35,42,Soria,42127,Nafría de Ucero,4212701,42:42127:M,False
4212801001,56,67,42,Soria,42128,Narros,4212801,42:42128:M,False
4212901001,56,698,42,Soria,42129,Navaleno,4212901,42:42129:M,False
4213501001,56,61,42,Soria,42135,Oncala,4213501,42:42135:M,False
4213901001,56,17,42,Soria,42139,Pinilla del Campo,4213901,42:42139:M,False
4214101001,56,108,42,Soria,42141,"Póveda de Soria, La",4214101,42:42141:M,False
4214201001,56,49,42,Soria,42142,Pozalmuro,4214201,42:42142:M,False
4214401001,56,497,42,Soria,42144,Quintana Redonda,4214401,42:42144:M,False
4214901001,56,474,42,Soria,42149,"Rábanos, Los",4214901,42:42149:M,False
4215101001,56,36,42,Soria,42151,Rebollar,4215101,42:42151:M,False
4215201001,56,63,42,Soria,42152,Recuerda,4215201,42:42152:M,False
4215901001,56,49,42,Soria,42159,Rollamienta,4215901,42:42159:M,False
4216001001,56,249,42,Soria,42160,"Royo, El",4216001,42:42160:M,False
4216101001,56,148,42,Soria,42161,Salduero,4216101,42:42161:M,False
4216201001,56,2618,42,Soria,42162,San Esteban de Gormaz,4216201,42:42162:M,False
4216201002,56,206,42,Soria,42162,San Esteban de Gormaz,4216201,42:42162:M,False
4216201003,56,152,42,Soria,42162,San Esteban de Gormaz,4216201,42:42162:M,False
4216301001,56,55,42,Soria,42163,San Felices,4216301,42:42163:M,False
4216401001,56,1955,42,Soria,42164,San Leonardo de Yagüe,4216401,42:42164:M,False
4216501001,56,622,42,Soria,42165,San Pedro Manrique,4216501,42:42165:M,False
4216601001,56,56,42,Soria,42166,Santa Cruz de Yanguas,4216601,42:42166:M,False
4216801001,56,113,42,Soria,42168,Santa María de las Hoyas,4216801,42:42168:M,False
4217301005,56,1657,42,Soria,42173,Soria,4217301,42:42173:R,False
4217301006,56,1830,42,Soria,42173,Soria,4217301,42:42173:R,False
4217301007,56,1843,42,Soria,42173,Soria,4217301,42:42173:R,False
4217301008,56,889,42,Soria,42173,Soria,4217301,42:42173:R,False
4217302009,56,1474,42,Soria,42173,Soria,4217302,42:42173:R,False
4217302010,56,1786,42,Soria,42173,Soria,4217302,42:42173:R,False
4217302012,56,847,42,Soria,42173,Soria,4217302,42:42173:R,False
4217302013,56,1251,42,Soria,42173,Soria,4217302,42:42173:R,False
4217401001,56,173,42,Soria,42174,Sotillo del Rincón,4217401,42:42174:M,False
4217501001,56,32,42,Soria,42175,Suellacabras,4217501,42:42175:M,False
4217601001,56,22,42,Soria,42176,Tajahuerce,4217601,42:42176:M,False
4218501001,56,28,42,Soria,42185,Torreblacos,4218501,42:42185:M,False
4218801001,56,47,42,Soria,42188,Trévago,4218801,42:42188:M,False
4219001001,56,81,42,Soria,42190,Vadillo,4219001,42:42190:M,False
4219101001,56,222,42,Soria,42191,Valdeavellano de Tera,4219101,42:42191:M,False
4219201001,56,36,42,Soria,42192,Valdegeña,4219201,42:42192:M,False
4219301001,56,13,42,Soria,42193,Valdelagua del Cerro,4219301,42:42193:M,False
4219601001,56,8,42,Soria,42196,Valdeprado,4219601,42:42196:M,False
4219801001,56,16,42,Soria,42198,Valtajeros,4219801,42:42198:M,False
4220101001,56,26,42,Soria,42201,Velilla de la Sierra,4220101,42:42201:M,False
4220501001,56,86,42,Soria,42205,Villaciervos,4220501,42:42205:M,False
4220601001,56,6,42,Soria,42206,Villanueva de Gormaz,4220601,42:42206:M,False
4220701001,56,50,42,Soria,42207,Villar del Ala,4220701,42:42207:M,False
4220801001,56,29,42,Soria,42208,Villar del Campo,4220801,42:42208:M,False
4220901001,56,158,42,Soria,42209,Villar del Río,4220901,42:42209:M,False
4221101001,56,72,42,Soria,42211,"Villares de Soria, Los",4221101,42:42211:M,False
4221501001,56,825,42,Soria,42215,Vinuesa,4221501,42:42215:M,False
4221601001,56,31,42,Soria,42216,Vizmanos,4221601,42:42216:M,False
4221801001,56,105,42,Soria,42218,Yanguas,4221801,42:42218:M,False
4200301001,57,71,42,Soria,42003,Adradas,4200301,42:42003:M,False
4200401001,57,2255,42,Soria,42004,Ágreda,4200401,42:42004:M,False
4200401002,57,866,42,Soria,42004,Ágreda,4200401,42:42004:M,False
4200801001,57,61,42,Soria,42008,Alcubilla de las Peñas,4200801,42:42008:M,False
4200901001,57,84,42,Soria,42009,Aldealafuente,4200901,42:42009:M,False
4201501001,57,23,42,Soria,42015,Alentisque,4201501,42:42015:M,False
4201601001,57,20,42,Soria,42016,Aliud,4201601,42:42016:M,False
4201701001,57,178,42,Soria,42017,Almajano,4201701,42:42017:M,False
4201801001,57,114,42,Soria,42018,Almaluez,4201801,42:42018:M,False
4202001001,57,1673,42,Soria,42020,Almazán,4202001,42:42020:M,False
4202001002,57,1920,42,Soria,42020,Almazán,4202001,42:42020:M,False
4202001003,57,1941,42,Soria,42020,Almazán,4202001,42:42020:M,False
4202101001,57,61,42,Soria,42021,Almazul,4202101,42:42021:M,False
4202301001,57,52,42,Soria,42023,Alpanseque,4202301,42:42023:M,False
4202401001,57,73,42,Soria,42024,Arancón,4202401,42:42024:M,False
4202501001,57,814,42,Soria,42025,Arcos de Jalón,4202501,42:42025:M,False
4202501002,57,715,42,Soria,42025,Arcos de Jalón,4202501,42:42025:M,False
4202601001,57,31,42,Soria,42026,Arenillas,4202601,42:42026:M,False
4202901001,57,116,42,Soria,42029,Baraona,4202901,42:42029:M,False
4203001001,57,116,42,Soria,42030,Barca,4203001,42:42030:M,False
4203101001,57,25,42,Soria,42031,Barcones,4203101,42:42031:M,False
4203201001,57,150,42,Soria,42032,Bayubas de Abajo,4203201,42:42032:M,False
4203301001,57,56,42,Soria,42033,Bayubas de Arriba,4203301,42:42033:M,False
4203401001,57,38,42,Soria,42034,Beratón,4203401,42:42034:M,False
4203501001,57,812,42,Soria,42035,Berlanga de Duero,4203501,42:42035:M,False
4203701001,57,25,42,Soria,42037,Bliecos,4203701,42:42037:M,False
4203801001,57,29,42,Soria,42038,Borjabad,4203801,42:42038:M,False
4203901001,57,217,42,Soria,42039,Borobia,4203901,42:42039:M,False
4204101001,57,27,42,Soria,42041,Buberos,4204101,42:42041:M,False
4204301001,57,2303,42,Soria,42043,Burgo de Osma-Ciudad de Osma,4204301,42:42043:M,False
4204301002,57,1338,42,Soria,42043,Burgo de Osma-Ciudad de Osma,4204301,42:42043:M,False
4204301003,57,1622,42,Soria,42043,Burgo de Osma-Ciudad de Osma,4204301,42:42043:M,False
4204401001,57,48,42,Soria,42044,Cabrejas del Campo,4204401,42:42044:M,False
4204801001,57,53,42,Soria,42048,Caltojar,4204801,42:42048:M,False
4204901001,57,99,42,Soria,42049,Candilichera,4204901,42:42049:M,False
4205001001,57,29,42,Soria,42050,Cañamaque,4205001,42:42050:M,False
4205101001,57,21,42,Soria,42051,Carabantes,4205101,42:42051:M,False
4205701001,57,170,42,Soria,42057,Castilruiz,4205701,42:42057:M,False
4205901001,57,19,42,Soria,42059,Centenera de Andaluz,4205901,42:42059:M,False
4206301001,57,35,42,Soria,42063,Cihuela,4206301,42:42063:M,False
4206401001,57,68,42,Soria,42064,Ciria,4206401,42:42064:M,False
4206801001,57,69,42,Soria,42068,Coscurita,4206801,42:42068:M,False
4207101001,57,183,42,Soria,42071,Cubo de la Solana,4207101,42:42071:M,False
4207301001,57,67,42,Soria,42073,Cueva de Ágreda,4207301,42:42073:M,False
4207501001,57,72,42,Soria,42075,Dévanos,4207501,42:42075:M,False
4207601001,57,163,42,Soria,42076,Deza,4207601,42:42076:M,False
4207901001,57,19,42,Soria,42079,Escobosa de Almazán,4207901,42:42079:M,False
4208301001,57,21,42,Soria,42083,Frechilla de Almazán,4208301,42:42083:M,False
4208801001,57,58,42,Soria,42088,Fuentelmonge,4208801,42:42088:M,False
4209001001,57,73,42,Soria,42090,Fuentepinilla,4209001,42:42090:M,False
4209501001,57,1316,42,Soria,42095,Golmayo,4209501,42:42095:M,False
4209501002,57,1782,42,Soria,42095,Golmayo,4209501,42:42095:M,False
4209601001,57,290,42,Soria,42096,Gómara,4209601,42:42096:M,False
4210801001,57,10,42,Soria,42108,Maján,4210801,42:42108:M,False
4211001001,57,83,42,Soria,42110,Matalebreras,4211001,42:42110:M,False
4211101001,57,252,42,Soria,42111,Matamala de Almazán,4211101,42:42111:M,False
4211301001,57,683,42,Soria,42113,Medinaceli,4211301,42:42113:M,False
4211501001,57,73,42,Soria,42115,Miño de Medinaceli,4211501,42:42115:M,False
4211801001,57,19,42,Soria,42118,Momblona,4211801,42:42118:M,False
4211901001,57,170,42,Soria,42119,Monteagudo de las Vicarías,4211901,42:42119:M,False
4212301001,57,194,42,Soria,42123,Morón de Almazán,4212301,42:42123:M,False
4213001001,57,49,42,Soria,42130,Nepas,4213001,42:42130:M,False
4213101001,57,45,42,Soria,42131,Nolay,4213101,42:42131:M,False
4213201001,57,154,42,Soria,42132,Noviercas,4213201,42:42132:M,False
4213401001,57,1708,42,Soria,42134,Ólvega,4213401,42:42134:M,False
4213401002,57,2061,42,Soria,42134,Ólvega,4213401,42:42134:M,False
4214001001,57,11,42,Soria,42140,Portillo de Soria,4214001,42:42140:M,False
4214501001,57,123,42,Soria,42145,Quintanas de Gormaz,4214501,42:42145:M,False
4214801001,57,10,42,Soria,42148,Quiñonería,4214801,42:42148:M,False
4215301001,57,20,42,Soria,42153,Rello,4215301,42:42153:M,False
4215401001,57,107,42,Soria,42154,Renieblas,4215401,42:42154:M,False
4215501001,57,129,42,Soria,42155,Retortillo de Soria,4215501,42:42155:M,False
4215601001,57,21,42,Soria,42156,Reznos,4215601,42:42156:M,False
4215701001,57,9,42,Soria,42157,"Riba de Escalote, La",4215701,42:42157:M,False
4215801001,57,124,42,Soria,42158,Rioseco de Soria,4215801,42:42158:M,False
4216701001,57,239,42,Soria,42167,Santa María de Huerta,4216701,42:42167:M,False
4217101001,57,129,42,Soria,42171,Serón de Nágima,4217101,42:42171:M,False
4217201001,57,37,42,Soria,42172,Soliedra,4217201,42:42172:M,False
4217701001,57,61,42,Soria,42177,Tajueco,4217701,42:42177:M,False
4217801001,57,106,42,Soria,42178,Talveila,4217801,42:42178:M,False
4218101001,57,416,42,Soria,42181,Tardelcuende,4218101,42:42181:M,False
4218201001,57,45,42,Soria,42182,Taroda,4218201,42:42182:M,False
4218301001,57,101,42,Soria,42183,Tejado,4218301,42:42183:M,False
4218401001,57,43,42,Soria,42184,Torlengua,4218401,42:42184:M,False
4218701001,57,52,42,Soria,42187,Torrubia de Soria,4218701,42:42187:M,False
4218901001,57,81,42,Soria,42189,Ucero,4218901,42:42189:M,False
4219401001,57,139,42,Soria,42194,Valdemaluque,4219401,42:42194:M,False
4219501001,57,87,42,Soria,42195,Valdenebro,4219501,42:42195:M,False
4219701001,57,59,42,Soria,42197,Valderrodilla,4219701,42:42197:M,False
4220001001,57,66,42,Soria,42200,Velamazán,4220001,42:42200:M,False
4220201001,57,15,42,Soria,42202,Velilla de los Ajos,4220201,42:42202:M,False
4220401001,57,47,42,Soria,42204,Viana de Duero,4220401,42:42204:M,False
4221201001,57,59,42,Soria,42212,Villasayas,4221201,42:42212:M,False
4221301001,57,23,42,Soria,42213,Villaseca de Arciel,4221301,42:42213:M,False
4221701001,57,29,42,Soria,42217,Vozmediano,4221701,42:42217:M,False
4221901001,57,40,42,Soria,42219,Yelo,4221901,42:42219:M,False
4718602004,58,1074,47,Valladolid,47186,Valladolid,4718602,47:47186:U1,True
4718602005,58,1273,47,Valladolid,47186,Valladolid,4718602,47:47186:U1,True
4718602006,58,950,47,Valladolid,47186,Valladolid,4718602,47:47186:U1,True
4718602007,58,899,47,Valladolid,47186,Valladolid,4718602,47:47186:U1,True
4718602014,58,1230,47,Valladolid,47186,Valladolid,4718602,47:47186:U1,True
4718602015,58,1398,47,Valladolid,47186,Valladolid,4718602,47:47186:U1,True
4718602017,58,756,47,Valladolid,47186,Valladolid,4718602,47:47186:U1,True
4718602019,58,1010,47,Valladolid,47186,Valladolid,4718602,47:47186:U1,True
4718603005,58,1275,47,Valladolid,47186,Valladolid,4718603,47:47186:U1,True
4718604037,58,1311,47,Valladolid,47186,Valladolid,4718604,47:47186:U1,True
4718610019,58,1117,47,Valladolid,47186,Valladolid,4718610,47:47186:U1,True
4718610049,58,1258,47,Valladolid,47186,Valladolid,4718610,47:47186:U1,True
4718611001,58,1224,47,Valladolid,47186,Valladolid,4718611,47:47186:U1,True
4718611002,58,759,47,Valladolid,47186,Valladolid,4718611,47:47186:U1,True
4718611003,58,1426,47,Valladolid,47186,Valladolid,4718611,47:47186:U1,True
4718611004,58,789,47,Valladolid,47186,Valladolid,4718611,47:47186:U1,True
4718611005,58,1317,47,Valladolid,47186,Valladolid,4718611,47:47186:U1,True
4718611009,58,752,47,Valladolid,47186,Valladolid,4718611,47:47186:U1,True
4718611010,58,1415,47,Valladolid,47186,Valladolid,4718611,47:47186:U1,True
4718611014,58,938,47,Valladolid,47186,Valladolid,4718611,47:47186:U1,True
4718611015,58,1454,47,Valladolid,47186,Valladolid,4718611,47:47186:U1,True
4718611016,58,1096,47,Valladolid,47186,Valladolid,4718611,47:47186:U1,True
4718611017,58,1215,47,Valladolid,47186,Valladolid,4718611,47:47186:U1,True
4718611028,58,1025,47,Valladolid,47186,Valladolid,4718611,47:47186:U1,True
4718611029,58,695,47,Valladolid,47186,Valladolid,4718611,47:47186:U1,True
4718611042,58,2526,47,Valladolid,47186,Valladolid,4718611,47:47186:U1,True
4718603001,59,705,47,Valladolid,47186,Valladolid,4718603,47:47186:U2,True
4718603003,59,919,47,Valladolid,47186,Valladolid,4718603,47:47186:U2,True
4718603004,59,920,47,Valladolid,47186,Valladolid,4718603,47:47186:U2,True
4718603009,59,732,47,Valladolid,47186,Valladolid,4718603,47:47186:U2,True
4718604001,59,1243,47,Valladolid,47186,Valladolid,4718604,47:47186:U2,True
4718604002,59,606,47,Valladolid,47186,Valladolid,4718604,47:47186:U2,True
4718604003,59,1507,47,Valladolid,47186,Valladolid,4718604,47:47186:U2,True
4718604004,59,1398,47,Valladolid,47186,Valladolid,4718604,47:47186:U2,True
4718604005,59,1039,47,Valladolid,47186,Valladolid,4718604,47:47186:U2,True
4718604032,59,997,47,Valladolid,47186,Valladolid,4718604,47:47186:U2,True
4718604034,59,1053,47,Valladolid,47186,Valladolid,4718604,47:47186:U2,True
4718605002,59,1356,47,Valladolid,47186,Valladolid,4718605,47:47186:U2,True
4718605004,59,834,47,Valladolid,47186,Valladolid,4718605,47:47186:U2,True
4718605006,59,1581,47,Valladolid,47186,Valladolid,4718605,47:47186:U2,True
4718606001,59,960,47,Valladolid,47186,Valladolid,4718606,47:47186:U2,True
4718606002,59,828,47,Valladolid,47186,Valladolid,4718606,47:47186:U2,True
4718606003,59,1206,47,Valladolid,47186,Valladolid,4718606,47:47186:U2,True
4718606005,59,981,47,Valladolid,47186,Valladolid,4718606,47:47186:U2,True
4718606006,59,1174,47,Valladolid,47186,Valladolid,4718606,47:47186:U2,True
4718606007,59,1591,47,Valladolid,47186,Valladolid,4718606,47:47186:U2,True
4718606009,59,1297,47,Valladolid,47186,Valladolid,4718606,47:47186:U2,True
4718606010,59,1050,47,Valladolid,47186,Valladolid,4718606,47:47186:U2,True
4718606012,59,900,47,Valladolid,47186,Valladolid,4718606,47:47186:U2,True
4718606017,59,944,47,Valladolid,47186,Valladolid,4718606,47:47186:U2,True
4718606021,59,782,47,Valladolid,47186,Valladolid,4718606,47:47186:U2,True
4718606037,59,659,47,Valladolid,47186,Valladolid,4718606,47:47186:U2,True
4718607001,59,1089,47,Valladolid,47186,Valladolid,4718607,47:47186:U2,True
4718607003,59,786,47,Valladolid,47186,Valladolid,4718607,47:47186:U2,True
4718607018,59,1012,47,Valladolid,47186,Valladolid,4718607,47:47186:U2,True
4718607004,60,1337,47,Valladolid,47186,Valladolid,4718607,47:47186:U3,True
4718607006,60,739,47,Valladolid,47186,Valladolid,4718607,47:47186:U3,True
4718607007,60,860,47,Valladolid,47186,Valladolid,4718607,47:47186:U3,True
4718608001,60,938,47,Valladolid,47186,Valladolid,4718608,47:47186:U3,True
4718608002,60,1084,47,Valladolid,47186,Valladolid,4718608,47:47186:U3,True
4718608005,60,956,47,Valladolid,47186,Valladolid,4718608,47:47186:U3,True
4718608009,60,1592,47,Valladolid,47186,Valladolid,4718608,47:47186:U3,True
4718608012,60,1029,47,Valladolid,47186,Valladolid,4718608,47:47186:U3,True
4718608013,60,1105,47,Valladolid,47186,Valladolid,4718608,47:47186:U3,True
4718608014,60,1001,47,Valladolid,47186,Valladolid,4718608,47:47186:U3,True
4718608015,60,1449,47,Valladolid,47186,Valladolid,4718608,47:47186:U3,True
4718608017,60,1113,47,Valladolid,47186,Valladolid,4718608,47:47186:U3,True
4718608018,60,1046,47,Valladolid,47186,Valladolid,4718608,47:47186:U3,True
4718608020,60,641,47,Valladolid,47186,Valladolid,4718608,47:47186:U3,True
4718608021,60,1096,47,Valladolid,47186,Valladolid,4718608,47:47186:U3,True
4718608023,60,920,47,Valladolid,47186,Valladolid,4718608,47:47186:U3,True
4718608024,60,1001,47,Valladolid,47186,Valladolid,4718608,47:47186:U3,True
4718608025,60,830,47,Valladolid,47186,Valladolid,4718608,47:47186:U3,True
4718608026,60,1150,47,Valladolid,47186,Valladolid,4718608,47:47186:U3,True
4718608030,60,701,47,Valladolid,47186,Valladolid,4718608,47:47186:U3,True
4718608037,60,1241,47,Valladolid,47186,Valladolid,4718608,47:47186:U3,True
4718608038,60,889,47,Valladolid,47186,Valladolid,4718608,47:47186:U3,True
4718609003,60,776,47,Valladolid,47186,Valladolid,4718609,47:47186:U3,True
4718609004,60,1391,47,Valladolid,47186,Valladolid,4718609,47:47186:U3,True
4718609006,60,892,47,Valladolid,47186,Valladolid,4718609,47:47186:U3,True
4718609007,60,1889,47,Valladolid,47186,Valladolid,4718609,47:47186:U3,True
4718609010,60,878,47,Valladolid,47186,Valladolid,4718609,47:47186:U3,True
4718609011,60,1596,47,Valladolid,47186,Valladolid,4718609,47:47186:U3,True
4718606015,61,828,47,Valladolid,47186,Valladolid,4718606,47:47186:U4,True
4718606016,61,727,47,Valladolid,47186,Valladolid,4718606,47:47186:U4,True
4718606018,61,696,47,Valladolid,47186,Valladolid,4718606,47:47186:U4,True
4718606019,61,987,47,Valladolid,47186,Valladolid,4718606,47:47186:U4,True
4718606022,61,1174,47,Valladolid,47186,Valladolid,4718606,47:47186:U4,True
4718606023,61,1080,47,Valladolid,47186,Valladolid,4718606,47:47186:U4,True
4718606024,61,1282,47,Valladolid,47186,Valladolid,4718606,47:47186:U4,True
4718606032,61,897,47,Valladolid,47186,Valladolid,4718606,47:47186:U4,True
4718606036,61,2220,47,Valladolid,47186,Valladolid,4718606,47:47186:U4,True
4718607005,61,1833,47,Valladolid,47186,Valladolid,4718607,47:47186:U4,True
4718607008,61,1213,47,Valladolid,47186,Valladolid,4718607,47:47186:U4,True
4718607010,61,700,47,Valladolid,47186,Valladolid,4718607,47:47186:U4,True
4718607011,61,1462,47,Valladolid,47186,Valladolid,4718607,47:47186:U4,True
4718607013,61,1281,47,Valladolid,47186,Valladolid,4718607,47:47186:U4,True
4718607014,61,1698,47,Valladolid,47186,Valladolid,4718607,47:47186:U4,True
4718607015,61,692,47,Valladolid,47186,Valladolid,4718607,47:47186:U4,True
4718607016,61,601,47,Valladolid,47186,Valladolid,4718607,47:47186:U4,True
4718607019,61,810,47,Valladolid,47186,Valladolid,4718607,47:47186:U4,True
4718607020,61,863,47,Valladolid,47186,Valladolid,4718607,47:47186:U4,True
4718607021,61,1119,47,Valladolid,47186,Valladolid,4718607,47:47186:U4,True
4718607022,61,2364,47,Valladolid,47186,Valladolid,4718607,47:47186:U4,True
4718608004,61,1491,47,Valladolid,47186,Valladolid,4718608,47:47186:U4,True
4718608006,61,1139,47,Valladolid,47186,Valladolid,4718608,47:47186:U4,True
4718608035,61,1925,47,Valladolid,47186,Valladolid,4718608,47:47186:U4,True
4718608036,61,1254,47,Valladolid,47186,Valladolid,4718608,47:47186:U4,True
4718604006,62,1220,47,Valladolid,47186,Valladolid,4718604,47:47186:U5,True
4718604007,62,1880,47,Valladolid,47186,Valladolid,4718604,47:47186:U5,True
4718604008,62,701,47,Valladolid,47186,Valladolid,4718604,47:47186:U5,True
4718604009,62,971,47,Valladolid,47186,Valladolid,4718604,47:47186:U5,True
4718604010,62,878,47,Valladolid,47186,Valladolid,4718604,47:47186:U5,True
4718604011,62,1254,47,Valladolid,47186,Valladolid,4718604,47:47186:U5,True
4718604012,62,898,47,Valladolid,47186,Valladolid,4718604,47:47186:U5,True
4718604013,62,868,47,Valladolid,47186,Valladolid,4718604,47:47186:U5,True
4718604014,62,733,47,Valladolid,47186,Valladolid,4718604,47:47186:U5,True
4718604015,62,1000,47,Valladolid,47186,Valladolid,4718604,47:47186:U5,True
4718604016,62,1375,47,Valladolid,47186,Valladolid,4718604,47:47186:U5,True
4718604017,62,1204,47,Valladolid,47186,Valladolid,4718604,47:47186:U5,True
4718604018,62,1144,47,Valladolid,47186,Valladolid,4718604,47:47186:U5,True
4718604020,62,1756,47,Valladolid,47186,Valladolid,4718604,47:47186:U5,True
4718604021,62,1838,47,Valladolid,47186,Valladolid,4718604,47:47186:U5,True
4718604024,62,887,47,Valladolid,47186,Valladolid,4718604,47:47186:U5,True
4718604025,62,891,47,Valladolid,47186,Valladolid,4718604,47:47186:U5,True
4718604026,62,1228,47,Valladolid,47186,Valladolid,4718604,47:47186:U5,True
4718604027,62,1062,47,Valladolid,47186,Valladolid,4718604,47:47186:U5,True
4718604028,62,1497,47,Valladolid,47186,Valladolid,4718604,47:47186:U5,True
4718604030,62,1212,47,Valladolid,47186,Valladolid,4718604,47:47186:U5,True
4718604033,62,813,47,Valladolid,47186,Valladolid,4718604,47:47186:U5,True
4718604036,62,1097,47,Valladolid,47186,Valladolid,4718604,47:47186:U5,True
4718604038,62,1835,47,Valladolid,47186,Valladolid,4718604,47:47186:U5,True
4718604039,62,1171,47,Valladolid,47186,Valladolid,4718604,47:47186:U5,True
4718606013,62,1017,47,Valladolid,47186,Valladolid,4718606,47:47186:U5,True
4718604029,63,576,47,Valladolid,47186,Valladolid,4718604,47:47186:U6,True
4718604040,63,1573,47,Valladolid,47186,Valladolid,4718604,47:47186:U6,True
4718604041,63,2804,47,Valladolid,47186,Valladolid,4718604,47:47186:U6,True
4718606014,63,817,47,Valladolid,47186,Valladolid,4718606,47:47186:U6,True
4718606020,63,1163,47,Valladolid,47186,Valladolid,4718606,47:47186:U6,True
4718606025,63,1221,47,Valladolid,47186,Valladolid,4718606,47:47186:U6,True
4718606026,63,905,47,Valladolid,47186,Valladolid,4718606,47:47186:U6,True
4718606027,63,1497,47,Valladolid,47186,Valladolid,4718606,47:47186:U6,True
4718606028,63,825,47,Valladolid,47186,Valladolid,4718606,47:47186:U6,True
4718606029,63,801,47,Valladolid,47186,Valladolid,4718606,47:47186:U6,True
4718606030,63,961,47,Valladolid,47186,Valladolid,4718606,47:47186:U6,True
4718606031,63,1383,47,Valladolid,47186,Valladolid,4718606,47:47186:U6,True
4718606034,63,1254,47,Valladolid,47186,Valladolid,4718606,47:47186:U6,True
4718606038,63,1526,47,Valladolid,47186,Valladolid,4718606,47:47186:U6,True
4718606039,63,1348,47,Valladolid,47186,Valladolid,4718606,47:47186:U6,True
4718611031,63,2268,47,Valladolid,47186,Valladolid,4718611,47:47186:U6,True
4718611035,63,1453,47,Valladolid,47186,Valladolid,4718611,47:47186:U6,True
4718611037,63,1606,47,Valladolid,47186,Valladolid,4718611,47:47186:U6,True
4718611039,63,1442,47,Valladolid,47186,Valladolid,4718611,47:47186:U6,True
4718611041,63,2291,47,Valladolid,47186,Valladolid,4718611,47:47186:U6,True
4718612002,63,1001,47,Valladolid,47186,Valladolid,4718612,47:47186:U6,True
4718612003,63,1275,47,Valladolid,47186,Valladolid,4718612,47:47186:U6,True
4718610030,64,2377,47,Valladolid,47186,Valladolid,4718610,47:47186:U7,True
4718610037,64,1689,47,Valladolid,47186,Valladolid,4718610,47:47186:U7,True
4718610051,64,1625,47,Valladolid,47186,Valladolid,4718610,47:47186:U7,True
4718611006,64,887,47,Valladolid,47186,Valladolid,4718611,47:47186:U7,True
4718611007,64,1397,47,Valladolid,47186,Valladolid,4718611,47:47186:U7,True
4718611008,64,1104,47,Valladolid,47186,Valladolid,4718611,47:47186:U7,True
4718611012,64,1552,47,Valladolid,47186,Valladolid,4718611,47:47186:U7,True
4718611018,64,1072,47,Valladolid,47186,Valladolid,4718611,47:47186:U7,True
4718611019,64,930,47,Valladolid,47186,Valladolid,4718611,47:47186:U7,True
4718611020,64,1368,47,Valladolid,47186,Valladolid,4718611,47:47186:U7,True
4718611021,64,1331,47,Valladolid,47186,Valladolid,4718611,47:47186:U7,True
4718611022,64,870,47,Valladolid,47186,Valladolid,4718611,47:47186:U7,True
4718611025,64,1613,47,Valladolid,47186,Valladolid,4718611,47:47186:U7,True
4718611026,64,1740,47,Valladolid,47186,Valladolid,4718611,47:47186:U7,True
4718611027,64,721,47,Valladolid,47186,Valladolid,4718611,47:47186:U7,True
4718611032,64,2051,47,Valladolid,47186,Valladolid,4718611,47:47186:U7,True
4718611033,64,1592,47,Valladolid,47186,Valladolid,4718611,47:47186:U7,True
4718611034,64,1519,47,Valladolid,47186,Valladolid,4718611,47:47186:U7,True
4718611038,64,2116,47,Valladolid,47186,Valladolid,4718611,47:47186:U7,True
4718611040,64,869,47,Valladolid,47186,Valladolid,4718611,47:47186:U7,True
4718611043,64,1625,47,Valladolid,47186,Valladolid,4718611,47:47186:U7,True
4718601001,65,1372,47,Valladolid,47186,Valladolid,4718601,47:47186:U8,True
4718601003,65,1029,47,Valladolid,47186,Valladolid,4718601,47:47186:U8,True
4718601006,65,1557,47,Valladolid,47186,Valladolid,4718601,47:47186:U8,True
4718602001,65,777,47,Valladolid,47186,Valladolid,4718602,47:47186:U8,True
4718602002,65,1047,47,Valladolid,47186,Valladolid,4718602,47:47186:U8,True
4718602008,65,1367,47,Valladolid,47186,Valladolid,4718602,47:47186:U8,True
4718602010,65,1127,47,Valladolid,47186,Valladolid,4718602,47:47186:U8,True
4718602012,65,875,47,Valladolid,47186,Valladolid,4718602,47:47186:U8,True
4718602013,65,967,47,Valladolid,47186,Valladolid,4718602,47:47186:U8,True
4718603002,65,856,47,Valladolid,47186,Valladolid,4718603,47:47186:U8,True
4718603007,65,720,47,Valladolid,47186,Valladolid,4718603,47:47186:U8,True
4718603008,65,1379,47,Valladolid,47186,Valladolid,4718603,47:47186:U8,True
4718605001,65,1169,47,Valladolid,47186,Valladolid,4718605,47:47186:U8,True
4718609001,65,712,47,Valladolid,47186,Valladolid,4718609,47:47186:U8,True
4718609002,65,1174,47,Valladolid,47186,Valladolid,4718609,47:47186:U8,True
4718609009,65,1183,47,Valladolid,47186,Valladolid,4718609,47:47186:U8,True
4718610004,65,778,47,Valladolid,47186,Valladolid,4718610,47:47186:U8,True
4718610007,65,1651,47,Valladolid,47186,Valladolid,4718610,47:47186:U8,True
4718610009,65,943,47,Valladolid,47186,Valladolid,4718610,47:47186:U8,True
4718610010,65,1001,47,Valladolid,47186,Valladolid,4718610,47:47186:U8,True
4718610011,65,970,47,Valladolid,47186,Valladolid,4718610,47:47186:U8,True
4718610013,65,942,47,Valladolid,47186,Valladolid,4718610,47:47186:U8,True
4718610017,65,978,47,Valladolid,47186,Valladolid,4718610,47:47186:U8,True
4718610020,65,903,47,Valladolid,47186,Valladolid,4718610,47:47186:U8,True
4718610025,65,774,47,Valladolid,47186,Valladolid,4718610,47:47186:U8,True
4718610032,65,949,47,Valladolid,47186,Valladolid,4718610,47:47186:U8,True
4718610033,65,1201,47,Valladolid,47186,Valladolid,4718610,47:47186:U8,True
4718610034,65,994,47,Valladolid,47186,Valladolid,4718610,47:47186:U8,True
4718610036,65,877,47,Valladolid,47186,Valladolid,4718610,47:47186:U8,True
4718610021,66,1102,47,Valladolid,47186,Valladolid,4718610,47:47186:U9,True
4718610022,66,1280,47,Valladolid,47186,Valladolid,4718610,47:47186:U9,True
4718610024,66,1416,47,Valladolid,47186,Valladolid,4718610,47:47186:U9,True
4718610027,66,958,47,Valladolid,47186,Valladolid,4718610,47:47186:U9,True
4718610028,66,743,47,Valladolid,47186,Valladolid,4718610,47:47186:U9,True
4718610029,66,1692,47,Valladolid,47186,Valladolid,4718610,47:47186:U9,True
4718610031,66,662,47,Valladolid,47186,Valladolid,4718610,47:47186:U9,True
4718610038,66,1300,47,Valladolid,47186,Valladolid,4718610,47:47186:U9,True
4718610039,66,1201,47,Valladolid,47186,Valladolid,4718610,47:47186:U9,True
4718610040,66,1364,47,Valladolid,47186,Valladolid,4718610,47:47186:U9,True
4718610041,66,918,47,Valladolid,47186,Valladolid,4718610,47:47186:U9,True
4718610042,66,1837,47,Valladolid,47186,Valladolid,4718610,47:47186:U9,True
4718610043,66,1796,47,Valladolid,47186,Valladolid,4718610,47:47186:U9,True
4718610044,66,1383,47,Valladolid,47186,Valladolid,4718610,47:47186:U9,True
4718610045,66,1494,47,Valladolid,47186,Valladolid,4718610,47:47186:U9,True
4718610050,66,1533,47,Valladolid,47186,Valladolid,4718610,47:47186:U9,True
4718610052,66,2189,47,Valladolid,47186,Valladolid,4718610,47:47186:U9,True
4718610054,66,1303,47,Valladolid,47186,Valladolid,4718610,47:47186:U9,True
4718610055,66,1433,47,Valladolid,47186,Valladolid,4718610,47:47186:U9,True
4718610056,66,2156,47,Valladolid,47186,Valladolid,4718610,47:47186:U9,True
4718611036,66,2421,47,Valladolid,47186,Valladolid,4718611,47:47186:U9,True
4700401001,67,1426,47,Valladolid,47004,Alaejos,4700401,47:47004:M,False
4701701001,67,170,47,Valladolid,47017,Bercero,4701701,47:47017:M,False
4704101001,67,149,47,Valladolid,47041,Castrodeza,4704101,47:47041:M,False
4704301001,67,320,47,Valladolid,47043,Castromonte,4704301,47:47043:M,False
4704501001,67,745,47,Valladolid,47045,Castronuño,4704501,47:47045:M,False
4705101001,67,362,47,Valladolid,47051,Ciguñuela,4705101,47:47051:M,False
4707101001,67,491,47,Valladolid,47071,Geria,4707101,47:47071:M,False
4708301001,67,117,47,Valladolid,47083,Matilla de los Caños,4708301,47:47083:M,False
4709701001,67,341,47,Valladolid,47097,Mota del Marqués,4709701,47:47097:M,False
4709901001,67,168,47,Valladolid,47099,"Mudarra, La",4709901,47:47099:M,False
4710101001,67,812,47,Valladolid,47101,Nava del Rey,4710101,47:47101:M,False
4710101002,67,1116,47,Valladolid,47101,Nava del Rey,4710101,47:47101:M,False
4712101001,67,565,47,Valladolid,47121,Pollos,4712101,47:47121:M,False
4713501001,67,86,47,Valladolid,47135,Robladillo,4713501,47:47135:M,False
4713901001,67,1135,47,Valladolid,47139,Rueda,4713901,47:47139:M,False
4714601001,67,369,47,Valladolid,47146,San Miguel del Pino,4714601,47:47146:M,False
4714901001,67,42,47,Valladolid,47149,San Pelayo,4714901,47:47149:M,False
4715901001,67,1120,47,Valladolid,47159,Serrada,4715901,47:47159:M,False
4716001001,67,414,47,Valladolid,47160,Siete Iglesias de Trabancos,4716001,47:47160:M,False
4716101001,67,1782,47,Valladolid,47161,Simancas,4716101,47:47161:M,False
4716101002,67,2003,47,Valladolid,47161,Simancas,4716101,47:47161:M,False
4716101003,67,1767,47,Valladolid,47161,Simancas,4716101,47:47161:M,False
4716501001,67,1473,47,Valladolid,47165,Tordesillas,4716501,47:47165:M,False
4716501002,67,723,47,Valladolid,47165,Tordesillas,4716501,47:47165:M,False
4716501003,67,1252,47,Valladolid,47165,Tordesillas,4716501,47:47165:M,False
4716502001,67,2185,47,Valladolid,47165,Tordesillas,4716502,47:47165:M,False
4716502002,67,1485,47,Valladolid,47165,Tordesillas,4716502,47:47165:M,False
4716502003,67,1683,47,Valladolid,47165,Tordesillas,4716502,47:47165:M,False
4716601001,67,236,47,Valladolid,47166,Torrecilla de la Abadesa,4716601,47:47166:M,False
4717101001,67,387,47,Valladolid,47171,Torrelobatón,4717101,47:47171:M,False
4719001001,67,109,47,Valladolid,47190,Velilla,4719001,47:47190:M,False
4719101001,67,120,47,Valladolid,47191,Velliza,4719101,47:47191:M,False
4719701001,67,1078,47,Valladolid,47197,Villabrágima,4719701,47:47197:M,False
4721001001,67,470,47,Valladolid,47210,Villalar de los Comuneros,4721001,47:47210:M,False
4721601001,67,122,47,Valladolid,47216,Villán de Tordesillas,4721601,47:47216:M,False
4721801001,67,1262,47,Valladolid,47218,Villanueva de Duero,4721801,47:47218:M,False
4723001001,67,288,47,Valladolid,47230,Wamba,4723001,47:47230:M,False
4700701001,68,1604,47,Valladolid,47007,Aldeamayor de San Martín,4700701,47:47007:M,False
4700701002,68,1144,47,Valladolid,47007,Aldeamayor de San Martín,4700701,47:47007:M,False
4700701003,68,1833,47,Valladolid,47007,Aldeamayor de San Martín,4700701,47:47007:M,False
4700701004,68,1720,47,Valladolid,47007,Aldeamayor de San Martín,4700701,47:47007:M,False
4705201001,68,1669,47,Valladolid,47052,Cistérniga,4705201,47:47052:M,False
4705201002,68,1562,47,Valladolid,47052,Cistérniga,4705201,47:47052:M,False
4705201003,68,1849,47,Valladolid,47052,Cistérniga,4705201,47:47052:M,False
4705201004,68,2014,47,Valladolid,47052,Cistérniga,4705201,47:47052:M,False
4705201005,68,1008,47,Valladolid,47052,Cistérniga,4705201,47:47052:M,False
4705201006,68,1381,47,Valladolid,47052,Cistérniga,4705201,47:47052:M,False
4713301001,68,1894,47,Valladolid,47133,Renedo de Esgueva,4713301,47:47133:M,False
4713301002,68,2101,47,Valladolid,47133,Renedo de Esgueva,4713301,47:47133:M,False
4717501001,68,858,47,Valladolid,47175,Tudela de Duero,4717501,47:47175:M,False
4717501002,68,588,47,Valladolid,47175,Tudela de Duero,4717501,47:47175:M,False
4717501003,68,1535,47,Valladolid,47175,Tudela de Duero,4717501,47:47175:M,False
4717501004,68,1060,47,Valladolid,47175,Tudela de Duero,4717501,47:47175:M,False
4717502001,68,1158,47,Valladolid,47175,Tudela de Duero,4717502,47:47175:M,False
4717502002,68,1827,47,Valladolid,47175,Tudela de Duero,4717502,47:47175:M,False
4717502003,68,1907,47,Valladolid,47175,Tudela de Duero,4717502,47:47175:M,False
4702301001,69,1330,47,Valladolid,47023,Boecillo,4702301,47:47023:M,False
4702301002,69,1476,47,Valladolid,47023,Boecillo,4702301,47:47023:M,False
4702301003,69,1639,47,Valladolid,47023,Boecillo,4702301,47:47023:M,False
4707601001,69,1533,47,Valladolid,47076,Laguna de Duero,4707601,47:47076:M,False
4707601002,69,1698,47,Valladolid,47076,Laguna de Duero,4707601,47:47076:M,False
4707601003,69,2130,47,Valladolid,47076,Laguna de Duero,4707601,47:47076:M,False
4707601004,69,1052,47,Valladolid,47076,Laguna de Duero,4707601,47:47076:M,False
4707601005,69,1597,47,Valladolid,47076,Laguna de Duero,4707601,47:47076:M,False
4707601006,69,1770,47,Valladolid,47076,Laguna de Duero,4707601,47:47076:M,False
4707601007,69,1289,47,Valladolid,47076,Laguna de Duero,4707601,47:47076:M,False
4707601008,69,1143,47,Valladolid,47076,Laguna de Duero,4707601,47:47076:M,False
4707601009,69,1116,47,Valladolid,47076,Laguna de Duero,4707601,47:47076:M,False
4707601010,69,1108,47,Valladolid,47076,Laguna de Duero,4707601,47:47076:M,False
4707601011,69,751,47,Valladolid,47076,Laguna de Duero,4707601,47:47076:M,False
4707601012,69,828,47,Valladolid,47076,Laguna de Duero,4707601,47:47076:M,False
4707601013,69,913,47,Valladolid,47076,Laguna de Duero,4707601,47:47076:M,False
4707601014,69,1042,47,Valladolid,47076,Laguna de Duero,4707601,47:47076:M,False
4707601015,69,879,47,Valladolid,47076,Laguna de Duero,4707601,47:47076:M,False
4707601016,69,1027,47,Valladolid,47076,Laguna de Duero,4707601,47:47076:M,False
4707601017,69,1762,47,Valladolid,47076,Laguna de Duero,4707601,47:47076:M,False
4707601018,69,1361,47,Valladolid,47076,Laguna de Duero,4707601,47:47076:M,False
4701001001,70,1793,47,Valladolid,47010,Arroyo de la Encomienda,4701001,47:47010:M,False
4701001002,70,1996,47,Valladolid,47010,Arroyo de la Encomienda,4701001,47:47010:M,False
4701001003,70,2342,47,Valladolid,47010,Arroyo de la Encomienda,4701001,47:47010:M,False
4701001004,70,1739,47,Valladolid,47010,Arroyo de la Encomienda,4701001,47:47010:M,False
4701001005,70,2266,47,Valladolid,47010,Arroyo de la Encomienda,4701001,47:47010:M,False
4701001006,70,2676,47,Valladolid,47010,Arroyo de la Encomienda,4701001,47:47010:M,False
4701001007,70,2076,47,Valladolid,47010,Arroyo de la Encomienda,4701001,47:47010:M,False
4701001008,70,2851,47,Valladolid,47010,Arroyo de la Encomienda,4701001,47:47010:M,False
4701001009,70,1231,47,Valladolid,47010,Arroyo de la Encomienda,4701001,47:47010:M,False
4701001010,70,2802,47,Valladolid,47010,Arroyo de la Encomienda,4701001,47:47010:M,False
4701001011,70,1006,47,Valladolid,47010,Arroyo de la Encomienda,4701001,47:47010:M,False
4723101001,70,1979,47,Valladolid,47231,Zaratán,4723101,47:47231:M,False
4723101002,70,1561,47,Valladolid,47231,Zaratán,4723101,47:47231:M,False
4723101003,70,1493,47,Valladolid,47231,Zaratán,4723101,47:47231:M,False
4723101004,70,1351,47,Valladolid,47231,Zaratán,4723101,47:47231:M,False
4700201001,71,18,47,Valladolid,47002,Aguasal,4700201,47:47002:M,False
4700801001,71,24,47,Valladolid,47008,Almenara de Adaja,4700801,47:47008:M,False
4701101001,71,588,47,Valladolid,47011,Ataquines,4701101,47:47011:M,False
4702001001,71,279,47,Valladolid,47020,Bobadilla del Campo,4702001,47:47020:M,False
4702101001,71,75,47,Valladolid,47021,Bocigas,4702101,47:47021:M,False
4702501001,71,96,47,Valladolid,47025,Brahojos de Medina,4702501,47:47025:M,False
4703101001,71,205,47,Valladolid,47031,"Campillo, El",4703101,47:47031:M,False
4703501001,71,924,47,Valladolid,47035,Carpio,4703501,47:47035:M,False
4703701001,71,173,47,Valladolid,47037,Castrejón de Trabancos,4703701,47:47037:M,False
4704901001,71,87,47,Valladolid,47049,Cervillego de la Cruz,4704901,47:47049:M,False
4706501001,71,825,47,Valladolid,47065,Fresno el Viejo,4706501,47:47065:M,False
4706701001,71,149,47,Valladolid,47067,Fuente el Sol,4706701,47:47067:M,False
4706801001,71,42,47,Valladolid,47068,Fuente-Olmedo,4706801,47:47068:M,False
4707801001,71,158,47,Valladolid,47078,Lomoviejo,4707801,47:47078:M,False
4707901001,71,49,47,Valladolid,47079,Llano de Olmedo,4707901,47:47079:M,False
4708501001,71,708,47,Valladolid,47085,Medina del Campo,4708501,47:47085:M,False
4708501002,71,2160,47,Valladolid,47085,Medina del Campo,4708501,47:47085:M,False
4708501003,71,2175,47,Valladolid,47085,Medina del Campo,4708501,47:47085:M,False
4708501004,71,1403,47,Valladolid,47085,Medina del Campo,4708501,47:47085:M,False
4708501005,71,1619,47,Valladolid,47085,Medina del Campo,4708501,47:47085:M,False
4708501006,71,1081,47,Valladolid,47085,Medina del Campo,4708501,47:47085:M,False
4708502001,71,1210,47,Valladolid,47085,Medina del Campo,4708502,47:47085:M,False
4708502002,71,1556,47,Valladolid,47085,Medina del Campo,4708502,47:47085:M,False
4708502003,71,1134,47,Valladolid,47085,Medina del Campo,4708502,47:47085:M,False
4708502004,71,1359,47,Valladolid,47085,Medina del Campo,4708502,47:47085:M,False
4708503001,71,1302,47,Valladolid,47085,Medina del Campo,4708503,47:47085:M,False
4708503002,71,919,47,Valladolid,47085,Medina del Campo,4708503,47:47085:M,False
4708503003,71,1952,47,Valladolid,47085,Medina del Campo,4708503,47:47085:M,False
4708503004,71,1660,47,Valladolid,47085,Medina del Campo,4708503,47:47085:M,False
4709501001,71,42,47,Valladolid,47095,Moraleja de las Panaderas,4709501,47:47095:M,False
4710001001,71,106,47,Valladolid,47100,Muriel,4710001,47:47100:M,False
4710201001,71,265,47,Valladolid,47102,Nueva Villa de las Torres,4710201,47:47102:M,False
4712301001,71,557,47,Valladolid,47123,Pozal de Gallinas,4712301,47:47123:M,False
4712401001,71,511,47,Valladolid,47124,Pozaldez,4712401,47:47124:M,False
4712601001,71,44,47,Valladolid,47126,Puras,4712601,47:47126:M,False
4713201001,71,44,47,Valladolid,47132,Ramiro,4713201,47:47132:M,False
4713801001,71,208,47,Valladolid,47138,Rubí de Bracamonte,4713801,47:47138:M,False
4714101001,71,99,47,Valladolid,47141,Salvador de Zapardiel,4714101,47:47141:M,False
4714701001,71,113,47,Valladolid,47147,San Pablo de la Moraleja,4714701,47:47147:M,False
4715601001,71,155,47,Valladolid,47156,San Vicente del Palacio,4715601,47:47156:M,False
4715801001,71,1018,47,Valladolid,47158,"Seca, La",4715801,47:47158:M,False
4716701001,71,227,47,Valladolid,47167,Torrecilla de la Orden,4716701,47:47167:M,False
4718901001,71,157,47,Valladolid,47189,Velascálvaro,4718901,47:47189:M,False
4719201001,71,112,47,Valladolid,47192,Ventosa de la Cuesta,4719201,47:47192:M,False
4722801001,71,506,47,Valladolid,47228,Villaverde de Medina,4722801,47:47228:M,False
4723201001,71,111,47,Valladolid,47232,"Zarza, La",4723201,47:47232:M,False
4718608027,72,1025,47,Valladolid,47186,Valladolid,4718608,47:47186:R,False
4718608028,72,1760,47,Valladolid,47186,Valladolid,4718608,47:47186:R,False
4718608031,72,1604,47,Valladolid,47186,Valladolid,4718608,47:47186:R,False
4718608032,72,962,47,Valladolid,47186,Valladolid,4718608,47:47186:R,False
4718608033,72,764,47,Valladolid,47186,Valladolid,4718608,47:47186:R,False
4718608034,72,708,47,Valladolid,47186,Valladolid,4718608,47:47186:R,False
4718608039,72,622,47,Valladolid,47186,Valladolid,4718608,47:47186:R,False
4718610001,72,2025,47,Valladolid,47186,Valladolid,4718610,47:47186:R,False
4718610002,72,883,47,Valladolid,47186,Valladolid,4718610,47:47186:R,False
4718610003,72,815,47,Valladolid,47186,Valladolid,4718610,47:47186:R,False
4718610005,72,1491,47,Valladolid,47186,Valladolid,4718610,47:47186:R,False
4718610006,72,1254,47,Valladolid,47186,Valladolid,4718610,47:47186:R,False
4718610008,72,1688,47,Valladolid,47186,Valladolid,4718610,47:47186:R,False
4718610014,72,1380,47,Valladolid,47186,Valladolid,4718610,47:47186:R,False
4718610015,72,915,47,Valladolid,47186,Valladolid,4718610,47:47186:R,False
4718610016,72,773,47,Valladolid,47186,Valladolid,4718610,47:47186:R,False
4718610018,72,1152,47,Valladolid,47186,Valladolid,4718610,47:47186:R,False
4718610026,72,966,47,Valladolid,47186,Valladolid,4718610,47:47186:R,False
4718610035,72,1284,47,Valladolid,47186,Valladolid,4718610,47:47186:R,False
4718610046,72,1589,47,Valladolid,47186,Valladolid,4718610,47:47186:R,False
4718610047,72,1534,47,Valladolid,47186,Valladolid,4718610,47:47186:R,False
4718610048,72,859,47,Valladolid,47186,Valladolid,4718610,47:47186:R,False
4718610053,72,1280,47,Valladolid,47186,Valladolid,4718610,47:47186:R,False
4718612001,72,1063,47,Valladolid,47186,Valladolid,4718612,47:47186:R,False
4718612004,72,1674,47,Valladolid,47186,Valladolid,4718612,47:47186:R,False
4700501001,73,626,47,Valladolid,47005,Alcazarén,4700501,47:47005:M,False
4705301001,73,143,47,Valladolid,47053,Cogeces de Íscar,4705301,47:47053:M,False
4705401001,73,640,47,Valladolid,47054,Cogeces del Monte,4705401,47:47054:M,False
4707401001,73,182,47,Valladolid,47074,Hornillos de Eresma,4707401,47:47074:M,False
4707501001,73,1162,47,Valladolid,47075,Íscar,4707501,47:47075:M,False
4707501002,73,1825,47,Valladolid,47075,Íscar,4707501,47:47075:M,False
4707502001,73,1483,47,Valladolid,47075,Íscar,4707502,47:47075:M,False
4707502002,73,2084,47,Valladolid,47075,Íscar,4707502,47:47075:M,False
4708201001,73,975,47,Valladolid,47082,Matapozuelos,4708201,47:47082:M,False
4708701001,73,422,47,Valladolid,47087,Megeces,4708701,47:47087:M,False
4709001001,73,1449,47,Valladolid,47090,Mojados,4709001,47:47090:M,False
4709001002,73,1995,47,Valladolid,47090,Mojados,4709001,47:47090:M,False
4709301001,73,840,47,Valladolid,47093,Montemayor de Pililla,4709301,47:47093:M,False
4710401001,73,665,47,Valladolid,47104,Olmedo,4710401,47:47104:M,False
4710401002,73,1166,47,Valladolid,47104,Olmedo,4710401,47:47104:M,False
4710402001,73,1008,47,Valladolid,47104,Olmedo,4710402,47:47104:M,False
4710402002,73,787,47,Valladolid,47104,Olmedo,4710402,47:47104:M,False
4711101001,73,1191,47,Valladolid,47111,"Pedraja de Portillo, La",4711101,47:47111:M,False
4711201001,73,1863,47,Valladolid,47112,Pedrajas de San Esteban,4711201,47:47112:M,False
4711201002,73,1571,47,Valladolid,47112,Pedrajas de San Esteban,4711201,47:47112:M,False
4712901001,73,1046,47,Valladolid,47129,Quintanilla de Onésimo,4712901,47:47129:M,False
4714501001,73,641,47,Valladolid,47145,San Miguel del Arroyo,4714501,47:47145:M,False
4715701001,73,601,47,Valladolid,47157,Sardón de Duero,4715701,47:47157:M,False
4718201001,73,1645,47,Valladolid,47182,Valdestillas,4718201,47:47182:M,False
4719301001,73,2283,47,Valladolid,47193,Viana de Cega,4719301,47:47193:M,False
4700601001,74,212,47,Valladolid,47006,Aldea de San Miguel,4700601,47:47006:M,False
4700901001,74,95,47,Valladolid,47009,Amusquillo,4700901,47:47009:M,False
4701201001,74,96,47,Valladolid,47012,Bahabón,4701201,47:47012:M,False
4702201001,74,77,47,Valladolid,47022,Bocos de Duero,4702201,47:47022:M,False
4702701001,74,2552,47,Valladolid,47027,Cabezón de Pisuerga,4702701,47:47027:M,False
4702701002,74,1379,47,Valladolid,47027,Cabezón de Pisuerga,4702701,47:47027:M,False
4703001001,74,1015,47,Valladolid,47030,Campaspero,4703001,47:47030:M,False
4703201001,74,143,47,Valladolid,47032,Camporredondo,4703201,47:47032:M,False
4703301001,74,257,47,Valladolid,47033,Canalejas de Peñafiel,4703301,47:47033:M,False
4703401001,74,71,47,Valladolid,47034,Canillas de Esgueva,4703401,47:47034:M,False
4703801001,74,109,47,Valladolid,47038,Castrillo de Duero,4703801,47:47038:M,False
4703901001,74,157,47,Valladolid,47039,Castrillo-Tejeriego,4703901,47:47039:M,False
4704401001,74,413,47,Valladolid,47044,Castronuevo de Esgueva,4704401,47:47044:M,False
4704701001,74,192,47,Valladolid,47047,Castroverde de Cerrato,4704701,47:47047:M,False
4705501001,74,202,47,Valladolid,47055,Corcos,4705501,47:47055:M,False
4705601001,74,106,47,Valladolid,47056,Corrales de Duero,4705601,47:47056:M,False
4705701001,74,394,47,Valladolid,47057,Cubillas de Santa Marta,4705701,47:47057:M,False
4705901001,74,111,47,Valladolid,47059,Curiel de Duero,4705901,47:47059:M,False
4706001001,74,214,47,Valladolid,47060,Encinas de Esgueva,4706001,47:47060:M,False
4706101001,74,258,47,Valladolid,47061,Esguevillas de Esgueva,4706101,47:47061:M,False
4706201001,74,170,47,Valladolid,47062,Fombellida,4706201,47:47062:M,False
4706301001,74,115,47,Valladolid,47063,Fompedraza,4706301,47:47063:M,False
4707701001,74,246,47,Valladolid,47077,Langayo,4707701,47:47077:M,False
4708001001,74,50,47,Valladolid,47080,Manzanillo,4708001,47:47080:M,False
4710301001,74,327,47,Valladolid,47103,Olivares de Duero,4710301,47:47103:M,False
4710501001,74,191,47,Valladolid,47105,Olmos de Esgueva,4710501,47:47105:M,False
4710601001,74,35,47,Valladolid,47106,Olmos de Peñafiel,4710601,47:47106:M,False
4711001001,74,471,47,Valladolid,47110,"Parrilla, La",4711001,47:47110:M,False
4711401001,74,1976,47,Valladolid,47114,Peñafiel,4711401,47:47114:M,False
4711401002,74,1495,47,Valladolid,47114,Peñafiel,4711401,47:47114:M,False
4711402001,74,1092,47,Valladolid,47114,Peñafiel,4711402,47:47114:M,False
4711402002,74,600,47,Valladolid,47114,Peñafiel,4711402,47:47114:M,False
4711601001,74,403,47,Valladolid,47116,Pesquera de Duero,4711601,47:47116:M,False
4711701001,74,315,47,Valladolid,47117,Piña de Esgueva,4711701,47:47117:M,False
4711801001,74,164,47,Valladolid,47118,Piñel de Abajo,4711801,47:47118:M,False
4711901001,74,81,47,Valladolid,47119,Piñel de Arriba,4711901,47:47119:M,False
4712201001,74,705,47,Valladolid,47122,Portillo,4712201,47:47122:M,False
4712202001,74,1691,47,Valladolid,47122,Portillo,4712202,47:47122:M,False
4712701001,74,163,47,Valladolid,47127,Quintanilla de Arriba,4712701,47:47127:M,False
4713001001,74,100,47,Valladolid,47130,Quintanilla de Trigueros,4713001,47:47130:M,False
4713101001,74,169,47,Valladolid,47131,Rábano,4713101,47:47131:M,False
4713701001,74,26,47,Valladolid,47137,Roturas,4713701,47:47137:M,False
4714301001,74,92,47,Valladolid,47143,San Llorente,4714301,47:47143:M,False
4714401001,74,79,47,Valladolid,47144,San Martín de Valvení,4714401,47:47144:M,False
4715401001,74,195,47,Valladolid,47154,Santibáñez de Valcorba,4715401,47:47154:M,False
4715501001,74,1283,47,Valladolid,47155,Santovenia de Pisuerga,4715501,47:47155:M,False
4715501002,74,2158,47,Valladolid,47155,Santovenia de Pisuerga,4715501,47:47155:M,False
4715501003,74,1332,47,Valladolid,47155,Santovenia de Pisuerga,4715501,47:47155:M,False
4716901001,74,62,47,Valladolid,47169,Torre de Esgueva,4716901,47:47169:M,False
4717001001,74,57,47,Valladolid,47170,Torre de Peñafiel,4717001,47:47170:M,False
4717201001,74,163,47,Valladolid,47172,Torrescárcela,4717201,47:47172:M,False
4717301001,74,1311,47,Valladolid,47173,Traspinedo,4717301,47:47173:M,False
4717401001,74,320,47,Valladolid,47174,Trigueros del Valle,4717401,47:47174:M,False
4717901001,74,388,47,Valladolid,47179,Valbuena de Duero,4717901,47:47179:M,False
4718001001,74,61,47,Valladolid,47180,Valdearcos de la Vega,4718001,47:47180:M,False
4718401001,74,745,47,Valladolid,47184,Valoria la Buena,4718401,47:47184:M,False
4719401001,74,350,47,Valladolid,47194,Viloria,4719401,47:47194:M,False
4719501001,74,527,47,Valladolid,47195,Villabáñez,4719501,47:47195:M,False
4720001001,74,72,47,Valladolid,47200,Villaco,4720001,47:47200:M,False
4720601001,74,80,47,Valladolid,47206,Villafuerte,4720601,47:47206:M,False
4722101001,74,116,47,Valladolid,47221,Villanueva de los Infantes,4722101,47:47221:M,False
4722401001,74,100,47,Valladolid,47224,Villarmentero de Esgueva,4722401,47:47224:M,False
4722601001,74,155,47,Valladolid,47226,Villavaquerín,4722601,47:47226:M,False
4700101001,75,50,47,Valladolid,47001,Adalia,4700101,47:47001:M,False
4700301001,75,265,47,Valladolid,47003,Aguilar de Campos,4700301,47:47003:M,False
4701301001,75,99,47,Valladolid,47013,Barcial de la Loma,4701301,47:47013:M,False
4701401001,75,51,47,Valladolid,47014,Barruelo del Valle,4701401,47:47014:M,False
4701501001,75,206,47,Valladolid,47015,Becilla de Valderaduey,4701501,47:47015:M,False
4701601001,75,67,47,Valladolid,47016,Benafarces,4701601,47:47016:M,False
4701801001,75,36,47,Valladolid,47018,Berceruelo,4701801,47:47018:M,False
4701901001,75,86,47,Valladolid,47019,Berrueces,4701901,47:47019:M,False
4702401001,75,243,47,Valladolid,47024,Bolaños de Campos,4702401,47:47024:M,False
4702601001,75,69,47,Valladolid,47026,Bustillo de Chaves,4702601,47:47026:M,False
4702801001,75,25,47,Valladolid,47028,Cabezón de Valderaduey,4702801,47:47028:M,False
4702901001,75,64,47,Valladolid,47029,Cabreros del Monte,4702901,47:47029:M,False
4703601001,75,203,47,Valladolid,47036,Casasola de Arión,4703601,47:47036:M,False
4704001001,75,43,47,Valladolid,47040,Castrobol,4704001,47:47040:M,False
4704201001,75,50,47,Valladolid,47042,Castromembibre,4704201,47:47042:M,False
4704601001,75,129,47,Valladolid,47046,Castroponce,4704601,47:47046:M,False
4704801001,75,172,47,Valladolid,47048,Ceinos de Campos,4704801,47:47048:M,False
4705001001,75,1838,47,Valladolid,47050,Cigales,4705001,47:47050:M,False
4705001002,75,1938,47,Valladolid,47050,Cigales,4705001,47:47050:M,False
4705001003,75,1680,47,Valladolid,47050,Cigales,4705001,47:47050:M,False
4705801001,75,180,47,Valladolid,47058,Cuenca de Campos,4705801,47:47058:M,False
4706401001,75,29,47,Valladolid,47064,Fontihoyuelo,4706401,47:47064:M,False
4706601001,75,2144,47,Valladolid,47066,Fuensaldaña,4706601,47:47066:M,False
4706901001,75,104,47,Valladolid,47069,Gallegos de Hornija,4706901,47:47069:M,False
4707001001,75,47,47,Valladolid,47070,Gatón de Campos,4707001,47:47070:M,False
4707301001,75,112,47,Valladolid,47073,Herrín de Campos,4707301,47:47073:M,False
4708101001,75,45,47,Valladolid,47081,Marzales,4708101,47:47081:M,False
4708401001,75,1360,47,Valladolid,47084,Mayorga,4708401,47:47084:M,False
4708601001,75,862,47,Valladolid,47086,Medina de Rioseco,4708601,47:47086:M,False
4708601002,75,1194,47,Valladolid,47086,Medina de Rioseco,4708601,47:47086:M,False
4708602001,75,896,47,Valladolid,47086,Medina de Rioseco,4708602,47:47086:M,False
4708602002,75,1661,47,Valladolid,47086,Medina de Rioseco,4708602,47:47086:M,False
4708801001,75,114,47,Valladolid,47088,Melgar de Abajo,4708801,47:47088:M,False
4708901001,75,163,47,Valladolid,47089,Melgar de Arriba,4708901,47:47089:M,False
4709101001,75,79,47,Valladolid,47091,Monasterio de Vega,4709101,47:47091:M,False
4709201001,75,105,47,Valladolid,47092,Montealegre de Campos,4709201,47:47092:M,False
4709401001,75,131,47,Valladolid,47094,Moral de la Reina,4709401,47:47094:M,False
4709601001,75,132,47,Valladolid,47096,Morales de Campos,4709601,47:47096:M,False
4709801001,75,693,47,Valladolid,47098,Mucientes,4709801,47:47098:M,False
4710901001,75,163,47,Valladolid,47109,Palazuelo de Vedija,4710901,47:47109:M,False
4711301001,75,149,47,Valladolid,47113,Pedrosa del Rey,4711301,47:47113:M,False
4711501001,75,349,47,Valladolid,47115,Peñaflor de Hornija,4711501,47:47115:M,False
4712501001,75,60,47,Valladolid,47125,Pozuelo de la Orden,4712501,47:47125:M,False
4712801001,75,45,47,Valladolid,47128,Quintanilla del Molar,4712801,47:47128:M,False
4713401001,75,154,47,Valladolid,47134,Roales de Campos,4713401,47:47134:M,False
4714001001,75,117,47,Valladolid,47140,Saelices de Mayorga,4714001,47:47140:M,False
4714201001,75,99,47,Valladolid,47142,San Cebrián de Mazote,4714201,47:47142:M,False
4714801001,75,432,47,Valladolid,47148,San Pedro de Latarce,4714801,47:47148:M,False
4715001001,75,298,47,Valladolid,47150,San Román de Hornija,4715001,47:47150:M,False
4715101001,75,20,47,Valladolid,47151,San Salvador,4715101,47:47151:M,False
4715201001,75,79,47,Valladolid,47152,Santa Eufemia del Arroyo,4715201,47:47152:M,False
4715301001,75,100,47,Valladolid,47153,Santervás de Campos,4715301,47:47153:M,False
4716201001,75,84,47,Valladolid,47162,Tamariz de Campos,4716201,47:47162:M,False
4716301001,75,273,47,Valladolid,47163,Tiedra,4716301,47:47163:M,False
4716401001,75,367,47,Valladolid,47164,Tordehumos,4716401,47:47164:M,False
4716801001,75,28,47,Valladolid,47168,Torrecilla de la Torre,4716801,47:47168:M,False
4717601001,75,213,47,Valladolid,47176,"Unión de Campos, La",4717601,47:47176:M,False
4717701001,75,94,47,Valladolid,47177,Urones de Castroponce,4717701,47:47177:M,False
4717801001,75,201,47,Valladolid,47178,Urueña,4717801,47:47178:M,False
4718101001,75,192,47,Valladolid,47181,Valdenebro de los Valles,4718101,47:47181:M,False
4718301001,75,111,47,Valladolid,47183,Valdunquillo,4718301,47:47183:M,False
4718501001,75,91,47,Valladolid,47185,Valverde de Campos,4718501,47:47185:M,False
4718701001,75,80,47,Valladolid,47187,Vega de Ruiponce,4718701,47:47187:M,False
4718801001,75,88,47,Valladolid,47188,Vega de Valdetronco,4718801,47:47188:M,False
4719601001,75,31,47,Valladolid,47196,Villabaruz de Campos,4719601,47:47196:M,False
4719801001,75,71,47,Valladolid,47198,Villacarralón,4719801,47:47198:M,False
4719901001,75,86,47,Valladolid,47199,Villacid de Campos,4719901,47:47199:M,False
4720301001,75,59,47,Valladolid,47203,Villafrades de Campos,4720301,47:47203:M,False
4720401001,75,250,47,Valladolid,47204,Villafranca de Duero,4720401,47:47204:M,False
4720501001,75,474,47,Valladolid,47205,Villafrechós,4720501,47:47205:M,False
4720701001,75,294,47,Valladolid,47207,Villagarcía de Campos,4720701,47:47207:M,False
4720801001,75,47,47,Valladolid,47208,Villagómez la Nueva,4720801,47:47208:M,False
4720901001,75,36,47,Valladolid,47209,Villalán de Campos,4720901,47:47209:M,False
4721101001,75,56,47,Valladolid,47211,Villalba de la Loma,4721101,47:47211:M,False
4721201001,75,395,47,Valladolid,47212,Villalba de los Alcores,4721201,47:47212:M,False
4721301001,75,96,47,Valladolid,47213,Villalbarba,4721301,47:47213:M,False
4721401001,75,1479,47,Valladolid,47214,Villalón de Campos,4721401,47:47214:M,False
4721501001,75,55,47,Valladolid,47215,Villamuriel de Campos,4721501,47:47215:M,False
4721701001,75,1343,47,Valladolid,47217,Villanubla,4721701,47:47217:M,False
4721701002,75,1559,47,Valladolid,47217,Villanubla,4721701,47:47217:M,False
4721901001,75,66,47,Valladolid,47219,Villanueva de la Condesa,4721901,47:47219:M,False
4722001001,75,147,47,Valladolid,47220,Villanueva de los Caballeros,4722001,47:47220:M,False
4722201001,75,96,47,Valladolid,47222,Villanueva de San Mancio,4722201,47:47222:M,False
4722301001,75,148,47,Valladolid,47223,Villardefrades,4722301,47:47223:M,False
4722501001,75,67,47,Valladolid,47225,Villasexmir,4722501,47:47225:M,False
4722701001,75,51,47,Valladolid,47227,Villavellid,4722701,47:47227:M,False
4722901001,75,215,47,Valladolid,47229,Villavicencio de los Caballeros,4722901,47:47229:M,False
4927501001,76,916,49,Zamora,49275,Zamora,4927501,49:49275:U1,True
4927501002,76,1642,49,Zamora,49275,Zamora,4927501,49:49275:U1,True
4927501004,76,1112,49,Zamora,49275,Zamora,4927501,49:49275:U1,True
4927501005,76,1057,49,Zamora,49275,Zamora,4927501,49:49275:U1,True
4927501008,76,986,49,Zamora,49275,Zamora,4927501,49:49275:U1,True
4927501009,76,1532,49,Zamora,49275,Zamora,4927501,49:49275:U1,True
4927501010,76,1054,49,Zamora,49275,Zamora,4927501,49:49275:U1,True
4927501011,76,987,49,Zamora,49275,Zamora,4927501,49:49275:U1,True
4927501012,76,755,49,Zamora,49275,Zamora,4927501,49:49275:U1,True
4927501013,76,812,49,Zamora,49275,Zamora,4927501,49:49275:U1,True
4927501014,76,877,49,Zamora,49275,Zamora,4927501,49:49275:U1,True
4927501015,76,1340,49,Zamora,49275,Zamora,4927501,49:49275:U1,True
4927502017,76,735,49,Zamora,49275,Zamora,4927502,49:49275:U1,True
4927504002,76,1628,49,Zamora,49275,Zamora,4927504,49:49275:U1,True
4927504003,76,1588,49,Zamora,49275,Zamora,4927504,49:49275:U1,True
4927504005,76,1634,49,Zamora,49275,Zamora,4927504,49:49275:U1,True
4927505001,76,1233,49,Zamora,49275,Zamora,4927505,49:49275:U1,True
4927505003,76,984,49,Zamora,49275,Zamora,4927505,49:49275:U1,True
4927505004,76,2191,49,Zamora,49275,Zamora,4927505,49:49275:U1,True
4927505005,76,1835,49,Zamora,49275,Zamora,4927505,49:49275:U1,True
4927505006,76,1035,49,Zamora,49275,Zamora,4927505,49:49275:U1,True
4927505008,76,2047,49,Zamora,49275,Zamora,4927505,49:49275:U1,True
4927505009,76,2113,49,Zamora,49275,Zamora,4927505,49:49275:U1,True
4901101001,77,211,49,Zamora,49011,Arcos de la Polvorosa,4901101,49:49011:M,False
4902101001,77,910,49,Zamora,49021,Benavente,4902101,49:49021:M,False
4902101002,77,1427,49,Zamora,49021,Benavente,4902101,49:49021:M,False
4902101003,77,763,49,Zamora,49021,Benavente,4902101,49:49021:M,False
4902101004,77,1497,49,Zamora,49021,Benavente,4902101,49:49021:M,False
4902101005,77,1458,49,Zamora,49021,Benavente,4902101,49:49021:M,False
4902101006,77,1334,49,Zamora,49021,Benavente,4902101,49:49021:M,False
4902102001,77,744,49,Zamora,49021,Benavente,4902102,49:49021:M,False
4902102002,77,1907,49,Zamora,49021,Benavente,4902102,49:49021:M,False
4902102003,77,1643,49,Zamora,49021,Benavente,4902102,49:49021:M,False
4902102005,77,1652,49,Zamora,49021,Benavente,4902102,49:49021:M,False
4902102006,77,2136,49,Zamora,49021,Benavente,4902102,49:49021:M,False
4902103001,77,985,49,Zamora,49021,Benavente,4902103,49:49021:M,False
4902103002,77,820,49,Zamora,49021,Benavente,4902103,49:49021:M,False
4904101001,77,433,49,Zamora,49041,Castrogonzalo,4904101,49:49041:M,False
4904301001,77,244,49,Zamora,49043,Castroverde de Campos,4904301,49:49043:M,False
4904601001,77,232,49,Zamora,49046,Cerecinos de Campos,4904601,49:49046:M,False
4907501001,77,117,49,Zamora,49075,Fresno de la Polvorosa,4907501,49:49075:M,False
4908201001,77,370,49,Zamora,49082,Fuentes de Ropel,4908201,49:49082:M,False
4910501001,77,137,49,Zamora,49105,Maire de Castroponce,4910501,49:49105:M,False
4910901001,77,640,49,Zamora,49109,Manganeses de la Polvorosa,4910901,49:49109:M,False
4911301001,77,149,49,Zamora,49113,Matilla de Arzón,4911301,49:49113:M,False
4912801001,77,530,49,Zamora,49128,Morales de Rey,4912801,49:49128:M,False
4915901001,77,268,49,Zamora,49159,Pobladura del Valle,4915901,49:49159:M,False
4916501001,77,53,49,Zamora,49165,Prado,4916501,49:49165:M,False
4916901001,77,38,49,Zamora,49169,Quintanilla del Olmo,4916901,49:49169:M,False
4917001001,77,98,49,Zamora,49170,Quintanilla de Urz,4917001,49:49170:M,False
4917501001,77,225,49,Zamora,49175,Revellinos,4917501,49:49175:M,False
4918701001,77,1329,49,Zamora,49187,San Cristóbal de Entreviñas,4918701,49:49187:M,False
4918801001,77,118,49,Zamora,49188,San Esteban del Molar,4918801,49:49188:M,False
4919201001,77,124,49,Zamora,49192,San Miguel del Valle,4919201,49:49192:M,False
4919901001,77,237,49,Zamora,49199,Santa Colomba de las Monjas,4919901,49:49199:M,False
4920001001,77,1035,49,Zamora,49200,Santa Cristina de la Polvorosa,4920001,49:49200:M,False
4920301001,77,263,49,Zamora,49203,Santa María de la Vega,4920301,49:49203:M,False
4922001001,77,122,49,Zamora,49220,"Torre del Valle, La",4922001,49:49220:M,False
4922901001,77,131,49,Zamora,49229,Valdescorriel,4922901,49:49229:M,False
4923201001,77,88,49,Zamora,49232,Vega de Villalobos,4923201,49:49232:M,False
4923801001,77,257,49,Zamora,49238,Villabrázaro,4923801,49:49238:M,False
4924801001,77,202,49,Zamora,49248,Villalobos,4924801,49:49248:M,False
4925201001,77,331,49,Zamora,49252,Villamayor de Campos,4925201,49:49252:M,False
4925701001,77,399,49,Zamora,49257,Villanueva de Azoague,4925701,49:49257:M,False
4926001001,77,743,49,Zamora,49260,Villanueva del Campo,4926001,49:49260:M,False
4926301001,77,50,49,Zamora,49263,Villar de Fallaves,4926301,49:49263:M,False
4927501003,78,1585,49,Zamora,49275,Zamora,4927501,49:49275:R,False
4927501006,78,2260,49,Zamora,49275,Zamora,4927501,49:49275:R,False
4927501007,78,1385,49,Zamora,49275,Zamora,4927501,49:49275:R,False
4927502001,78,1385,49,Zamora,49275,Zamora,4927502,49:49275:R,False
4927502002,78,1406,49,Zamora,49275,Zamora,4927502,49:49275:R,False
4927502003,78,1886,49,Zamora,49275,Zamora,4927502,49:49275:R,False
4927502004,78,1302,49,Zamora,49275,Zamora,4927502,49:49275:R,False
4927502005,78,825,49,Zamora,49275,Zamora,4927502,49:49275:R,False
4927502006,78,941,49,Zamora,49275,Zamora,4927502,49:49275:R,False
4927502007,78,730,49,Zamora,49275,Zamora,4927502,49:49275:R,False
4927502008,78,1213,49,Zamora,49275,Zamora,4927502,49:49275:R,False
4927502009,78,935,49,Zamora,49275,Zamora,4927502,49:49275:R,False
4927502010,78,827,49,Zamora,49275,Zamora,4927502,49:49275:R,False
4927502011,78,1435,49,Zamora,49275,Zamora,4927502,49:49275:R,False
4927502012,78,1306,49,Zamora,49275,Zamora,4927502,49:49275:R,False
4927502013,78,929,49,Zamora,49275,Zamora,4927502,49:49275:R,False
4927502014,78,723,49,Zamora,49275,Zamora,4927502,49:49275:R,False
4927502015,78,883,49,Zamora,49275,Zamora,4927502,49:49275:R,False
4927502016,78,837,49,Zamora,49275,Zamora,4927502,49:49275:R,False
4927503001,78,1212,49,Zamora,49275,Zamora,4927503,49:49275:R,False
4927503002,78,1540,49,Zamora,49275,Zamora,4927503,49:49275:R,False
4927503003,78,1315,49,Zamora,49275,Zamora,4927503,49:49275:R,False
4927503004,78,1549,49,Zamora,49275,Zamora,4927503,49:49275:R,False
4927504004,78,1355,49,Zamora,49275,Zamora,4927504,49:49275:R,False
4900501001,79,120,49,Zamora,49005,Alfaraz de Sayago,4900501,49:49005:M,False
4900701001,79,386,49,Zamora,49007,Almaraz de Duero,4900701,49:49007:M,False
4900801001,79,412,49,Zamora,49008,Almeida de Sayago,4900801,49:49008:M,False
4901001001,79,452,49,Zamora,49010,Arcenillas,4901001,49:49010:M,False
4901201001,79,79,49,Zamora,49012,Argañín,4901201,49:49012:M,False
4901901001,79,254,49,Zamora,49019,Barcial del Barco,4901901,49:49019:M,False
4902801001,79,97,49,Zamora,49028,Brime de Urz,4902801,49:49028:M,False
4903101001,79,143,49,Zamora,49031,Cabañas de Sayago,4903101,49:49031:M,False
4903601001,79,468,49,Zamora,49036,Carbajales de Alba,4903601,49:49036:M,False
4903801001,79,90,49,Zamora,49038,Casaseca de Campeán,4903801,49:49038:M,False
4903901001,79,373,49,Zamora,49039,Casaseca de las Chanas,4903901,49:49039:M,False
4904401001,79,72,49,Zamora,49044,Cazurra,4904401,49:49044:M,False
4905201001,79,180,49,Zamora,49052,Coomonte,4905201,49:49052:M,False
4905301001,79,1058,49,Zamora,49053,Coreses,4905301,49:49053:M,False
4905401001,79,934,49,Zamora,49054,Corrales del Vino,4905401,49:49054:M,False
4905801001,79,295,49,Zamora,49058,"Cubo de Tierra del Vino, El",4905801,49:49058:M,False
4905901001,79,78,49,Zamora,49059,Cuelgamures,4905901,49:49059:M,False
4906101001,79,133,49,Zamora,49061,Entrala,4906101,49:49061:M,False
4906401001,79,487,49,Zamora,49064,Fariza,4906401,49:49064:M,False
4906501001,79,1130,49,Zamora,49065,Fermoselle,4906501,49:49065:M,False
4907701001,79,138,49,Zamora,49077,Fresno de Sayago,4907701,49:49077:M,False
4909201001,79,105,49,Zamora,49092,Granucillo,4909201,49:49092:M,False
4909901001,79,90,49,Zamora,49099,Losacio,4909901,49:49099:M,False
4910101001,79,148,49,Zamora,49101,Luelmo,4910101,49:49101:M,False
4910301001,79,464,49,Zamora,49103,Madridanos,4910301,49:49103:M,False
4910801001,79,440,49,Zamora,49108,Manganeses de la Lampreana,4910801,49:49108:M,False
4911101001,79,120,49,Zamora,49111,Manzanal del Barco,4911101,49:49111:M,False
4911501001,79,140,49,Zamora,49115,Mayalde,4911501,49:49115:M,False
4911701001,79,404,49,Zamora,49117,Micereces de Tera,4911701,49:49117:M,False
4911801001,79,206,49,Zamora,49118,Milles de la Polvorosa,4911801,49:49118:M,False
4912201001,79,1001,49,Zamora,49122,Monfarracinos,4912201,49:49122:M,False
4912301001,79,549,49,Zamora,49123,Montamarta,4912301,49:49123:M,False
4912501001,79,1803,49,Zamora,49125,Moraleja del Vino,4912501,49:49125:M,False
4912601001,79,301,49,Zamora,49126,Moraleja de Sayago,4912601,49:49126:M,False
4912701001,79,1255,49,Zamora,49127,Morales del Vino,4912701,49:49127:M,False
4912701002,79,1787,49,Zamora,49127,Morales del Vino,4912701,49:49127:M,False
4913001001,79,156,49,Zamora,49130,Morales de Valverde,4913001,49:49130:M,False
4913201001,79,317,49,Zamora,49132,Moreruela de los Infanzones,4913201,49:49132:M,False
4913501001,79,591,49,Zamora,49135,Muelas del Pan,4913501,49:49135:M,False
4913701001,79,157,49,Zamora,49137,Navianos de Valverde,4913701,49:49137:M,False
4914101001,79,282,49,Zamora,49141,Pajares de la Lampreana,4914101,49:49141:M,False
4914201001,79,249,49,Zamora,49142,Palacios del Pan,4914201,49:49142:M,False
4914801001,79,247,49,Zamora,49148,Peleas de Abajo,4914801,49:49148:M,False
4914901001,79,386,49,Zamora,49149,Peñausende,4914901,49:49149:M,False
4915101001,79,672,49,Zamora,49151,"Perdigón, El",4915101,49:49151:M,False
4915201001,79,500,49,Zamora,49152,Pereruela,4915201,49:49152:M,False
4915301001,79,150,49,Zamora,49153,Perilla de Castro,4915301,49:49153:M,False
4916401001,79,150,49,Zamora,49164,Pozuelo de Tábara,4916401,49:49164:M,False
4916701001,79,173,49,Zamora,49167,Pueblica de Valverde,4916701,49:49167:M,False
4917101001,79,618,49,Zamora,49171,Quiruelas de Vidriales,4917101,49:49171:M,False
4918001001,79,136,49,Zamora,49180,Roelos de Sayago,4918001,49:49180:M,False
4918301001,79,83,49,Zamora,49183,Salce,4918301,49:49183:M,False
4918501001,79,164,49,Zamora,49185,San Agustín del Pozo,4918501,49:49185:M,False
4918601001,79,251,49,Zamora,49186,San Cebrián de Castro,4918601,49:49186:M,False
4919001001,79,47,49,Zamora,49190,San Martín de Valderaduey,4919001,49:49190:M,False
4919401001,79,317,49,Zamora,49194,San Pedro de la Nave-Almendra,4919401,49:49194:M,False
4921601001,79,128,49,Zamora,49216,Tapioles,4921601,49:49216:M,False
4922101001,79,227,49,Zamora,49221,Torregamones,4922101,49:49221:M,False
4923301001,79,79,49,Zamora,49233,Vegalatrave,4923301,49:49233:M,False
4923601001,79,74,49,Zamora,49236,Vidayanes,4923601,49:49236:M,False
4923701001,79,132,49,Zamora,49237,Videmala,4923701,49:49237:M,False
4924201001,79,427,49,Zamora,49242,Villafáfila,4924201,49:49242:M,False
4924301001,79,105,49,Zamora,49243,Villaferrueña,4924301,49:49243:M,False
4925601001,79,256,49,Zamora,49256,Villanázar,4925601,49:49256:M,False
4925801001,79,115,49,Zamora,49258,Villanueva de Campeán,4925801,49:49258:M,False
4925901001,79,84,49,Zamora,49259,Villanueva de las Peras,4925901,49:49259:M,False
4926101001,79,1787,49,Zamora,49261,Villaralbo,4926101,49:49261:M,False
4926401001,79,485,49,Zamora,49264,Villar del Buey,4926401,49:49264:M,False
4926501001,79,110,49,Zamora,49265,Villardiegua de la Ribera,4926501,49:49265:M,False
4926601001,79,62,49,Zamora,49266,Villárdiga,4926601,49:49266:M,False
4926801001,79,386,49,Zamora,49268,Villarrín de Campos,4926801,49:49268:M,False
4927101001,79,163,49,Zamora,49271,Villaveza del Agua,4927101,49:49271:M,False
4900301001,80,1110,49,Zamora,49003,Alcañices,4900301,49:49003:M,False
4900401001,80,109,49,Zamora,49004,Alcubilla de Nogales,4900401,49:49004:M,False
4901501001,80,186,49,Zamora,49015,Arrabalde,4901501,49:49015:M,False
4901701001,80,252,49,Zamora,49017,Asturianos,4901701,49:49017:M,False
4901801001,80,264,49,Zamora,49018,Ayoó de Vidriales,4901801,49:49018:M,False
4902301001,80,1038,49,Zamora,49023,Bermillo de Sayago,4902301,49:49023:M,False
4902501001,80,163,49,Zamora,49025,Bretó,4902501,49:49025:M,False
4902601001,80,194,49,Zamora,49026,Bretocino,4902601,49:49026:M,False
4902701001,80,114,49,Zamora,49027,Brime de Sog,4902701,49:49027:M,False
4902901001,80,593,49,Zamora,49029,Burganes de Valverde,4902901,49:49029:M,False
4903201001,80,278,49,Zamora,49032,Calzadilla de Tera,4903201,49:49032:M,False
4903301001,80,745,49,Zamora,49033,Camarzana de Tera,4903301,49:49033:M,False
4903701001,80,178,49,Zamora,49037,Carbellino,4903701,49:49037:M,False
4904801001,80,105,49,Zamora,49048,Cernadilla,4904801,49:49048:M,False
4905001001,80,543,49,Zamora,49050,Cobreros,4905001,49:49050:M,False
4905701001,80,117,49,Zamora,49057,Cubo de Benavente,4905701,49:49057:M,False
4906201001,80,109,49,Zamora,49062,Espadañedo,4906201,49:49062:M,False
4906301001,80,317,49,Zamora,49063,Faramontanos de Tábara,4906301,49:49063:M,False
4906601001,80,461,49,Zamora,49066,Ferreras de Abajo,4906601,49:49066:M,False
4906701001,80,353,49,Zamora,49067,Ferreras de Arriba,4906701,49:49067:M,False
4906801001,80,409,49,Zamora,49068,Ferreruela,4906801,49:49068:M,False
4906901001,80,310,49,Zamora,49069,Figueruela de Arriba,4906901,49:49069:M,False
4907101001,80,794,49,Zamora,49071,Fonfría,4907101,49:49071:M,False
4907801001,80,121,49,Zamora,49078,Friera de Valverde,4907801,49:49078:M,False
4907901001,80,93,49,Zamora,49079,Fuente Encalada,4907901,49:49079:M,False
4908501001,80,1021,49,Zamora,49085,Galende,4908501,49:49085:M,False
4908701001,80,455,49,Zamora,49087,Gallegos del Río,4908701,49:49087:M,False
4908801001,80,90,49,Zamora,49088,Gamones,4908801,49:49088:M,False
4909101001,80,230,49,Zamora,49091,Granja de Moreruela,4909101,49:49091:M,False
4909401001,80,210,49,Zamora,49094,Hermisende,4909401,49:49094:M,False
4909701001,80,75,49,Zamora,49097,Justel,4909701,49:49097:M,False
4909801001,80,188,49,Zamora,49098,Losacino,4909801,49:49098:M,False
4910001001,80,297,49,Zamora,49100,Lubián,4910001,49:49100:M,False
4910401001,80,299,49,Zamora,49104,Mahide,4910401,49:49104:M,False
4911001001,80,332,49,Zamora,49110,Manzanal de Arriba,4911001,49:49110:M,False
4911201001,80,133,49,Zamora,49112,Manzanal de los Infantes,4911201,49:49112:M,False
4911601001,80,334,49,Zamora,49116,Melgar de Tera,4911601,49:49116:M,False
4912001001,80,47,49,Zamora,49120,Molezuelas de la Carballeda,4912001,49:49120:M,False
4912101001,80,391,49,Zamora,49121,Mombuey,4912101,49:49121:M,False
4912401001,80,266,49,Zamora,49124,Moral de Sayago,4912401,49:49124:M,False
4913101001,80,211,49,Zamora,49131,Moralina,4913101,49:49131:M,False
4913301001,80,290,49,Zamora,49133,Moreruela de Tábara,4913301,49:49133:M,False
4913401001,80,184,49,Zamora,49134,Muelas de los Caballeros,4913401,49:49134:M,False
4913601001,80,318,49,Zamora,49136,Muga de Sayago,4913601,49:49136:M,False
4913801001,80,182,49,Zamora,49138,Olmillos de Castro,4913801,49:49138:M,False
4913901001,80,166,49,Zamora,49139,Otero de Bodas,4913901,49:49139:M,False
4914301001,80,236,49,Zamora,49143,Palacios de Sanabria,4914301,49:49143:M,False
4914501001,80,198,49,Zamora,49145,Pedralba de la Pradería,4914501,49:49145:M,False
4915001001,80,111,49,Zamora,49150,Peque,4915001,49:49150:M,False
4915401001,80,91,49,Zamora,49154,Pías,4915401,49:49154:M,False
4915701001,80,173,49,Zamora,49157,Pino del Oro,4915701,49:49157:M,False
4916201001,80,146,49,Zamora,49162,Porto,4916201,49:49162:M,False
4916601001,80,1388,49,Zamora,49166,Puebla de Sanabria,4916601,49:49166:M,False
4917201001,80,498,49,Zamora,49172,Rabanales,4917201,49:49172:M,False
4917301001,80,312,49,Zamora,49173,Rábano de Aliste,4917301,49:49173:M,False
4917401001,80,106,49,Zamora,49174,Requejo,4917401,49:49174:M,False
4917601001,80,589,49,Zamora,49176,Riofrío de Aliste,4917601,49:49176:M,False
4917701001,80,224,49,Zamora,49177,Rionegro del Puente,4917701,49:49177:M,False
4917901001,80,378,49,Zamora,49179,Robleda-Cervantes,4917901,49:49179:M,False
4918101001,80,292,49,Zamora,49181,Rosinos de la Requejada,4918101,49:49181:M,False
4918401001,80,158,49,Zamora,49184,Samir de los Caños,4918401,49:49184:M,False
4918901001,80,207,49,Zamora,49189,San Justo,4918901,49:49189:M,False
4919301001,80,419,49,Zamora,49193,San Pedro de Ceque,4919301,49:49193:M,False
4920101001,80,254,49,Zamora,49201,Santa Croya de Tera,4920101,49:49201:M,False
4920201001,80,169,49,Zamora,49202,Santa Eufemia del Barco,4920201,49:49202:M,False
4920401001,80,49,49,Zamora,49204,Santa María de Valverde,4920401,49:49204:M,False
4920501001,80,350,49,Zamora,49205,Santibáñez de Tera,4920501,49:49205:M,False
4920601001,80,852,49,Zamora,49206,Santibáñez de Vidriales,4920601,49:49206:M,False
4920701001,80,218,49,Zamora,49207,Santovenia,4920701,49:49207:M,False
4920801001,80,308,49,Zamora,49208,San Vicente de la Cabeza,4920801,49:49208:M,False
4920901001,80,422,49,Zamora,49209,San Vitero,4920901,49:49209:M,False
4921401001,80,748,49,Zamora,49214,Tábara,4921401,49:49214:M,False
4922301001,80,841,49,Zamora,49223,Trabazos,4922301,49:49223:M,False
4922401001,80,164,49,Zamora,49224,Trefacio,4922401,49:49224:M,False
4922501001,80,118,49,Zamora,49225,Uña de Quintana,4922501,49:49225:M,False
4923101001,80,264,49,Zamora,49231,Vega de Tera,4923101,49:49231:M,False
4924001001,80,165,49,Zamora,49240,Villadepera,4924001,49:49240:M,False
4924401001,80,63,49,Zamora,49244,Villageriz,4924401,49:49244:M,False
4924701001,80,380,49,Zamora,49247,Villalcampo,4924701,49:49247:M,False
4926201001,80,391,49,Zamora,49262,Villardeciervos,4926201,49:49262:M,False
4926901001,80,202,49,Zamora,49269,Villaseco del Pan,4926901,49:49269:M,False
4927201001,80,72,49,Zamora,49272,Villaveza de Valverde,4927201,49:49272:M,False
4927301001,80,148,49,Zamora,49273,Viñas,4927301,49:49273:M,False
4900201001,81,59,49,Zamora,49002,Abezames,4900201,49:49002:M,False
4900601001,81,131,49,Zamora,49006,Algodre,4900601,49:49006:M,False
4900901001,81,405,49,Zamora,49009,Andavías,4900901,49:49009:M,False
4901301001,81,215,49,Zamora,49013,Argujillo,4901301,49:49013:M,False
4901401001,81,108,49,Zamora,49014,Arquillinos,4901401,49:49014:M,False
4901601001,81,222,49,Zamora,49016,Aspariegos,4901601,49:49016:M,False
4902001001,81,252,49,Zamora,49020,Belver de los Montes,4902001,49:49020:M,False
4902201001,81,267,49,Zamora,49022,Benegiles,4902201,49:49022:M,False
4902401001,81,680,49,Zamora,49024,"Bóveda de Toro, La",4902401,49:49024:M,False
4903001001,81,75,49,Zamora,49030,Bustillo del Oro,4903001,49:49030:M,False
4903401001,81,409,49,Zamora,49034,Cañizal,4903401,49:49034:M,False
4903501001,81,197,49,Zamora,49035,Cañizo,4903501,49:49035:M,False
4904001001,81,136,49,Zamora,49040,Castrillo de la Guareña,4904001,49:49040:M,False
4904201001,81,216,49,Zamora,49042,Castronuevo,4904201,49:49042:M,False
4904701001,81,112,49,Zamora,49047,Cerecinos del Carrizal,4904701,49:49047:M,False
4905501001,81,80,49,Zamora,49055,Cotanes del Monte,4905501,49:49055:M,False
4905601001,81,293,49,Zamora,49056,Cubillos,4905601,49:49056:M,False
4907601001,81,327,49,Zamora,49076,Fresno de la Ribera,4907601,49:49076:M,False
4908001001,81,587,49,Zamora,49080,Fuentelapeña,4908001,49:49080:M,False
4908101001,81,875,49,Zamora,49081,Fuentesaúco,4908101,49:49081:M,False
4908102001,81,720,49,Zamora,49081,Fuentesaúco,4908102,49:49081:M,False
4908301001,81,43,49,Zamora,49083,Fuentesecas,4908301,49:49083:M,False
4908401001,81,267,49,Zamora,49084,Fuentespreadas,4908401,49:49084:M,False
4908601001,81,118,49,Zamora,49086,Gallegos del Pan,4908601,49:49086:M,False
4909001001,81,202,49,Zamora,49090,Gema,4909001,49:49090:M,False
4909301001,81,315,49,Zamora,49093,Guarrate,4909301,49:49093:M,False
4909501001,81,294,49,Zamora,49095,"Hiniesta, La",4909501,49:49095:M,False
4909601001,81,149,49,Zamora,49096,Jambrina,4909601,49:49096:M,False
4910201001,81,171,49,Zamora,49102,"Maderal, El",4910201,49:49102:M,False
4910701001,81,92,49,Zamora,49107,Malva,4910701,49:49107:M,False
4911401001,81,33,49,Zamora,49114,Matilla la Seca,4911401,49:49114:M,False
4911901001,81,221,49,Zamora,49119,Molacillos,4911901,49:49119:M,False
4912901001,81,926,49,Zamora,49129,Morales de Toro,4912901,49:49129:M,False
4914601001,81,268,49,Zamora,49146,"Pego, El",4914601,49:49146:M,False
4914701001,81,285,49,Zamora,49147,Peleagonzalo,4914701,49:49147:M,False
4915501001,81,104,49,Zamora,49155,Piedrahita de Castro,4915501,49:49155:M,False
4915601001,81,186,49,Zamora,49156,Pinilla de Toro,4915601,49:49156:M,False
4915801001,81,212,49,Zamora,49158,"Piñero, El",4915801,49:49158:M,False
4916001001,81,34,49,Zamora,49160,Pobladura de Valderaduey,4916001,49:49160:M,False
4916301001,81,189,49,Zamora,49163,Pozoantiguo,4916301,49:49163:M,False
4916801001,81,93,49,Zamora,49168,Quintanilla del Monte,4916801,49:49168:M,False
4917801001,81,1026,49,Zamora,49178,Roales,4917801,49:49178:M,False
4919101001,81,253,49,Zamora,49191,San Miguel de la Ribera,4919101,49:49191:M,False
4919701001,81,153,49,Zamora,49197,Santa Clara de Avedillo,4919701,49:49197:M,False
4921001001,81,456,49,Zamora,49210,Sanzoles,4921001,49:49210:M,False
4921901001,81,1125,49,Zamora,49219,Toro,4921901,49:49219:M,False
4921901002,81,672,49,Zamora,49219,Toro,4921901,49:49219:M,False
4921901003,81,932,49,Zamora,49219,Toro,4921901,49:49219:M,False
4921902001,81,873,49,Zamora,49219,Toro,4921902,49:49219:M,False
4921902002,81,1073,49,Zamora,49219,Toro,4921902,49:49219:M,False
4921902003,81,1142,49,Zamora,49219,Toro,4921902,49:49219:M,False
4921902004,81,1564,49,Zamora,49219,Toro,4921902,49:49219:M,False
4921903001,81,968,49,Zamora,49219,Toro,4921903,49:49219:M,False
4922201001,81,415,49,Zamora,49222,Torres del Carrizal,4922201,49:49222:M,False
4922601001,81,240,49,Zamora,49226,Vadillo de la Guareña,4922601,49:49226:M,False
4922701001,81,415,49,Zamora,49227,Valcabado,4922701,49:49227:M,False
4922801001,81,60,49,Zamora,49228,Valdefinjas,4922801,49:49228:M,False
4923001001,81,67,49,Zamora,49230,Vallesa de la Guareña,4923001,49:49230:M,False
4923401001,81,449,49,Zamora,49234,Venialbo,4923401,49:49234:M,False
4923501001,81,423,49,Zamora,49235,Vezdemarbán,4923501,49:49235:M,False
4923901001,81,574,49,Zamora,49239,Villabuena del Puente,4923901,49:49239:M,False
4924101001,81,239,49,Zamora,49241,Villaescusa,4924101,49:49241:M,False
4924501001,81,241,49,Zamora,49245,Villalazán,4924501,49:49245:M,False
4924601001,81,213,49,Zamora,49246,Villalba de la Lampreana,4924601,49:49246:M,False
4924901001,81,81,49,Zamora,49249,Villalonso,4924901,49:49249:M,False
4925001001,81,1427,49,Zamora,49250,Villalpando,4925001,49:49250:M,False
4925101001,81,143,49,Zamora,49251,Villalube,4925101,49:49251:M,False
4925501001,81,365,49,Zamora,49255,Villamor de los Escuderos,4925501,49:49255:M,False
4926701001,81,111,49,Zamora,49267,Villardondiego,4926701,49:49267:M,False
4927001001,81,152,49,Zamora,49270,Villavendimio,4927001,49:49270:M,False
